mode: atomic
github.com/subhasundardass/retui/retui/elements.go:29.65,31.25 2 717
github.com/subhasundardass/retui/retui/elements.go:31.25,33.3 1 314
github.com/subhasundardass/retui/retui/elements.go:34.2,35.26 2 717
github.com/subhasundardass/retui/retui/elements.go:35.26,37.3 1 671
github.com/subhasundardass/retui/retui/elements.go:39.2,66.3 1 717
github.com/subhasundardass/retui/retui/elements.go:69.45,75.2 1 1258
github.com/subhasundardass/retui/retui/elements.go:80.54,86.2 1 0
github.com/subhasundardass/retui/retui/elements.go:92.52,99.2 1 0
github.com/subhasundardass/retui/retui/elements.go:105.67,106.15 1 0
github.com/subhasundardass/retui/retui/elements.go:106.15,108.3 1 0
github.com/subhasundardass/retui/retui/elements.go:109.2,109.16 1 0
github.com/subhasundardass/retui/retui/elements.go:113.58,114.15 1 0
github.com/subhasundardass/retui/retui/elements.go:114.15,116.3 1 0
github.com/subhasundardass/retui/retui/elements.go:117.2,117.15 1 0
github.com/subhasundardass/retui/retui/elements.go:123.53,132.2 3 0
github.com/subhasundardass/retui/retui/elements.go:142.53,149.2 1 4
github.com/subhasundardass/retui/retui/elements.go:153.23,161.2 1 0
github.com/subhasundardass/retui/retui/focus.go:73.38,81.2 1 1
github.com/subhasundardass/retui/retui/focus.go:100.49,104.36 3 0
github.com/subhasundardass/retui/retui/focus.go:104.36,106.3 1 0
github.com/subhasundardass/retui/retui/focus.go:108.2,109.13 2 0
github.com/subhasundardass/retui/retui/focus.go:115.41,119.2 3 0
github.com/subhasundardass/retui/retui/focus.go:128.50,132.2 3 0
github.com/subhasundardass/retui/retui/focus.go:148.62,151.14 3 0
github.com/subhasundardass/retui/retui/focus.go:151.14,153.3 1 0
github.com/subhasundardass/retui/retui/focus.go:153.8,155.3 1 0
github.com/subhasundardass/retui/retui/focus.go:156.2,156.14 1 0
github.com/subhasundardass/retui/retui/focus.go:156.14,158.3 1 0
github.com/subhasundardass/retui/retui/focus.go:159.2,161.13 2 0
github.com/subhasundardass/retui/retui/focus.go:161.13,163.3 1 0
github.com/subhasundardass/retui/retui/focus.go:167.51,171.2 3 0
github.com/subhasundardass/retui/retui/focus.go:183.58,186.12 3 0
github.com/subhasundardass/retui/retui/focus.go:186.12,188.3 1 0
github.com/subhasundardass/retui/retui/focus.go:188.8,190.3 1 0
github.com/subhasundardass/retui/retui/focus.go:191.2,191.12 1 0
github.com/subhasundardass/retui/retui/focus.go:191.12,193.3 1 0
github.com/subhasundardass/retui/retui/focus.go:194.2,196.13 2 0
github.com/subhasundardass/retui/retui/focus.go:196.13,198.3 1 0
github.com/subhasundardass/retui/retui/focus.go:202.49,206.2 3 0
github.com/subhasundardass/retui/retui/focus.go:218.62,221.14 3 0
github.com/subhasundardass/retui/retui/focus.go:221.14,223.3 1 0
github.com/subhasundardass/retui/retui/focus.go:223.8,225.3 1 0
github.com/subhasundardass/retui/retui/focus.go:226.2,228.13 2 0
github.com/subhasundardass/retui/retui/focus.go:228.13,230.3 1 0
github.com/subhasundardass/retui/retui/focus.go:234.51,238.2 3 0
github.com/subhasundardass/retui/retui/focus.go:244.53,245.21 1 0
github.com/subhasundardass/retui/retui/focus.go:245.21,247.3 1 0
github.com/subhasundardass/retui/retui/focus.go:249.2,249.21 1 0
github.com/subhasundardass/retui/retui/focus.go:249.21,251.3 1 0
github.com/subhasundardass/retui/retui/focus.go:254.2,255.18 2 0
github.com/subhasundardass/retui/retui/focus.go:260.52,262.2 1 0
github.com/subhasundardass/retui/retui/focus.go:268.80,269.23 1 0
github.com/subhasundardass/retui/retui/focus.go:269.23,271.3 1 0
github.com/subhasundardass/retui/retui/focus.go:273.2,274.13 2 0
github.com/subhasundardass/retui/retui/focus.go:274.13,276.3 1 0
github.com/subhasundardass/retui/retui/focus.go:278.2,278.37 1 0
github.com/subhasundardass/retui/retui/focus.go:278.37,280.20 2 0
github.com/subhasundardass/retui/retui/focus.go:280.20,282.4 1 0
github.com/subhasundardass/retui/retui/focus.go:283.3,284.24 2 0
github.com/subhasundardass/retui/retui/focus.go:284.24,286.4 1 0
github.com/subhasundardass/retui/retui/focus.go:289.2,289.11 1 0
github.com/subhasundardass/retui/retui/focus.go:309.55,312.27 2 0
github.com/subhasundardass/retui/retui/focus.go:312.27,313.15 1 0
github.com/subhasundardass/retui/retui/focus.go:313.15,315.4 1 0
github.com/subhasundardass/retui/retui/focus.go:316.3,316.15 1 0
github.com/subhasundardass/retui/retui/focus.go:316.15,318.4 1 0
github.com/subhasundardass/retui/retui/focus.go:319.3,319.18 1 0
github.com/subhasundardass/retui/retui/focus.go:322.2,325.12 4 0
github.com/subhasundardass/retui/retui/focus.go:339.38,344.21 3 0
github.com/subhasundardass/retui/retui/focus.go:344.21,346.3 1 0
github.com/subhasundardass/retui/retui/focus.go:348.2,348.23 1 0
github.com/subhasundardass/retui/retui/focus.go:348.23,350.3 1 0
github.com/subhasundardass/retui/retui/focus.go:352.2,353.13 2 0
github.com/subhasundardass/retui/retui/focus.go:353.13,355.75 1 0
github.com/subhasundardass/retui/retui/focus.go:355.75,357.4 1 0
github.com/subhasundardass/retui/retui/focus.go:358.3,358.19 1 0
github.com/subhasundardass/retui/retui/focus.go:361.2,362.16 2 0
github.com/subhasundardass/retui/retui/focus.go:362.16,364.3 1 0
github.com/subhasundardass/retui/retui/focus.go:365.2,365.18 1 0
github.com/subhasundardass/retui/retui/focus.go:379.38,384.21 3 0
github.com/subhasundardass/retui/retui/focus.go:384.21,386.3 1 0
github.com/subhasundardass/retui/retui/focus.go:388.2,388.23 1 0
github.com/subhasundardass/retui/retui/focus.go:388.23,390.3 1 0
github.com/subhasundardass/retui/retui/focus.go:392.2,393.13 2 0
github.com/subhasundardass/retui/retui/focus.go:393.13,395.62 1 0
github.com/subhasundardass/retui/retui/focus.go:395.62,397.4 1 0
github.com/subhasundardass/retui/retui/focus.go:398.3,398.19 1 0
github.com/subhasundardass/retui/retui/focus.go:401.2,402.16 2 0
github.com/subhasundardass/retui/retui/focus.go:402.16,404.3 1 0
github.com/subhasundardass/retui/retui/focus.go:405.2,405.18 1 0
github.com/subhasundardass/retui/retui/focus.go:409.47,410.28 1 0
github.com/subhasundardass/retui/retui/focus.go:410.28,411.14 1 0
github.com/subhasundardass/retui/retui/focus.go:411.14,413.4 1 0
github.com/subhasundardass/retui/retui/focus.go:415.2,415.11 1 0
github.com/subhasundardass/retui/retui/focus.go:438.45,442.21 3 0
github.com/subhasundardass/retui/retui/focus.go:442.21,444.3 1 0
github.com/subhasundardass/retui/retui/focus.go:446.2,450.16 2 0
github.com/subhasundardass/retui/retui/focus.go:466.42,470.23 3 0
github.com/subhasundardass/retui/retui/focus.go:470.23,472.3 1 0
github.com/subhasundardass/retui/retui/focus.go:475.2,479.30 4 0
github.com/subhasundardass/retui/retui/focus.go:479.30,480.60 1 0
github.com/subhasundardass/retui/retui/focus.go:480.60,482.4 1 0
github.com/subhasundardass/retui/retui/focus.go:485.2,485.18 1 0
github.com/subhasundardass/retui/retui/focus.go:507.48,511.36 3 0
github.com/subhasundardass/retui/retui/focus.go:511.36,513.3 1 0
github.com/subhasundardass/retui/retui/focus.go:515.2,515.16 1 0
github.com/subhasundardass/retui/retui/focus.go:524.39,528.2 3 0
github.com/subhasundardass/retui/retui/focus.go:533.44,537.2 3 0
github.com/subhasundardass/retui/retui/focus.go:546.51,550.2 3 0
github.com/subhasundardass/retui/retui/focus.go:603.79,605.20 2 13
github.com/subhasundardass/retui/retui/focus.go:605.20,607.3 1 13
github.com/subhasundardass/retui/retui/focus.go:611.2,611.41 1 0
github.com/subhasundardass/retui/retui/focus.go:611.41,613.3 1 0
github.com/subhasundardass/retui/retui/focus.go:616.2,616.49 1 0
github.com/subhasundardass/retui/retui/focus.go:616.49,617.30 1 0
github.com/subhasundardass/retui/retui/focus.go:617.30,619.4 1 0
github.com/subhasundardass/retui/retui/focus.go:620.8,622.17 1 0
github.com/subhasundardass/retui/retui/focus.go:622.17,624.4 1 0
github.com/subhasundardass/retui/retui/focus.go:628.2,628.18 1 0
github.com/subhasundardass/retui/retui/focus.go:628.18,630.3 1 0
github.com/subhasundardass/retui/retui/focus.go:632.2,633.18 2 0
github.com/subhasundardass/retui/retui/focus.go:644.31,646.2 1 0
github.com/subhasundardass/retui/retui/focus.go:649.28,651.2 1 0
github.com/subhasundardass/retui/retui/focus.go:654.32,656.2 1 0
github.com/subhasundardass/retui/retui/focus.go:659.42,661.2 1 0
github.com/subhasundardass/retui/retui/focus.go:664.18,666.2 1 0
github.com/subhasundardass/retui/retui/focus.go:669.18,671.2 1 0
github.com/subhasundardass/retui/retui/focus.go:674.27,676.2 1 0
github.com/subhasundardass/retui/retui/focus.go:679.17,681.2 1 0
github.com/subhasundardass/retui/retui/focus.go:684.30,686.2 1 0
github.com/subhasundardass/retui/retui/focus.go:689.21,691.2 1 0
github.com/subhasundardass/retui/retui/focus.go:694.29,696.2 1 0
github.com/subhasundardass/retui/retui/focus.go:699.38,701.2 1 0
github.com/subhasundardass/retui/retui/focus.go:704.44,706.2 1 0
github.com/subhasundardass/retui/retui/focus.go:709.33,711.2 1 0
github.com/subhasundardass/retui/retui/focus.go:714.40,716.2 1 0
github.com/subhasundardass/retui/retui/focus.go:719.31,721.2 1 0
github.com/subhasundardass/retui/retui/focus.go:724.44,726.2 1 0
github.com/subhasundardass/retui/retui/focus.go:729.33,731.2 1 0
github.com/subhasundardass/retui/retui/form.go:45.41,48.22 2 0
github.com/subhasundardass/retui/retui/form.go:48.22,55.3 1 0
github.com/subhasundardass/retui/retui/form.go:57.2,57.18 1 0
github.com/subhasundardass/retui/retui/form.go:64.22,66.15 2 0
github.com/subhasundardass/retui/retui/form.go:66.15,68.3 1 0
github.com/subhasundardass/retui/retui/form.go:69.2,69.18 1 0
github.com/subhasundardass/retui/retui/form.go:77.30,81.2 3 0
github.com/subhasundardass/retui/retui/form.go:85.34,87.36 2 0
github.com/subhasundardass/retui/retui/form.go:87.36,90.3 2 0
github.com/subhasundardass/retui/retui/form.go:91.2,96.15 5 0
github.com/subhasundardass/retui/retui/form.go:96.15,98.3 1 0
github.com/subhasundardass/retui/retui/form.go:99.2,99.17 1 0
github.com/subhasundardass/retui/retui/form.go:114.40,116.36 2 0
github.com/subhasundardass/retui/retui/form.go:116.36,119.3 2 0
github.com/subhasundardass/retui/retui/form.go:120.2,123.17 3 0
github.com/subhasundardass/retui/retui/form.go:129.64,131.32 2 0
github.com/subhasundardass/retui/retui/form.go:131.32,133.3 1 0
github.com/subhasundardass/retui/retui/form.go:134.2,135.22 2 0
github.com/subhasundardass/retui/retui/form.go:135.22,137.3 1 0
github.com/subhasundardass/retui/retui/form.go:138.2,138.21 1 0
github.com/subhasundardass/retui/retui/form.go:138.21,140.3 1 0
github.com/subhasundardass/retui/retui/form.go:141.2,141.19 1 0
github.com/subhasundardass/retui/retui/form.go:153.58,157.16 3 0
github.com/subhasundardass/retui/retui/form.go:157.16,160.3 2 0
github.com/subhasundardass/retui/retui/form.go:162.2,163.43 2 0
github.com/subhasundardass/retui/retui/form.go:163.43,166.3 2 0
github.com/subhasundardass/retui/retui/form.go:168.2,175.15 7 0
github.com/subhasundardass/retui/retui/form.go:175.15,177.3 1 0
github.com/subhasundardass/retui/retui/form.go:178.2,179.12 2 0
github.com/subhasundardass/retui/retui/form.go:187.64,191.16 3 0
github.com/subhasundardass/retui/retui/form.go:191.16,194.3 2 0
github.com/subhasundardass/retui/retui/form.go:196.2,197.43 2 0
github.com/subhasundardass/retui/retui/form.go:197.43,200.3 2 0
github.com/subhasundardass/retui/retui/form.go:202.2,206.12 4 0
github.com/subhasundardass/retui/retui/form.go:211.50,216.32 4 0
github.com/subhasundardass/retui/retui/form.go:216.32,218.3 1 0
github.com/subhasundardass/retui/retui/form.go:219.2,220.22 2 0
github.com/subhasundardass/retui/retui/form.go:220.22,222.3 1 0
github.com/subhasundardass/retui/retui/form.go:223.2,223.32 1 0
github.com/subhasundardass/retui/retui/form.go:232.34,236.2 3 0
github.com/subhasundardass/retui/retui/form.go:241.45,245.2 3 0
github.com/subhasundardass/retui/retui/form.go:250.44,254.2 3 0
github.com/subhasundardass/retui/retui/form.go:258.27,266.2 7 0
github.com/subhasundardass/retui/retui/form.go:275.35,282.13 6 0
github.com/subhasundardass/retui/retui/form.go:282.13,284.3 1 0
github.com/subhasundardass/retui/retui/form.go:290.40,294.2 3 0
github.com/subhasundardass/retui/retui/form.go:302.52,304.16 2 0
github.com/subhasundardass/retui/retui/form.go:304.16,306.3 1 0
github.com/subhasundardass/retui/retui/form.go:306.8,308.3 1 0
github.com/subhasundardass/retui/retui/form.go:309.2,310.17 2 0
github.com/subhasundardass/retui/retui/form.go:314.44,318.2 3 0
github.com/subhasundardass/retui/retui/form.go:321.45,325.29 4 0
github.com/subhasundardass/retui/retui/form.go:325.29,327.3 1 0
github.com/subhasundardass/retui/retui/form.go:328.2,328.12 1 0
github.com/subhasundardass/retui/retui/form.go:332.34,336.2 3 0
github.com/subhasundardass/retui/retui/form.go:341.62,348.2 6 0
github.com/subhasundardass/retui/retui/form.go:358.50,360.23 2 0
github.com/subhasundardass/retui/retui/form.go:360.23,364.3 3 0
github.com/subhasundardass/retui/retui/form.go:365.2,368.33 3 0
github.com/subhasundardass/retui/retui/form.go:368.33,370.3 1 0
github.com/subhasundardass/retui/retui/form.go:372.2,373.12 2 0
github.com/subhasundardass/retui/retui/hooks.go:91.20,99.2 4 0
github.com/subhasundardass/retui/retui/hooks.go:111.24,114.28 3 0
github.com/subhasundardass/retui/retui/hooks.go:114.28,115.23 1 0
github.com/subhasundardass/retui/retui/hooks.go:115.23,117.4 1 0
github.com/subhasundardass/retui/retui/hooks.go:129.29,135.2 5 0
github.com/subhasundardass/retui/retui/hooks.go:150.23,161.2 8 0
github.com/subhasundardass/retui/retui/hooks.go:184.46,193.23 4 369
github.com/subhasundardass/retui/retui/hooks.go:193.23,195.3 1 369
github.com/subhasundardass/retui/retui/hooks.go:195.8,198.35 1 0
github.com/subhasundardass/retui/retui/hooks.go:198.35,200.4 1 0
github.com/subhasundardass/retui/retui/hooks.go:202.2,205.25 3 369
github.com/subhasundardass/retui/retui/hooks.go:205.25,209.16 4 53
github.com/subhasundardass/retui/retui/hooks.go:209.16,211.4 1 53
github.com/subhasundardass/retui/retui/hooks.go:214.2,214.24 1 369
github.com/subhasundardass/retui/retui/hooks.go:232.63,237.43 3 22
github.com/subhasundardass/retui/retui/hooks.go:237.43,239.3 1 2
github.com/subhasundardass/retui/retui/hooks.go:240.2,243.25 3 22
github.com/subhasundardass/retui/retui/hooks.go:243.25,247.16 4 0
github.com/subhasundardass/retui/retui/hooks.go:247.16,249.4 1 0
github.com/subhasundardass/retui/retui/hooks.go:252.2,252.24 1 22
github.com/subhasundardass/retui/retui/hooks.go:278.77,283.23 4 0
github.com/subhasundardass/retui/retui/hooks.go:283.23,285.3 1 0
github.com/subhasundardass/retui/retui/hooks.go:285.8,285.41 1 0
github.com/subhasundardass/retui/retui/hooks.go:285.41,287.3 1 0
github.com/subhasundardass/retui/retui/hooks.go:288.2,291.29 3 0
github.com/subhasundardass/retui/retui/hooks.go:291.29,300.16 7 0
github.com/subhasundardass/retui/retui/hooks.go:300.16,302.4 1 0
github.com/subhasundardass/retui/retui/hooks.go:303.3,303.19 1 0
github.com/subhasundardass/retui/retui/hooks.go:306.2,306.26 1 0
github.com/subhasundardass/retui/retui/hooks.go:330.53,334.22 3 0
github.com/subhasundardass/retui/retui/hooks.go:334.22,336.72 2 0
github.com/subhasundardass/retui/retui/hooks.go:336.72,338.4 1 0
github.com/subhasundardass/retui/retui/hooks.go:341.2,343.23 2 0
github.com/subhasundardass/retui/retui/hooks.go:343.23,345.3 1 0
github.com/subhasundardass/retui/retui/hooks.go:345.8,347.3 1 0
github.com/subhasundardass/retui/retui/hooks.go:349.2,349.15 1 0
github.com/subhasundardass/retui/retui/hooks.go:372.26,376.2 3 0
github.com/subhasundardass/retui/retui/hooks.go:380.27,384.2 3 0
github.com/subhasundardass/retui/retui/hooks.go:392.39,399.23 5 0
github.com/subhasundardass/retui/retui/hooks.go:399.23,403.3 3 0
github.com/subhasundardass/retui/retui/hooks.go:405.2,405.39 1 0
github.com/subhasundardass/retui/retui/hooks.go:405.39,407.3 1 0
github.com/subhasundardass/retui/retui/hooks.go:410.2,412.10 3 0
github.com/subhasundardass/retui/retui/hooks.go:445.46,449.25 3 0
github.com/subhasundardass/retui/retui/hooks.go:449.25,452.3 2 0
github.com/subhasundardass/retui/retui/hooks.go:454.2,455.37 2 0
github.com/subhasundardass/retui/retui/hooks.go:455.37,459.3 3 0
github.com/subhasundardass/retui/retui/hooks.go:474.19,486.56 4 0
github.com/subhasundardass/retui/retui/hooks.go:486.56,487.23 1 0
github.com/subhasundardass/retui/retui/hooks.go:487.23,494.4 2 0
github.com/subhasundardass/retui/retui/hooks.go:498.2,499.33 2 0
github.com/subhasundardass/retui/retui/hooks.go:499.33,500.48 1 0
github.com/subhasundardass/retui/retui/hooks.go:500.48,501.33 1 0
github.com/subhasundardass/retui/retui/hooks.go:501.33,503.5 1 0
github.com/subhasundardass/retui/retui/hooks.go:505.3,505.35 1 0
github.com/subhasundardass/retui/retui/hooks.go:513.2,513.30 1 0
github.com/subhasundardass/retui/retui/hooks.go:513.30,515.3 1 0
github.com/subhasundardass/retui/retui/hooks.go:516.2,516.30 1 0
github.com/subhasundardass/retui/retui/hooks.go:516.30,518.3 1 0
github.com/subhasundardass/retui/retui/hooks.go:519.2,522.25 2 0
github.com/subhasundardass/retui/retui/hooks.go:522.25,527.27 4 0
github.com/subhasundardass/retui/retui/hooks.go:527.27,530.4 2 0
github.com/subhasundardass/retui/retui/hooks.go:531.3,531.19 1 0
github.com/subhasundardass/retui/retui/hooks.go:534.2,534.33 1 0
github.com/subhasundardass/retui/retui/hooks.go:534.33,536.3 1 0
github.com/subhasundardass/retui/retui/hooks.go:566.55,568.2 1 0
github.com/subhasundardass/retui/retui/hooks.go:572.70,574.15 2 0
github.com/subhasundardass/retui/retui/hooks.go:574.15,574.53 1 0
github.com/subhasundardass/retui/retui/hooks.go:575.2,575.17 1 0
github.com/subhasundardass/retui/retui/hooks.go:579.41,580.23 1 0
github.com/subhasundardass/retui/retui/hooks.go:580.23,582.3 1 0
github.com/subhasundardass/retui/retui/hooks.go:583.2,583.32 1 0
github.com/subhasundardass/retui/retui/hooks.go:597.28,611.2 11 0
github.com/subhasundardass/retui/retui/hooks.go:620.33,621.22 1 0
github.com/subhasundardass/retui/retui/hooks.go:621.22,623.3 1 0
github.com/subhasundardass/retui/retui/hooks.go:624.2,624.19 1 0
github.com/subhasundardass/retui/retui/hooks.go:624.19,625.33 1 0
github.com/subhasundardass/retui/retui/hooks.go:625.33,627.4 1 0
github.com/subhasundardass/retui/retui/hooks.go:629.2,629.13 1 0
github.com/subhasundardass/retui/retui/hooks.go:632.43,633.15 1 0
github.com/subhasundardass/retui/retui/hooks.go:633.15,634.31 1 0
github.com/subhasundardass/retui/retui/hooks.go:634.31,636.4 1 0
github.com/subhasundardass/retui/retui/hooks.go:638.2,638.32 1 0
github.com/subhasundardass/retui/retui/hooks.go:645.26,646.15 1 0
github.com/subhasundardass/retui/retui/hooks.go:646.15,648.3 1 0
github.com/subhasundardass/retui/retui/hooks.go:649.2,649.15 1 0
github.com/subhasundardass/retui/retui/hooks.go:649.15,650.31 1 0
github.com/subhasundardass/retui/retui/hooks.go:650.31,652.4 1 0
github.com/subhasundardass/retui/retui/hooks.go:654.2,654.6 1 0
github.com/subhasundardass/retui/retui/hooks.go:660.51,661.15 1 0
github.com/subhasundardass/retui/retui/hooks.go:661.15,663.3 1 0
github.com/subhasundardass/retui/retui/hooks.go:664.2,664.15 1 0
github.com/subhasundardass/retui/retui/hooks.go:664.15,665.31 1 0
github.com/subhasundardass/retui/retui/hooks.go:665.31,667.4 1 0
github.com/subhasundardass/retui/retui/hooks.go:669.2,669.13 1 0
github.com/subhasundardass/retui/retui/key.go:117.29,118.17 1 0
github.com/subhasundardass/retui/retui/key.go:118.17,120.3 1 0
github.com/subhasundardass/retui/retui/key.go:124.2,124.48 1 0
github.com/subhasundardass/retui/retui/key.go:124.48,125.15 1 0
github.com/subhasundardass/retui/retui/key.go:127.12,128.27 1 0
github.com/subhasundardass/retui/retui/key.go:129.12,130.29 1 0
github.com/subhasundardass/retui/retui/key.go:131.12,132.30 1 0
github.com/subhasundardass/retui/retui/key.go:133.12,134.29 1 0
github.com/subhasundardass/retui/retui/key.go:135.12,136.33 1 0
github.com/subhasundardass/retui/retui/key.go:139.12,140.27 1 0
github.com/subhasundardass/retui/retui/key.go:141.12,142.27 1 0
github.com/subhasundardass/retui/retui/key.go:143.12,144.27 1 0
github.com/subhasundardass/retui/retui/key.go:145.12,146.27 1 0
github.com/subhasundardass/retui/retui/key.go:149.12,150.29 1 0
github.com/subhasundardass/retui/retui/key.go:151.12,152.28 1 0
github.com/subhasundardass/retui/retui/key.go:155.27,156.34 1 0
github.com/subhasundardass/retui/retui/key.go:156.34,157.17 1 0
github.com/subhasundardass/retui/retui/key.go:158.14,159.33 1 0
github.com/subhasundardass/retui/retui/key.go:160.14,161.33 1 0
github.com/subhasundardass/retui/retui/key.go:162.14,163.33 1 0
github.com/subhasundardass/retui/retui/key.go:164.14,165.35 1 0
github.com/subhasundardass/retui/retui/key.go:172.2,172.48 1 0
github.com/subhasundardass/retui/retui/key.go:172.48,173.15 1 0
github.com/subhasundardass/retui/retui/key.go:174.12,175.27 1 0
github.com/subhasundardass/retui/retui/key.go:176.12,177.27 1 0
github.com/subhasundardass/retui/retui/key.go:178.12,179.27 1 0
github.com/subhasundardass/retui/retui/key.go:180.12,181.27 1 0
github.com/subhasundardass/retui/retui/key.go:184.2,184.63 1 0
github.com/subhasundardass/retui/retui/key.go:184.63,185.15 1 0
github.com/subhasundardass/retui/retui/key.go:186.12,187.19 1 0
github.com/subhasundardass/retui/retui/key.go:187.19,189.5 1 0
github.com/subhasundardass/retui/retui/key.go:190.12,191.19 1 0
github.com/subhasundardass/retui/retui/key.go:191.19,193.5 1 0
github.com/subhasundardass/retui/retui/key.go:194.12,195.19 1 0
github.com/subhasundardass/retui/retui/key.go:195.19,197.5 1 0
github.com/subhasundardass/retui/retui/key.go:198.12,199.19 1 0
github.com/subhasundardass/retui/retui/key.go:199.19,201.5 1 0
github.com/subhasundardass/retui/retui/key.go:205.2,205.63 1 0
github.com/subhasundardass/retui/retui/key.go:205.63,206.15 1 0
github.com/subhasundardass/retui/retui/key.go:207.12,208.19 1 0
github.com/subhasundardass/retui/retui/key.go:208.19,210.5 1 0
github.com/subhasundardass/retui/retui/key.go:211.12,212.19 1 0
github.com/subhasundardass/retui/retui/key.go:212.19,214.5 1 0
github.com/subhasundardass/retui/retui/key.go:215.12,216.19 1 0
github.com/subhasundardass/retui/retui/key.go:216.19,218.5 1 0
github.com/subhasundardass/retui/retui/key.go:219.12,220.19 1 0
github.com/subhasundardass/retui/retui/key.go:220.19,222.5 1 0
github.com/subhasundardass/retui/retui/key.go:228.2,228.33 1 0
github.com/subhasundardass/retui/retui/key.go:228.33,229.35 1 0
github.com/subhasundardass/retui/retui/key.go:229.35,231.4 1 0
github.com/subhasundardass/retui/retui/key.go:232.3,232.35 1 0
github.com/subhasundardass/retui/retui/key.go:232.35,234.4 1 0
github.com/subhasundardass/retui/retui/key.go:239.2,239.14 1 0
github.com/subhasundardass/retui/retui/key.go:240.12,241.30 1 0
github.com/subhasundardass/retui/retui/key.go:242.18,243.29 1 0
github.com/subhasundardass/retui/retui/key.go:244.18,245.33 1 0
github.com/subhasundardass/retui/retui/key.go:246.12,247.27 1 0
github.com/subhasundardass/retui/retui/key.go:248.12,249.29 1 0
github.com/subhasundardass/retui/retui/key.go:250.12,251.29 1 0
github.com/subhasundardass/retui/retui/key.go:257.12,258.29 1 0
github.com/subhasundardass/retui/retui/key.go:259.12,260.29 1 0
github.com/subhasundardass/retui/retui/key.go:261.12,262.29 1 0
github.com/subhasundardass/retui/retui/key.go:263.12,264.29 1 0
github.com/subhasundardass/retui/retui/key.go:265.12,266.29 1 0
github.com/subhasundardass/retui/retui/key.go:267.12,268.29 1 0
github.com/subhasundardass/retui/retui/key.go:272.12,273.29 1 0
github.com/subhasundardass/retui/retui/key.go:274.12,275.29 1 0
github.com/subhasundardass/retui/retui/key.go:277.12,278.29 1 0
github.com/subhasundardass/retui/retui/key.go:279.12,280.29 1 0
github.com/subhasundardass/retui/retui/key.go:281.12,282.29 1 0
github.com/subhasundardass/retui/retui/key.go:283.12,284.29 1 0
github.com/subhasundardass/retui/retui/key.go:285.12,286.29 1 0
github.com/subhasundardass/retui/retui/key.go:287.12,288.29 1 0
github.com/subhasundardass/retui/retui/key.go:289.12,290.29 1 0
github.com/subhasundardass/retui/retui/key.go:291.12,292.29 1 0
github.com/subhasundardass/retui/retui/key.go:293.12,294.29 1 0
github.com/subhasundardass/retui/retui/key.go:295.12,296.29 1 0
github.com/subhasundardass/retui/retui/key.go:297.12,298.29 1 0
github.com/subhasundardass/retui/retui/key.go:299.12,300.29 1 0
github.com/subhasundardass/retui/retui/key.go:301.12,302.29 1 0
github.com/subhasundardass/retui/retui/key.go:307.2,307.30 1 0
github.com/subhasundardass/retui/retui/key.go:324.43,325.17 1 0
github.com/subhasundardass/retui/retui/key.go:325.17,327.3 1 0
github.com/subhasundardass/retui/retui/key.go:330.2,330.18 1 0
github.com/subhasundardass/retui/retui/key.go:330.18,332.3 1 0
github.com/subhasundardass/retui/retui/key.go:335.2,335.17 1 0
github.com/subhasundardass/retui/retui/key.go:335.17,337.3 1 0
github.com/subhasundardass/retui/retui/key.go:340.2,340.32 1 0
github.com/subhasundardass/retui/retui/key.go:340.32,342.3 1 0
github.com/subhasundardass/retui/retui/key.go:345.2,345.30 1 0
github.com/subhasundardass/retui/retui/key.go:345.30,349.41 2 0
github.com/subhasundardass/retui/retui/key.go:349.41,351.4 1 0
github.com/subhasundardass/retui/retui/key.go:355.2,355.15 1 0
github.com/subhasundardass/retui/retui/key.go:359.43,362.17 2 0
github.com/subhasundardass/retui/retui/key.go:362.17,365.16 1 0
github.com/subhasundardass/retui/retui/key.go:365.16,370.15 4 0
github.com/subhasundardass/retui/retui/key.go:370.15,372.5 1 0
github.com/subhasundardass/retui/retui/key.go:374.4,386.12 7 0
github.com/subhasundardass/retui/retui/key.go:389.3,389.37 1 0
github.com/subhasundardass/retui/retui/key.go:389.37,392.12 3 0
github.com/subhasundardass/retui/retui/key.go:395.3,396.13 2 0
github.com/subhasundardass/retui/retui/key.go:396.13,397.9 1 0
github.com/subhasundardass/retui/retui/key.go:400.3,401.12 2 0
github.com/subhasundardass/retui/retui/key.go:404.2,404.13 1 0
github.com/subhasundardass/retui/retui/key.go:410.33,412.2 1 0
github.com/subhasundardass/retui/retui/key.go:415.32,417.2 1 0
github.com/subhasundardass/retui/retui/key.go:420.35,422.2 1 0
github.com/subhasundardass/retui/retui/key.go:425.37,426.16 1 0
github.com/subhasundardass/retui/retui/key.go:427.82,428.14 1 0
github.com/subhasundardass/retui/retui/key.go:429.10,430.15 1 0
github.com/subhasundardass/retui/retui/key.go:435.30,436.17 1 0
github.com/subhasundardass/retui/retui/key.go:436.17,438.3 1 0
github.com/subhasundardass/retui/retui/key.go:439.2,439.16 1 0
github.com/subhasundardass/retui/retui/key.go:440.15,441.16 1 0
github.com/subhasundardass/retui/retui/key.go:442.16,443.17 1 0
github.com/subhasundardass/retui/retui/key.go:444.20,445.21 1 0
github.com/subhasundardass/retui/retui/key.go:446.17,447.18 1 0
github.com/subhasundardass/retui/retui/key.go:448.14,449.15 1 0
github.com/subhasundardass/retui/retui/key.go:450.19,451.20 1 0
github.com/subhasundardass/retui/retui/key.go:452.13,453.14 1 0
github.com/subhasundardass/retui/retui/key.go:454.15,455.16 1 0
github.com/subhasundardass/retui/retui/key.go:456.15,457.16 1 0
github.com/subhasundardass/retui/retui/key.go:458.16,459.17 1 0
github.com/subhasundardass/retui/retui/key.go:460.16,461.17 1 0
github.com/subhasundardass/retui/retui/key.go:462.16,463.17 1 0
github.com/subhasundardass/retui/retui/key.go:464.16,465.17 1 0
github.com/subhasundardass/retui/retui/key.go:466.15,467.16 1 0
github.com/subhasundardass/retui/retui/key.go:468.14,469.15 1 0
github.com/subhasundardass/retui/retui/key.go:470.17,471.18 1 0
github.com/subhasundardass/retui/retui/key.go:472.19,473.20 1 0
github.com/subhasundardass/retui/retui/key.go:474.17,475.18 1 0
github.com/subhasundardass/retui/retui/key.go:476.17,477.18 1 0
github.com/subhasundardass/retui/retui/key.go:478.13,479.14 1 0
github.com/subhasundardass/retui/retui/key.go:480.13,481.14 1 0
github.com/subhasundardass/retui/retui/key.go:482.13,483.14 1 0
github.com/subhasundardass/retui/retui/key.go:484.13,485.14 1 0
github.com/subhasundardass/retui/retui/key.go:486.13,487.14 1 0
github.com/subhasundardass/retui/retui/key.go:488.13,489.14 1 0
github.com/subhasundardass/retui/retui/key.go:490.13,491.14 1 0
github.com/subhasundardass/retui/retui/key.go:492.13,493.14 1 0
github.com/subhasundardass/retui/retui/key.go:494.13,495.14 1 0
github.com/subhasundardass/retui/retui/key.go:496.14,497.15 1 0
github.com/subhasundardass/retui/retui/key.go:498.14,499.15 1 0
github.com/subhasundardass/retui/retui/key.go:500.14,501.15 1 0
github.com/subhasundardass/retui/retui/key.go:502.10,503.47 1 0
github.com/subhasundardass/retui/retui/key.go:503.47,505.4 1 0
github.com/subhasundardass/retui/retui/key.go:506.3,506.45 1 0
github.com/subhasundardass/retui/retui/key.go:506.45,508.4 1 0
github.com/subhasundardass/retui/retui/key.go:509.3,509.19 1 0
github.com/subhasundardass/retui/retui/layout.go:192.34,193.12 1 0
github.com/subhasundardass/retui/retui/layout.go:193.12,195.3 1 0
github.com/subhasundardass/retui/retui/layout.go:196.2,196.12 1 0
github.com/subhasundardass/retui/retui/layout.go:196.12,198.3 1 0
github.com/subhasundardass/retui/retui/layout.go:199.2,199.10 1 0
github.com/subhasundardass/retui/retui/layout.go:208.30,210.2 1 0
github.com/subhasundardass/retui/retui/layout.go:214.59,217.2 2 0
github.com/subhasundardass/retui/retui/layout.go:221.55,225.2 3 0
github.com/subhasundardass/retui/retui/layout.go:230.40,232.2 1 0
github.com/subhasundardass/retui/retui/layout.go:236.63,239.2 2 0
github.com/subhasundardass/retui/retui/layout.go:247.54,250.2 2 0
github.com/subhasundardass/retui/retui/layout.go:253.26,255.2 1 121
github.com/subhasundardass/retui/retui/layout.go:262.25,264.2 1 251
github.com/subhasundardass/retui/retui/layout.go:269.19,271.2 1 985
github.com/subhasundardass/retui/retui/layout.go:283.28,285.2 1 0
github.com/subhasundardass/retui/retui/layout.go:288.56,292.2 3 0
github.com/subhasundardass/retui/retui/layout.go:295.54,298.2 2 0
github.com/subhasundardass/retui/retui/layout.go:301.55,304.2 2 0
github.com/subhasundardass/retui/retui/layout.go:307.72,310.2 2 0
github.com/subhasundardass/retui/retui/layout.go:314.76,320.2 5 0
github.com/subhasundardass/retui/retui/layout.go:323.66,329.2 5 0
github.com/subhasundardass/retui/retui/layout.go:335.75,341.2 5 0
github.com/subhasundardass/retui/retui/layout.go:344.64,350.2 5 0
github.com/subhasundardass/retui/retui/layout.go:354.53,357.2 2 0
github.com/subhasundardass/retui/retui/layout.go:362.65,365.2 2 0
github.com/subhasundardass/retui/retui/layout.go:370.61,373.2 2 0
github.com/subhasundardass/retui/retui/layout.go:390.77,393.2 2 0
github.com/subhasundardass/retui/retui/layout.go:409.58,411.2 1 0
github.com/subhasundardass/retui/retui/layout.go:429.61,436.21 4 0
github.com/subhasundardass/retui/retui/layout.go:436.21,440.3 3 0
github.com/subhasundardass/retui/retui/layout.go:441.2,441.12 1 0
github.com/subhasundardass/retui/retui/layout.go:450.36,451.31 1 0
github.com/subhasundardass/retui/retui/layout.go:451.31,453.3 1 0
github.com/subhasundardass/retui/retui/layout.go:454.2,454.31 1 0
github.com/subhasundardass/retui/retui/layout.go:454.31,455.19 1 0
github.com/subhasundardass/retui/retui/layout.go:455.19,457.4 1 0
github.com/subhasundardass/retui/retui/layout.go:459.2,459.14 1 0
github.com/subhasundardass/retui/retui/layout.go:472.40,473.35 1 0
github.com/subhasundardass/retui/retui/layout.go:473.35,475.3 1 0
github.com/subhasundardass/retui/retui/layout.go:477.2,480.25 3 0
github.com/subhasundardass/retui/retui/layout.go:480.25,482.3 1 0
github.com/subhasundardass/retui/retui/layout.go:484.2,484.28 1 0
github.com/subhasundardass/retui/retui/layout.go:485.19,486.30 1 0
github.com/subhasundardass/retui/retui/layout.go:488.17,489.25 1 0
github.com/subhasundardass/retui/retui/layout.go:489.25,490.37 1 0
github.com/subhasundardass/retui/retui/layout.go:490.37,492.5 1 0
github.com/subhasundardass/retui/retui/layout.go:493.4,493.17 1 0
github.com/subhasundardass/retui/retui/layout.go:494.9,495.37 1 0
github.com/subhasundardass/retui/retui/layout.go:495.37,497.19 2 0
github.com/subhasundardass/retui/retui/layout.go:497.19,499.6 1 0
github.com/subhasundardass/retui/retui/layout.go:503.33,504.12 1 0
github.com/subhasundardass/retui/retui/layout.go:507.2,507.29 1 0
github.com/subhasundardass/retui/retui/layout.go:508.19,509.32 1 0
github.com/subhasundardass/retui/retui/layout.go:511.17,512.25 1 0
github.com/subhasundardass/retui/retui/layout.go:512.25,513.37 1 0
github.com/subhasundardass/retui/retui/layout.go:513.37,515.5 1 0
github.com/subhasundardass/retui/retui/layout.go:516.4,516.18 1 0
github.com/subhasundardass/retui/retui/layout.go:517.9,518.37 1 0
github.com/subhasundardass/retui/retui/layout.go:518.37,520.20 2 0
github.com/subhasundardass/retui/retui/layout.go:520.20,522.6 1 0
github.com/subhasundardass/retui/retui/layout.go:526.33,527.13 1 0
github.com/subhasundardass/retui/retui/layout.go:530.2,530.37 1 0
github.com/subhasundardass/retui/retui/layout.go:530.37,532.3 1 0
github.com/subhasundardass/retui/retui/layout.go:533.2,533.38 1 0
github.com/subhasundardass/retui/retui/layout.go:533.38,535.3 1 0
github.com/subhasundardass/retui/retui/layout.go:537.2,537.63 1 0
github.com/subhasundardass/retui/retui/layout.go:537.63,539.3 1 0
github.com/subhasundardass/retui/retui/layout.go:541.2,541.22 1 0
github.com/subhasundardass/retui/retui/layout.go:545.42,546.16 1 0
github.com/subhasundardass/retui/retui/layout.go:546.16,548.3 1 0
github.com/subhasundardass/retui/retui/layout.go:549.2,549.17 1 0
github.com/subhasundardass/retui/retui/layout.go:553.53,554.16 1 0
github.com/subhasundardass/retui/retui/layout.go:554.16,556.3 1 0
github.com/subhasundardass/retui/retui/layout.go:556.8,558.3 1 0
github.com/subhasundardass/retui/retui/layout.go:562.54,563.16 1 0
github.com/subhasundardass/retui/retui/layout.go:563.16,565.3 1 0
github.com/subhasundardass/retui/retui/layout.go:565.8,567.3 1 0
github.com/subhasundardass/retui/retui/layout.go:571.43,572.16 1 0
github.com/subhasundardass/retui/retui/layout.go:572.16,574.3 1 0
github.com/subhasundardass/retui/retui/layout.go:575.2,575.12 1 0
github.com/subhasundardass/retui/retui/layout.go:579.52,580.16 1 0
github.com/subhasundardass/retui/retui/layout.go:580.16,582.3 1 0
github.com/subhasundardass/retui/retui/layout.go:583.2,583.16 1 0
github.com/subhasundardass/retui/retui/layout.go:587.24,588.11 1 0
github.com/subhasundardass/retui/retui/layout.go:588.11,590.3 1 0
github.com/subhasundardass/retui/retui/layout.go:591.2,591.10 1 0
github.com/subhasundardass/retui/retui/layout.go:596.56,597.16 1 0
github.com/subhasundardass/retui/retui/layout.go:597.16,599.3 1 0
github.com/subhasundardass/retui/retui/layout.go:600.2,600.20 1 0
github.com/subhasundardass/retui/retui/layout.go:605.54,606.16 1 0
github.com/subhasundardass/retui/retui/layout.go:606.16,608.3 1 0
github.com/subhasundardass/retui/retui/layout.go:609.2,609.23 1 0
github.com/subhasundardass/retui/retui/layout.go:614.57,615.16 1 0
github.com/subhasundardass/retui/retui/layout.go:615.16,617.3 1 0
github.com/subhasundardass/retui/retui/layout.go:618.2,618.21 1 0
github.com/subhasundardass/retui/retui/layout.go:623.55,624.16 1 0
github.com/subhasundardass/retui/retui/layout.go:624.16,626.3 1 0
github.com/subhasundardass/retui/retui/layout.go:627.2,627.22 1 0
github.com/subhasundardass/retui/retui/layout.go:633.77,636.24 3 0
github.com/subhasundardass/retui/retui/layout.go:636.24,638.3 1 0
github.com/subhasundardass/retui/retui/layout.go:640.2,640.38 1 0
github.com/subhasundardass/retui/retui/layout.go:640.38,642.3 1 0
github.com/subhasundardass/retui/retui/layout.go:644.2,644.29 1 0
github.com/subhasundardass/retui/retui/layout.go:644.29,645.34 1 0
github.com/subhasundardass/retui/retui/layout.go:646.31,647.58 1 0
github.com/subhasundardass/retui/retui/layout.go:648.22,649.53 1 0
github.com/subhasundardass/retui/retui/layout.go:650.19,651.25 1 0
github.com/subhasundardass/retui/retui/layout.go:655.2,655.32 1 0
github.com/subhasundardass/retui/retui/layout.go:656.30,657.56 1 0
github.com/subhasundardass/retui/retui/layout.go:658.21,659.51 1 0
github.com/subhasundardass/retui/retui/layout.go:660.18,661.24 1 0
github.com/subhasundardass/retui/retui/layout.go:664.2,664.10 1 0
github.com/subhasundardass/retui/retui/layout.go:669.93,670.29 1 0
github.com/subhasundardass/retui/retui/layout.go:670.29,673.27 3 0
github.com/subhasundardass/retui/retui/layout.go:674.20,675.95 1 0
github.com/subhasundardass/retui/retui/layout.go:676.17,677.69 1 0
github.com/subhasundardass/retui/retui/layout.go:678.11,679.38 1 0
github.com/subhasundardass/retui/retui/layout.go:681.3,681.9 1 0
github.com/subhasundardass/retui/retui/layout.go:684.2,686.26 3 0
github.com/subhasundardass/retui/retui/layout.go:687.19,688.92 1 0
github.com/subhasundardass/retui/retui/layout.go:689.16,690.66 1 0
github.com/subhasundardass/retui/retui/layout.go:691.10,692.37 1 0
github.com/subhasundardass/retui/retui/layout.go:699.106,700.21 1 0
github.com/subhasundardass/retui/retui/layout.go:700.21,702.3 1 0
github.com/subhasundardass/retui/retui/layout.go:705.2,706.20 2 0
github.com/subhasundardass/retui/retui/layout.go:706.20,708.3 1 0
github.com/subhasundardass/retui/retui/layout.go:711.2,712.20 2 0
github.com/subhasundardass/retui/retui/layout.go:712.20,714.3 1 0
github.com/subhasundardass/retui/retui/layout.go:716.2,720.17 3 0
github.com/subhasundardass/retui/retui/layout.go:721.18,722.23 1 0
github.com/subhasundardass/retui/retui/layout.go:723.21,724.27 1 0
github.com/subhasundardass/retui/retui/layout.go:725.27,726.21 1 0
github.com/subhasundardass/retui/retui/layout.go:726.21,728.4 1 0
github.com/subhasundardass/retui/retui/layout.go:729.26,732.21 3 0
github.com/subhasundardass/retui/retui/layout.go:735.2,735.20 1 0
github.com/subhasundardass/retui/retui/layout.go:755.52,763.20 6 0
github.com/subhasundardass/retui/retui/layout.go:763.20,765.3 1 0
github.com/subhasundardass/retui/retui/layout.go:766.2,766.21 1 0
github.com/subhasundardass/retui/retui/layout.go:766.21,768.3 1 0
github.com/subhasundardass/retui/retui/layout.go:770.2,770.26 1 0
github.com/subhasundardass/retui/retui/layout.go:770.26,772.3 1 0
github.com/subhasundardass/retui/retui/layout.go:773.2,773.34 1 0
github.com/subhasundardass/retui/retui/layout.go:773.34,776.3 2 0
github.com/subhasundardass/retui/retui/layout.go:778.2,785.35 4 0
github.com/subhasundardass/retui/retui/layout.go:785.35,787.3 1 0
github.com/subhasundardass/retui/retui/layout.go:789.2,794.35 5 0
github.com/subhasundardass/retui/retui/layout.go:794.35,799.51 3 0
github.com/subhasundardass/retui/retui/layout.go:799.51,801.4 1 0
github.com/subhasundardass/retui/retui/layout.go:803.3,803.25 1 0
github.com/subhasundardass/retui/retui/layout.go:803.25,804.34 1 0
github.com/subhasundardass/retui/retui/layout.go:805.32,807.38 2 0
github.com/subhasundardass/retui/retui/layout.go:807.38,810.6 2 0
github.com/subhasundardass/retui/retui/layout.go:811.5,811.36 1 0
github.com/subhasundardass/retui/retui/layout.go:812.23,814.36 2 0
github.com/subhasundardass/retui/retui/layout.go:815.20,817.55 2 0
github.com/subhasundardass/retui/retui/layout.go:819.9,820.35 1 0
github.com/subhasundardass/retui/retui/layout.go:821.32,823.38 2 0
github.com/subhasundardass/retui/retui/layout.go:823.38,826.6 2 0
github.com/subhasundardass/retui/retui/layout.go:827.5,827.37 1 0
github.com/subhasundardass/retui/retui/layout.go:828.23,830.37 2 0
github.com/subhasundardass/retui/retui/layout.go:831.20,833.55 2 0
github.com/subhasundardass/retui/retui/layout.go:837.3,837.45 1 0
github.com/subhasundardass/retui/retui/layout.go:840.2,842.25 2 0
github.com/subhasundardass/retui/retui/layout.go:842.25,846.35 3 0
github.com/subhasundardass/retui/retui/layout.go:846.35,849.29 3 0
github.com/subhasundardass/retui/retui/layout.go:849.29,851.5 1 0
github.com/subhasundardass/retui/retui/layout.go:853.4,854.32 2 0
github.com/subhasundardass/retui/retui/layout.go:854.32,856.5 1 0
github.com/subhasundardass/retui/retui/layout.go:858.4,860.29 3 0
github.com/subhasundardass/retui/retui/layout.go:864.2,864.24 1 0
github.com/subhasundardass/retui/retui/layout.go:864.24,865.36 1 0
github.com/subhasundardass/retui/retui/layout.go:865.36,866.27 1 0
github.com/subhasundardass/retui/retui/layout.go:866.27,867.13 1 0
github.com/subhasundardass/retui/retui/layout.go:869.4,870.44 2 0
github.com/subhasundardass/retui/retui/layout.go:870.44,872.5 1 0
github.com/subhasundardass/retui/retui/layout.go:878.2,879.39 2 0
github.com/subhasundardass/retui/retui/layout.go:879.39,881.3 1 0
github.com/subhasundardass/retui/retui/layout.go:882.2,893.34 3 0
github.com/subhasundardass/retui/retui/layout.go:893.34,896.25 3 0
github.com/subhasundardass/retui/retui/layout.go:896.25,898.4 1 0
github.com/subhasundardass/retui/retui/layout.go:899.3,899.40 1 0
github.com/subhasundardass/retui/retui/layout.go:902.2,902.35 1 0
github.com/subhasundardass/retui/retui/layout.go:902.35,909.25 5 0
github.com/subhasundardass/retui/retui/layout.go:909.25,911.4 1 0
github.com/subhasundardass/retui/retui/layout.go:911.9,913.4 1 0
github.com/subhasundardass/retui/retui/layout.go:915.3,920.28 4 0
github.com/subhasundardass/retui/retui/layout.go:920.28,922.4 1 0
github.com/subhasundardass/retui/retui/layout.go:930.31,931.25 1 0
github.com/subhasundardass/retui/retui/layout.go:931.25,933.3 1 0
github.com/subhasundardass/retui/retui/layout.go:934.2,934.10 1 0
github.com/subhasundardass/retui/retui/layout.go:949.59,961.35 6 0
github.com/subhasundardass/retui/retui/layout.go:961.35,963.46 2 0
github.com/subhasundardass/retui/retui/layout.go:963.46,965.4 1 0
github.com/subhasundardass/retui/retui/layout.go:966.3,966.21 1 0
github.com/subhasundardass/retui/retui/layout.go:966.21,968.4 1 0
github.com/subhasundardass/retui/retui/layout.go:969.3,972.23 3 0
github.com/subhasundardass/retui/retui/layout.go:972.23,974.4 1 0
github.com/subhasundardass/retui/retui/layout.go:975.3,975.53 1 0
github.com/subhasundardass/retui/retui/layout.go:975.53,980.4 4 0
github.com/subhasundardass/retui/retui/layout.go:982.3,983.19 2 0
github.com/subhasundardass/retui/retui/layout.go:985.2,985.22 1 0
github.com/subhasundardass/retui/retui/layout.go:985.22,987.3 1 0
github.com/subhasundardass/retui/retui/layout.go:989.2,992.30 3 0
github.com/subhasundardass/retui/retui/layout.go:992.30,995.27 3 0
github.com/subhasundardass/retui/retui/layout.go:995.27,996.25 1 0
github.com/subhasundardass/retui/retui/layout.go:996.25,998.5 1 0
github.com/subhasundardass/retui/retui/layout.go:999.4,1000.13 2 0
github.com/subhasundardass/retui/retui/layout.go:1000.13,1002.5 1 0
github.com/subhasundardass/retui/retui/layout.go:1005.3,1007.27 2 0
github.com/subhasundardass/retui/retui/layout.go:1007.27,1009.23 2 0
github.com/subhasundardass/retui/retui/layout.go:1010.22,1011.34 1 0
github.com/subhasundardass/retui/retui/layout.go:1012.21,1013.48 1 0
github.com/subhasundardass/retui/retui/layout.go:1014.18,1015.46 1 0
github.com/subhasundardass/retui/retui/layout.go:1017.4,1018.25 2 0
github.com/subhasundardass/retui/retui/layout.go:1021.3,1023.24 3 0
github.com/subhasundardass/retui/retui/layout.go:1023.24,1026.4 2 0
github.com/subhasundardass/retui/retui/layout.go:1029.2,1029.38 1 0
github.com/subhasundardass/retui/retui/layout.go:1029.38,1031.3 1 0
github.com/subhasundardass/retui/retui/logger.go:40.35,41.11 1 1
github.com/subhasundardass/retui/retui/logger.go:42.20,43.19 1 0
github.com/subhasundardass/retui/retui/logger.go:44.18,45.17 1 0
github.com/subhasundardass/retui/retui/logger.go:46.17,47.16 1 1
github.com/subhasundardass/retui/retui/logger.go:48.17,49.16 1 0
github.com/subhasundardass/retui/retui/logger.go:50.18,51.17 1 0
github.com/subhasundardass/retui/retui/logger.go:52.18,53.17 1 0
github.com/subhasundardass/retui/retui/logger.go:54.10,55.19 1 0
github.com/subhasundardass/retui/retui/logger.go:71.13,77.39 3 1
github.com/subhasundardass/retui/retui/logger.go:77.39,81.3 2 0
github.com/subhasundardass/retui/retui/logger.go:85.27,90.50 4 1
github.com/subhasundardass/retui/retui/logger.go:90.50,92.3 1 0
github.com/subhasundardass/retui/retui/logger.go:97.2,104.16 4 1
github.com/subhasundardass/retui/retui/logger.go:104.16,106.3 1 0
github.com/subhasundardass/retui/retui/logger.go:109.2,111.12 2 1
github.com/subhasundardass/retui/retui/logger.go:115.25,117.16 2 1
github.com/subhasundardass/retui/retui/logger.go:117.16,119.3 1 0
github.com/subhasundardass/retui/retui/logger.go:120.2,120.11 1 1
github.com/subhasundardass/retui/retui/logger.go:124.33,128.13 4 0
github.com/subhasundardass/retui/retui/logger.go:128.13,130.3 1 0
github.com/subhasundardass/retui/retui/logger.go:130.8,132.3 1 0
github.com/subhasundardass/retui/retui/logger.go:136.34,140.2 3 0
github.com/subhasundardass/retui/retui/logger.go:143.29,147.2 3 0
github.com/subhasundardass/retui/retui/logger.go:150.25,154.2 3 0
github.com/subhasundardass/retui/retui/logger.go:157.23,161.20 3 0
github.com/subhasundardass/retui/retui/logger.go:161.20,163.3 1 0
github.com/subhasundardass/retui/retui/logger.go:164.2,164.12 1 0
github.com/subhasundardass/retui/retui/logger.go:168.68,173.22 3 1
github.com/subhasundardass/retui/retui/logger.go:173.22,175.3 1 0
github.com/subhasundardass/retui/retui/logger.go:177.2,177.19 1 1
github.com/subhasundardass/retui/retui/logger.go:177.19,179.3 1 0
github.com/subhasundardass/retui/retui/logger.go:182.2,184.8 3 1
github.com/subhasundardass/retui/retui/logger.go:184.8,189.3 3 1
github.com/subhasundardass/retui/retui/logger.go:191.2,206.26 5 1
github.com/subhasundardass/retui/retui/logger.go:215.33,216.15 1 0
github.com/subhasundardass/retui/retui/logger.go:216.15,218.3 1 0
github.com/subhasundardass/retui/retui/logger.go:222.49,223.15 1 0
github.com/subhasundardass/retui/retui/logger.go:223.15,225.3 1 0
github.com/subhasundardass/retui/retui/logger.go:229.32,231.2 1 0
github.com/subhasundardass/retui/retui/logger.go:234.48,236.2 1 1
github.com/subhasundardass/retui/retui/logger.go:239.32,241.2 1 0
github.com/subhasundardass/retui/retui/logger.go:244.48,246.2 1 0
github.com/subhasundardass/retui/retui/logger.go:249.33,251.2 1 0
github.com/subhasundardass/retui/retui/logger.go:254.49,256.2 1 0
github.com/subhasundardass/retui/retui/logger.go:259.33,262.2 2 0
github.com/subhasundardass/retui/retui/logger.go:265.49,268.2 2 0
github.com/subhasundardass/retui/retui/logger.go:271.35,273.2 1 0
github.com/subhasundardass/retui/retui/logger.go:276.51,278.2 1 0
github.com/subhasundardass/retui/retui/logger.go:281.83,282.22 1 0
github.com/subhasundardass/retui/retui/logger.go:282.22,284.3 1 0
github.com/subhasundardass/retui/retui/logger.go:286.2,287.21 2 0
github.com/subhasundardass/retui/retui/logger.go:287.21,289.3 1 0
github.com/subhasundardass/retui/retui/logger.go:291.2,291.49 1 0
github.com/subhasundardass/retui/retui/logger.go:300.55,302.2 1 0
github.com/subhasundardass/retui/retui/logger.go:305.40,306.15 1 0
github.com/subhasundardass/retui/retui/logger.go:306.15,308.3 1 0
github.com/subhasundardass/retui/retui/logger.go:312.39,314.2 1 0
github.com/subhasundardass/retui/retui/logger.go:317.39,319.2 1 0
github.com/subhasundardass/retui/retui/logger.go:322.40,324.2 1 0
github.com/subhasundardass/retui/retui/logger.go:327.66,328.21 1 0
github.com/subhasundardass/retui/retui/logger.go:328.21,330.3 1 0
github.com/subhasundardass/retui/retui/logger.go:331.2,332.10 2 0
github.com/subhasundardass/retui/retui/logger.go:336.56,338.2 1 0
github.com/subhasundardass/retui/retui/markdown.go:52.18,53.16 1 0
github.com/subhasundardass/retui/retui/markdown.go:53.16,55.3 1 0
github.com/subhasundardass/retui/retui/markdown.go:57.2,59.31 3 0
github.com/subhasundardass/retui/retui/markdown.go:59.31,60.58 1 0
github.com/subhasundardass/retui/retui/markdown.go:60.58,62.4 1 0
github.com/subhasundardass/retui/retui/markdown.go:63.3,63.68 1 0
github.com/subhasundardass/retui/retui/markdown.go:65.2,65.21 1 0
github.com/subhasundardass/retui/retui/markdown.go:65.21,67.3 1 0
github.com/subhasundardass/retui/retui/markdown.go:68.2,68.14 1 0
github.com/subhasundardass/retui/retui/markdown.go:71.60,72.68 1 0
github.com/subhasundardass/retui/retui/markdown.go:72.68,74.3 1 0
github.com/subhasundardass/retui/retui/markdown.go:75.2,75.62 1 0
github.com/subhasundardass/retui/retui/markdown.go:75.62,77.3 1 0
github.com/subhasundardass/retui/retui/markdown.go:78.2,78.13 1 0
github.com/subhasundardass/retui/retui/markdown.go:81.59,88.30 6 0
github.com/subhasundardass/retui/retui/markdown.go:88.30,91.20 3 0
github.com/subhasundardass/retui/retui/markdown.go:91.20,94.12 3 0
github.com/subhasundardass/retui/retui/markdown.go:97.3,97.40 1 0
github.com/subhasundardass/retui/retui/markdown.go:97.40,102.23 5 0
github.com/subhasundardass/retui/retui/markdown.go:102.23,104.47 2 0
github.com/subhasundardass/retui/retui/markdown.go:104.47,107.11 3 0
github.com/subhasundardass/retui/retui/markdown.go:109.5,110.8 2 0
github.com/subhasundardass/retui/retui/markdown.go:114.4,114.21 1 0
github.com/subhasundardass/retui/retui/markdown.go:114.21,120.13 2 0
github.com/subhasundardass/retui/retui/markdown.go:122.4,126.12 2 0
github.com/subhasundardass/retui/retui/markdown.go:129.3,129.30 1 0
github.com/subhasundardass/retui/retui/markdown.go:129.30,132.12 3 0
github.com/subhasundardass/retui/retui/markdown.go:135.3,135.59 1 0
github.com/subhasundardass/retui/retui/markdown.go:135.59,141.12 3 0
github.com/subhasundardass/retui/retui/markdown.go:144.3,144.37 1 0
github.com/subhasundardass/retui/retui/markdown.go:144.37,148.95 4 0
github.com/subhasundardass/retui/retui/markdown.go:148.95,151.5 2 0
github.com/subhasundardass/retui/retui/markdown.go:152.4,160.12 2 0
github.com/subhasundardass/retui/retui/markdown.go:163.3,163.50 1 0
github.com/subhasundardass/retui/retui/markdown.go:163.50,166.23 3 0
github.com/subhasundardass/retui/retui/markdown.go:166.23,167.72 1 0
github.com/subhasundardass/retui/retui/markdown.go:167.72,170.14 3 0
github.com/subhasundardass/retui/retui/markdown.go:172.5,172.10 1 0
github.com/subhasundardass/retui/retui/markdown.go:174.4,181.12 2 0
github.com/subhasundardass/retui/retui/markdown.go:184.3,184.63 1 0
github.com/subhasundardass/retui/retui/markdown.go:184.63,188.12 4 0
github.com/subhasundardass/retui/retui/markdown.go:190.3,194.22 4 0
github.com/subhasundardass/retui/retui/markdown.go:194.22,197.26 2 0
github.com/subhasundardass/retui/retui/markdown.go:197.26,198.10 1 0
github.com/subhasundardass/retui/retui/markdown.go:200.4,200.50 1 0
github.com/subhasundardass/retui/retui/markdown.go:200.50,201.10 1 0
github.com/subhasundardass/retui/retui/markdown.go:203.4,203.38 1 0
github.com/subhasundardass/retui/retui/markdown.go:203.38,204.10 1 0
github.com/subhasundardass/retui/retui/markdown.go:206.4,206.45 1 0
github.com/subhasundardass/retui/retui/markdown.go:206.45,207.10 1 0
github.com/subhasundardass/retui/retui/markdown.go:209.4,209.59 1 0
github.com/subhasundardass/retui/retui/markdown.go:209.59,210.10 1 0
github.com/subhasundardass/retui/retui/markdown.go:212.4,213.7 2 0
github.com/subhasundardass/retui/retui/markdown.go:215.3,221.4 1 0
github.com/subhasundardass/retui/retui/markdown.go:224.2,224.15 1 0
github.com/subhasundardass/retui/retui/markdown.go:227.60,229.59 2 0
github.com/subhasundardass/retui/retui/markdown.go:229.59,231.3 1 0
github.com/subhasundardass/retui/retui/markdown.go:232.2,232.60 1 0
github.com/subhasundardass/retui/retui/markdown.go:232.60,234.3 1 0
github.com/subhasundardass/retui/retui/markdown.go:235.2,235.55 1 0
github.com/subhasundardass/retui/retui/markdown.go:238.43,240.46 2 0
github.com/subhasundardass/retui/retui/markdown.go:240.46,242.3 1 0
github.com/subhasundardass/retui/retui/markdown.go:243.2,243.14 1 0
github.com/subhasundardass/retui/retui/markdown.go:246.63,247.46 1 0
github.com/subhasundardass/retui/retui/markdown.go:247.46,249.3 1 0
github.com/subhasundardass/retui/retui/markdown.go:250.2,250.34 1 0
github.com/subhasundardass/retui/retui/markdown.go:250.34,251.21 1 0
github.com/subhasundardass/retui/retui/markdown.go:251.21,253.4 1 0
github.com/subhasundardass/retui/retui/markdown.go:255.2,255.51 1 0
github.com/subhasundardass/retui/retui/markdown.go:258.39,259.19 1 0
github.com/subhasundardass/retui/retui/markdown.go:259.19,261.3 1 0
github.com/subhasundardass/retui/retui/markdown.go:262.2,264.25 3 0
github.com/subhasundardass/retui/retui/markdown.go:264.25,265.25 1 0
github.com/subhasundardass/retui/retui/markdown.go:265.25,266.12 1 0
github.com/subhasundardass/retui/retui/markdown.go:268.3,268.18 1 0
github.com/subhasundardass/retui/retui/markdown.go:268.18,269.40 1 0
github.com/subhasundardass/retui/retui/markdown.go:269.40,271.5 1 0
github.com/subhasundardass/retui/retui/markdown.go:272.4,272.14 1 0
github.com/subhasundardass/retui/retui/markdown.go:274.3,274.18 1 0
github.com/subhasundardass/retui/retui/markdown.go:274.18,276.4 1 0
github.com/subhasundardass/retui/retui/markdown.go:277.3,277.10 1 0
github.com/subhasundardass/retui/retui/markdown.go:279.2,279.19 1 0
github.com/subhasundardass/retui/retui/markdown.go:282.53,283.35 1 0
github.com/subhasundardass/retui/retui/markdown.go:283.35,285.3 1 0
github.com/subhasundardass/retui/retui/markdown.go:286.2,286.63 1 0
github.com/subhasundardass/retui/retui/markdown.go:289.76,291.48 2 0
github.com/subhasundardass/retui/retui/markdown.go:291.48,293.3 1 0
github.com/subhasundardass/retui/retui/markdown.go:294.2,294.27 1 0
github.com/subhasundardass/retui/retui/markdown.go:294.27,296.3 1 0
github.com/subhasundardass/retui/retui/markdown.go:297.2,300.18 2 0
github.com/subhasundardass/retui/retui/markdown.go:300.18,309.3 3 0
github.com/subhasundardass/retui/retui/markdown.go:311.2,312.62 2 0
github.com/subhasundardass/retui/retui/markdown.go:312.62,314.3 1 0
github.com/subhasundardass/retui/retui/markdown.go:315.2,316.22 1 0
github.com/subhasundardass/retui/retui/markdown.go:316.22,318.3 1 0
github.com/subhasundardass/retui/retui/markdown.go:319.2,320.25 2 0
github.com/subhasundardass/retui/retui/markdown.go:320.25,322.3 1 0
github.com/subhasundardass/retui/retui/markdown.go:323.2,332.9 3 0
github.com/subhasundardass/retui/retui/markdown.go:335.51,336.74 1 0
github.com/subhasundardass/retui/retui/markdown.go:336.74,337.18 1 0
github.com/subhasundardass/retui/retui/markdown.go:338.12,339.41 1 0
github.com/subhasundardass/retui/retui/markdown.go:340.17,341.41 1 0
github.com/subhasundardass/retui/retui/markdown.go:344.2,344.17 1 0
github.com/subhasundardass/retui/retui/markdown.go:347.55,348.59 1 0
github.com/subhasundardass/retui/retui/markdown.go:348.59,350.3 1 0
github.com/subhasundardass/retui/retui/markdown.go:351.2,352.21 2 0
github.com/subhasundardass/retui/retui/markdown.go:352.21,354.3 1 0
github.com/subhasundardass/retui/retui/markdown.go:355.2,356.25 2 0
github.com/subhasundardass/retui/retui/markdown.go:356.25,358.3 1 0
github.com/subhasundardass/retui/retui/markdown.go:359.2,359.33 1 0
github.com/subhasundardass/retui/retui/markdown.go:359.33,362.20 3 0
github.com/subhasundardass/retui/retui/markdown.go:362.20,364.4 1 0
github.com/subhasundardass/retui/retui/markdown.go:365.3,365.26 1 0
github.com/subhasundardass/retui/retui/markdown.go:365.26,366.16 1 0
github.com/subhasundardass/retui/retui/markdown.go:366.16,368.5 1 0
github.com/subhasundardass/retui/retui/markdown.go:371.2,371.13 1 0
github.com/subhasundardass/retui/retui/markdown.go:374.50,380.29 6 0
github.com/subhasundardass/retui/retui/markdown.go:380.29,382.3 1 0
github.com/subhasundardass/retui/retui/markdown.go:383.2,383.14 1 0
github.com/subhasundardass/retui/retui/markdown.go:390.18,391.20 1 0
github.com/subhasundardass/retui/retui/markdown.go:392.23,399.4 2 0
github.com/subhasundardass/retui/retui/markdown.go:400.25,406.4 1 0
github.com/subhasundardass/retui/retui/markdown.go:407.21,415.4 3 0
github.com/subhasundardass/retui/retui/markdown.go:416.24,423.4 2 0
github.com/subhasundardass/retui/retui/markdown.go:424.20,430.4 1 0
github.com/subhasundardass/retui/retui/markdown.go:431.20,432.54 1 0
github.com/subhasundardass/retui/retui/markdown.go:433.21,434.49 1 0
github.com/subhasundardass/retui/retui/markdown.go:435.10,436.28 1 0
github.com/subhasundardass/retui/retui/markdown.go:440.53,442.19 2 0
github.com/subhasundardass/retui/retui/markdown.go:442.19,444.3 1 0
github.com/subhasundardass/retui/retui/markdown.go:445.2,445.20 1 0
github.com/subhasundardass/retui/retui/markdown.go:446.9,447.19 1 0
github.com/subhasundardass/retui/retui/markdown.go:448.9,449.19 1 0
github.com/subhasundardass/retui/retui/markdown.go:451.2,451.15 1 0
github.com/subhasundardass/retui/retui/markdown.go:454.79,457.21 3 0
github.com/subhasundardass/retui/retui/markdown.go:457.21,459.3 1 0
github.com/subhasundardass/retui/retui/markdown.go:460.2,460.29 1 0
github.com/subhasundardass/retui/retui/markdown.go:460.29,465.3 1 0
github.com/subhasundardass/retui/retui/markdown.go:466.2,466.12 1 0
github.com/subhasundardass/retui/retui/markdown.go:473.18,475.33 2 0
github.com/subhasundardass/retui/retui/markdown.go:475.33,476.22 1 0
github.com/subhasundardass/retui/retui/markdown.go:476.22,478.4 1 0
github.com/subhasundardass/retui/retui/markdown.go:480.2,480.15 1 0
github.com/subhasundardass/retui/retui/markdown.go:480.15,482.3 1 0
github.com/subhasundardass/retui/retui/markdown.go:484.2,485.37 2 0
github.com/subhasundardass/retui/retui/markdown.go:485.37,487.3 1 0
github.com/subhasundardass/retui/retui/markdown.go:488.2,488.33 1 0
github.com/subhasundardass/retui/retui/markdown.go:488.33,489.28 1 0
github.com/subhasundardass/retui/retui/markdown.go:489.28,494.4 1 0
github.com/subhasundardass/retui/retui/markdown.go:497.2,514.33 4 0
github.com/subhasundardass/retui/retui/markdown.go:514.33,516.3 1 0
github.com/subhasundardass/retui/retui/markdown.go:517.2,517.12 1 0
github.com/subhasundardass/retui/retui/markdown.go:525.16,528.27 3 0
github.com/subhasundardass/retui/retui/markdown.go:528.27,530.21 2 0
github.com/subhasundardass/retui/retui/markdown.go:530.21,532.4 1 0
github.com/subhasundardass/retui/retui/markdown.go:533.3,536.24 4 0
github.com/subhasundardass/retui/retui/markdown.go:538.2,538.73 1 0
github.com/subhasundardass/retui/retui/markdown.go:541.50,544.27 3 0
github.com/subhasundardass/retui/retui/markdown.go:544.27,545.12 1 0
github.com/subhasundardass/retui/retui/markdown.go:545.12,547.4 1 0
github.com/subhasundardass/retui/retui/markdown.go:548.3,548.44 1 0
github.com/subhasundardass/retui/retui/markdown.go:550.2,551.19 2 0
github.com/subhasundardass/retui/retui/markdown.go:554.66,556.20 2 0
github.com/subhasundardass/retui/retui/markdown.go:556.20,557.35 1 0
github.com/subhasundardass/retui/retui/markdown.go:557.35,558.53 1 0
github.com/subhasundardass/retui/retui/markdown.go:558.53,569.13 4 0
github.com/subhasundardass/retui/retui/markdown.go:572.3,572.36 1 0
github.com/subhasundardass/retui/retui/markdown.go:572.36,573.54 1 0
github.com/subhasundardass/retui/retui/markdown.go:573.54,584.13 4 0
github.com/subhasundardass/retui/retui/markdown.go:587.3,587.36 1 0
github.com/subhasundardass/retui/retui/markdown.go:587.36,588.54 1 0
github.com/subhasundardass/retui/retui/markdown.go:588.54,595.13 4 0
github.com/subhasundardass/retui/retui/markdown.go:598.3,598.36 1 0
github.com/subhasundardass/retui/retui/markdown.go:598.36,599.54 1 0
github.com/subhasundardass/retui/retui/markdown.go:599.54,606.13 4 0
github.com/subhasundardass/retui/retui/markdown.go:609.3,609.35 1 0
github.com/subhasundardass/retui/retui/markdown.go:609.35,610.53 1 0
github.com/subhasundardass/retui/retui/markdown.go:610.53,617.13 4 0
github.com/subhasundardass/retui/retui/markdown.go:620.3,620.35 1 0
github.com/subhasundardass/retui/retui/markdown.go:620.35,621.53 1 0
github.com/subhasundardass/retui/retui/markdown.go:621.53,628.13 4 0
github.com/subhasundardass/retui/retui/markdown.go:631.3,631.35 1 0
github.com/subhasundardass/retui/retui/markdown.go:631.35,632.59 1 0
github.com/subhasundardass/retui/retui/markdown.go:632.59,635.13 3 0
github.com/subhasundardass/retui/retui/markdown.go:639.3,641.21 3 0
github.com/subhasundardass/retui/retui/markdown.go:643.2,643.14 1 0
github.com/subhasundardass/retui/retui/markdown.go:646.78,649.29 2 0
github.com/subhasundardass/retui/retui/markdown.go:649.29,651.3 1 0
github.com/subhasundardass/retui/retui/markdown.go:652.2,653.18 2 0
github.com/subhasundardass/retui/retui/markdown.go:653.18,655.3 1 0
github.com/subhasundardass/retui/retui/markdown.go:656.2,659.34 4 0
github.com/subhasundardass/retui/retui/markdown.go:659.34,661.3 1 0
github.com/subhasundardass/retui/retui/markdown.go:662.2,665.39 1 0
github.com/subhasundardass/retui/retui/markdown.go:668.45,670.72 2 0
github.com/subhasundardass/retui/retui/markdown.go:670.72,671.71 1 0
github.com/subhasundardass/retui/retui/markdown.go:671.71,673.4 1 0
github.com/subhasundardass/retui/retui/markdown.go:675.2,675.15 1 0
github.com/subhasundardass/retui/retui/markdown.go:675.15,677.3 1 0
github.com/subhasundardass/retui/retui/markdown.go:678.2,678.13 1 0
github.com/subhasundardass/retui/retui/markdown.go:681.46,684.29 3 0
github.com/subhasundardass/retui/retui/markdown.go:684.29,686.3 1 0
github.com/subhasundardass/retui/retui/markdown.go:687.2,687.19 1 0
github.com/subhasundardass/retui/retui/markdown.go:694.18,695.16 1 0
github.com/subhasundardass/retui/retui/markdown.go:695.16,697.3 1 0
github.com/subhasundardass/retui/retui/markdown.go:699.2,707.29 8 0
github.com/subhasundardass/retui/retui/markdown.go:707.29,709.30 2 0
github.com/subhasundardass/retui/retui/markdown.go:709.30,712.52 2 0
github.com/subhasundardass/retui/retui/markdown.go:712.52,716.5 3 0
github.com/subhasundardass/retui/retui/markdown.go:717.4,717.53 1 0
github.com/subhasundardass/retui/retui/markdown.go:717.53,719.23 2 0
github.com/subhasundardass/retui/retui/markdown.go:719.23,724.6 4 0
github.com/subhasundardass/retui/retui/markdown.go:725.5,732.22 8 0
github.com/subhasundardass/retui/retui/markdown.go:734.4,736.21 3 0
github.com/subhasundardass/retui/retui/markdown.go:736.21,738.5 1 0
github.com/subhasundardass/retui/retui/markdown.go:742.2,743.12 2 0
github.com/subhasundardass/retui/retui/markdown.go:746.59,749.30 3 0
github.com/subhasundardass/retui/retui/markdown.go:749.30,751.25 2 0
github.com/subhasundardass/retui/retui/markdown.go:751.25,752.24 1 0
github.com/subhasundardass/retui/retui/markdown.go:752.24,755.5 2 0
github.com/subhasundardass/retui/retui/markdown.go:756.4,757.37 1 0
github.com/subhasundardass/retui/retui/markdown.go:757.37,759.5 1 0
github.com/subhasundardass/retui/retui/markdown.go:760.4,760.12 1 0
github.com/subhasundardass/retui/retui/markdown.go:762.3,762.34 1 0
github.com/subhasundardass/retui/retui/markdown.go:764.2,764.22 1 0
github.com/subhasundardass/retui/retui/markdown.go:764.22,766.3 1 0
github.com/subhasundardass/retui/retui/markdown.go:767.2,767.14 1 0
github.com/subhasundardass/retui/retui/markdown.go:773.32,774.16 1 0
github.com/subhasundardass/retui/retui/markdown.go:774.16,776.3 1 0
github.com/subhasundardass/retui/retui/markdown.go:777.2,778.28 2 0
github.com/subhasundardass/retui/retui/markdown.go:778.28,780.21 2 0
github.com/subhasundardass/retui/retui/markdown.go:780.21,782.4 1 0
github.com/subhasundardass/retui/retui/markdown.go:783.3,783.12 1 0
github.com/subhasundardass/retui/retui/markdown.go:785.2,785.18 1 0
github.com/subhasundardass/retui/retui/markdown.go:788.60,790.38 2 0
github.com/subhasundardass/retui/retui/markdown.go:790.38,792.3 1 0
github.com/subhasundardass/retui/retui/markdown.go:793.2,793.19 1 0
github.com/subhasundardass/retui/retui/markdown.go:796.62,798.25 2 0
github.com/subhasundardass/retui/retui/markdown.go:798.25,800.3 1 0
github.com/subhasundardass/retui/retui/markdown.go:801.2,801.13 1 0
github.com/subhasundardass/retui/retui/markdown.go:804.51,806.28 2 0
github.com/subhasundardass/retui/retui/markdown.go:806.28,808.3 1 0
github.com/subhasundardass/retui/retui/markdown.go:809.2,809.14 1 0
github.com/subhasundardass/retui/retui/markdown.go:812.39,814.25 2 0
github.com/subhasundardass/retui/retui/markdown.go:814.25,816.3 1 0
github.com/subhasundardass/retui/retui/markdown.go:817.2,817.14 1 0
github.com/subhasundardass/retui/retui/markdown.go:820.58,821.16 1 0
github.com/subhasundardass/retui/retui/markdown.go:821.16,823.3 1 0
github.com/subhasundardass/retui/retui/markdown.go:824.2,826.25 3 0
github.com/subhasundardass/retui/retui/markdown.go:826.25,828.21 2 0
github.com/subhasundardass/retui/retui/markdown.go:828.21,829.9 1 0
github.com/subhasundardass/retui/retui/markdown.go:831.3,832.12 2 0
github.com/subhasundardass/retui/retui/markdown.go:834.2,834.19 1 0
github.com/subhasundardass/retui/retui/navigation.go:42.53,52.2 2 1
github.com/subhasundardass/retui/retui/navigation.go:63.72,74.2 5 0
github.com/subhasundardass/retui/retui/navigation.go:77.47,81.41 3 0
github.com/subhasundardass/retui/retui/navigation.go:81.41,82.26 1 0
github.com/subhasundardass/retui/retui/navigation.go:82.26,86.4 3 0
github.com/subhasundardass/retui/retui/navigation.go:89.2,89.23 1 0
github.com/subhasundardass/retui/retui/navigation.go:89.23,91.3 1 0
github.com/subhasundardass/retui/retui/navigation.go:93.2,93.25 1 0
github.com/subhasundardass/retui/retui/navigation.go:99.42,103.23 3 0
github.com/subhasundardass/retui/retui/navigation.go:103.23,105.3 1 0
github.com/subhasundardass/retui/retui/navigation.go:107.2,110.25 3 0
github.com/subhasundardass/retui/retui/navigation.go:116.75,125.23 4 0
github.com/subhasundardass/retui/retui/navigation.go:125.23,127.3 1 0
github.com/subhasundardass/retui/retui/navigation.go:127.8,129.3 1 0
github.com/subhasundardass/retui/retui/navigation.go:131.2,131.23 1 0
github.com/subhasundardass/retui/retui/navigation.go:135.40,139.23 3 0
github.com/subhasundardass/retui/retui/navigation.go:139.23,141.3 1 0
github.com/subhasundardass/retui/retui/navigation.go:143.2,143.25 1 0
github.com/subhasundardass/retui/retui/navigation.go:149.52,153.23 3 0
github.com/subhasundardass/retui/retui/navigation.go:153.23,155.3 1 0
github.com/subhasundardass/retui/retui/navigation.go:157.2,157.29 1 0
github.com/subhasundardass/retui/retui/navigation.go:163.40,169.32 4 0
github.com/subhasundardass/retui/retui/navigation.go:169.32,171.3 1 0
github.com/subhasundardass/retui/retui/navigation.go:173.2,173.11 1 0
github.com/subhasundardass/retui/retui/navigation.go:177.34,182.2 3 0
github.com/subhasundardass/retui/retui/navigation.go:185.37,190.2 3 0
github.com/subhasundardass/retui/retui/navigation.go:193.50,203.2 5 0
github.com/subhasundardass/retui/retui/navigation.go:206.38,211.2 3 0
github.com/subhasundardass/retui/retui/navigation.go:216.31,222.2 4 0
github.com/subhasundardass/retui/retui/navigation.go:227.34,229.2 1 0
github.com/subhasundardass/retui/retui/navigation.go:242.52,245.21 2 0
github.com/subhasundardass/retui/retui/navigation.go:245.21,247.3 1 0
github.com/subhasundardass/retui/retui/navigation.go:249.2,250.19 2 0
github.com/subhasundardass/retui/retui/navigation.go:254.25,258.19 3 0
github.com/subhasundardass/retui/retui/navigation.go:258.19,260.3 1 0
github.com/subhasundardass/retui/retui/navigation.go:262.2,262.12 1 0
github.com/subhasundardass/retui/retui/navigation.go:266.30,270.19 3 0
github.com/subhasundardass/retui/retui/navigation.go:270.19,272.3 1 0
github.com/subhasundardass/retui/retui/navigation.go:274.2,274.12 1 0
github.com/subhasundardass/retui/retui/navigation.go:278.55,281.21 2 0
github.com/subhasundardass/retui/retui/navigation.go:281.21,283.3 1 0
github.com/subhasundardass/retui/retui/navigation.go:285.2,286.19 2 0
github.com/subhasundardass/retui/retui/navigation.go:290.38,293.2 2 0
github.com/subhasundardass/retui/retui/navigation.go:296.29,298.2 1 0
github.com/subhasundardass/retui/retui/navigation.go:309.41,311.2 1 0
github.com/subhasundardass/retui/retui/navigation.go:314.37,316.2 1 0
github.com/subhasundardass/retui/retui/navigation.go:319.28,321.2 1 0
github.com/subhasundardass/retui/retui/navigation.go:324.26,326.2 1 0
github.com/subhasundardass/retui/retui/navigation.go:328.24,331.2 2 0
github.com/subhasundardass/retui/retui/node.go:299.36,300.21 1 0
github.com/subhasundardass/retui/retui/node.go:300.21,302.3 1 0
github.com/subhasundardass/retui/retui/node.go:303.2,303.22 1 0
github.com/subhasundardass/retui/retui/node.go:321.23,328.2 1 0
github.com/subhasundardass/retui/retui/overlay.go:15.29,18.47 3 0
github.com/subhasundardass/retui/retui/overlay.go:18.47,19.21 1 0
github.com/subhasundardass/retui/retui/overlay.go:19.21,21.4 1 0
github.com/subhasundardass/retui/retui/overlay.go:23.2,23.55 1 0
github.com/subhasundardass/retui/retui/overlay.go:26.30,29.47 3 0
github.com/subhasundardass/retui/retui/overlay.go:29.47,30.21 1 0
github.com/subhasundardass/retui/retui/overlay.go:30.21,33.4 2 0
github.com/subhasundardass/retui/retui/overlay.go:36.26,39.35 3 0
github.com/subhasundardass/retui/retui/overlay.go:39.35,41.3 1 0
github.com/subhasundardass/retui/retui/overlay.go:42.2,42.56 1 0
github.com/subhasundardass/retui/retui/overlay.go:45.24,48.34 3 0
github.com/subhasundardass/retui/retui/overlay.go:48.34,50.3 1 0
github.com/subhasundardass/retui/retui/overlay.go:53.30,57.2 3 0
github.com/subhasundardass/retui/retui/overlay.go:59.79,63.2 3 0
github.com/subhasundardass/retui/retui/overlay.go:65.22,69.2 3 0
github.com/subhasundardass/retui/retui/renderer.go:23.37,25.2 1 0
github.com/subhasundardass/retui/retui/renderer.go:35.55,37.37 2 0
github.com/subhasundardass/retui/retui/renderer.go:37.37,39.3 1 0
github.com/subhasundardass/retui/retui/renderer.go:40.2,40.12 1 0
github.com/subhasundardass/retui/retui/renderer.go:57.51,58.19 1 0
github.com/subhasundardass/retui/retui/renderer.go:58.19,60.3 1 0
github.com/subhasundardass/retui/retui/renderer.go:62.2,63.21 2 0
github.com/subhasundardass/retui/retui/renderer.go:63.21,65.3 1 0
github.com/subhasundardass/retui/retui/renderer.go:67.2,71.29 4 0
github.com/subhasundardass/retui/retui/renderer.go:71.29,74.21 2 0
github.com/subhasundardass/retui/retui/renderer.go:74.21,76.29 1 0
github.com/subhasundardass/retui/retui/renderer.go:76.29,83.5 6 0
github.com/subhasundardass/retui/retui/renderer.go:84.4,85.25 2 0
github.com/subhasundardass/retui/retui/renderer.go:86.9,86.47 1 0
github.com/subhasundardass/retui/retui/renderer.go:86.47,91.4 3 0
github.com/subhasundardass/retui/retui/renderer.go:91.9,98.29 3 0
github.com/subhasundardass/retui/retui/renderer.go:98.29,105.5 6 0
github.com/subhasundardass/retui/retui/renderer.go:106.4,107.25 2 0
github.com/subhasundardass/retui/retui/renderer.go:112.2,113.14 2 0
github.com/subhasundardass/retui/retui/renderer.go:118.38,120.25 2 0
github.com/subhasundardass/retui/retui/renderer.go:120.25,122.3 1 0
github.com/subhasundardass/retui/retui/renderer.go:123.2,123.14 1 0
github.com/subhasundardass/retui/retui/renderer.go:128.79,130.58 2 0
github.com/subhasundardass/retui/retui/renderer.go:130.58,133.3 2 0
github.com/subhasundardass/retui/retui/renderer.go:154.53,155.19 1 1
github.com/subhasundardass/retui/retui/renderer.go:155.19,156.38 1 0
github.com/subhasundardass/retui/retui/renderer.go:158.2,158.43 1 1
github.com/subhasundardass/retui/retui/renderer.go:188.50,200.24 5 0
github.com/subhasundardass/retui/retui/renderer.go:200.24,202.3 1 0
github.com/subhasundardass/retui/retui/renderer.go:207.2,209.67 3 0
github.com/subhasundardass/retui/retui/renderer.go:209.67,211.3 1 0
github.com/subhasundardass/retui/retui/renderer.go:212.2,212.68 1 0
github.com/subhasundardass/retui/retui/renderer.go:212.68,214.3 1 0
github.com/subhasundardass/retui/retui/renderer.go:217.2,224.32 4 0
github.com/subhasundardass/retui/retui/renderer.go:224.32,227.3 2 0
github.com/subhasundardass/retui/retui/renderer.go:229.2,241.29 5 0
github.com/subhasundardass/retui/retui/renderer.go:241.29,243.3 1 0
github.com/subhasundardass/retui/retui/renderer.go:247.2,247.29 1 0
github.com/subhasundardass/retui/retui/renderer.go:256.40,257.35 1 0
github.com/subhasundardass/retui/retui/renderer.go:257.35,259.3 1 0
github.com/subhasundardass/retui/retui/renderer.go:260.2,260.37 1 0
github.com/subhasundardass/retui/retui/renderer.go:260.37,261.21 1 0
github.com/subhasundardass/retui/retui/renderer.go:261.21,263.4 1 0
github.com/subhasundardass/retui/retui/renderer.go:265.2,265.14 1 0
github.com/subhasundardass/retui/retui/renderer.go:288.67,289.27 1 0
github.com/subhasundardass/retui/retui/renderer.go:289.27,291.3 1 0
github.com/subhasundardass/retui/retui/renderer.go:294.2,299.36 5 0
github.com/subhasundardass/retui/retui/renderer.go:299.36,303.30 3 0
github.com/subhasundardass/retui/retui/renderer.go:303.30,310.4 2 0
github.com/subhasundardass/retui/retui/renderer.go:312.3,312.27 1 0
github.com/subhasundardass/retui/retui/renderer.go:312.27,314.4 1 0
github.com/subhasundardass/retui/retui/renderer.go:317.3,318.32 2 0
github.com/subhasundardass/retui/retui/renderer.go:318.32,320.4 1 0
github.com/subhasundardass/retui/retui/renderer.go:321.3,322.11 2 0
github.com/subhasundardass/retui/retui/renderer.go:325.2,325.25 1 0
github.com/subhasundardass/retui/retui/renderer.go:354.51,360.11 4 0
github.com/subhasundardass/retui/retui/renderer.go:360.11,362.3 1 0
github.com/subhasundardass/retui/retui/renderer.go:363.2,363.13 1 0
github.com/subhasundardass/retui/retui/renderer.go:363.13,365.3 1 0
github.com/subhasundardass/retui/retui/renderer.go:366.2,366.14 1 0
github.com/subhasundardass/retui/retui/renderer.go:366.14,368.3 1 0
github.com/subhasundardass/retui/retui/renderer.go:369.2,369.12 1 0
github.com/subhasundardass/retui/retui/renderer.go:369.12,371.3 1 0
github.com/subhasundardass/retui/retui/renderer.go:373.2,394.22 2 0
github.com/subhasundardass/retui/retui/renderer.go:395.22,399.28 2 0
github.com/subhasundardass/retui/retui/renderer.go:401.19,405.28 3 0
github.com/subhasundardass/retui/retui/renderer.go:407.28,408.19 1 0
github.com/subhasundardass/retui/retui/renderer.go:408.19,413.35 4 0
github.com/subhasundardass/retui/retui/renderer.go:413.35,414.19 1 0
github.com/subhasundardass/retui/retui/renderer.go:414.19,416.6 1 0
github.com/subhasundardass/retui/retui/renderer.go:417.5,417.42 1 0
github.com/subhasundardass/retui/retui/renderer.go:419.9,423.31 3 0
github.com/subhasundardass/retui/retui/renderer.go:423.31,425.19 2 0
github.com/subhasundardass/retui/retui/renderer.go:425.19,427.6 1 0
github.com/subhasundardass/retui/retui/renderer.go:429.4,430.38 2 0
github.com/subhasundardass/retui/retui/renderer.go:433.23,439.34 5 0
github.com/subhasundardass/retui/retui/renderer.go:439.34,440.40 1 0
github.com/subhasundardass/retui/retui/renderer.go:440.40,442.5 1 0
github.com/subhasundardass/retui/retui/renderer.go:443.4,444.21 2 0
github.com/subhasundardass/retui/retui/renderer.go:447.3,448.38 2 0
github.com/subhasundardass/retui/retui/renderer.go:448.38,450.4 1 0
github.com/subhasundardass/retui/retui/renderer.go:454.2,454.41 1 0
github.com/subhasundardass/retui/retui/renderer.go:454.41,456.3 1 0
github.com/subhasundardass/retui/retui/renderer.go:457.2,457.10 1 0
github.com/subhasundardass/retui/retui/renderer.go:483.129,490.22 4 0
github.com/subhasundardass/retui/retui/renderer.go:491.22,493.88 1 0
github.com/subhasundardass/retui/retui/renderer.go:495.18,497.47 1 0
github.com/subhasundardass/retui/retui/renderer.go:497.47,498.49 1 0
github.com/subhasundardass/retui/retui/renderer.go:498.49,499.27 1 0
github.com/subhasundardass/retui/retui/renderer.go:499.27,501.6 1 0
github.com/subhasundardass/retui/retui/renderer.go:504.3,504.67 1 0
github.com/subhasundardass/retui/retui/renderer.go:506.19,509.35 2 0
github.com/subhasundardass/retui/retui/renderer.go:509.35,510.30 1 0
github.com/subhasundardass/retui/retui/renderer.go:510.30,511.10 1 0
github.com/subhasundardass/retui/retui/renderer.go:513.4,513.31 1 0
github.com/subhasundardass/retui/retui/renderer.go:513.31,515.5 1 0
github.com/subhasundardass/retui/retui/renderer.go:516.4,516.22 1 0
github.com/subhasundardass/retui/retui/renderer.go:519.28,522.19 2 0
github.com/subhasundardass/retui/retui/renderer.go:522.19,524.4 1 0
github.com/subhasundardass/retui/retui/renderer.go:524.9,526.4 1 0
github.com/subhasundardass/retui/retui/renderer.go:527.3,527.30 1 0
github.com/subhasundardass/retui/retui/renderer.go:527.30,529.31 2 0
github.com/subhasundardass/retui/retui/renderer.go:529.31,530.10 1 0
github.com/subhasundardass/retui/retui/renderer.go:532.4,533.28 2 0
github.com/subhasundardass/retui/retui/renderer.go:533.28,534.31 1 0
github.com/subhasundardass/retui/retui/renderer.go:534.31,535.11 1 0
github.com/subhasundardass/retui/retui/renderer.go:537.5,537.27 1 0
github.com/subhasundardass/retui/retui/renderer.go:537.27,539.6 1 0
github.com/subhasundardass/retui/retui/renderer.go:540.5,540.23 1 0
github.com/subhasundardass/retui/retui/renderer.go:544.23,547.51 2 0
github.com/subhasundardass/retui/retui/renderer.go:547.51,549.4 1 0
github.com/subhasundardass/retui/retui/renderer.go:550.3,550.30 1 0
github.com/subhasundardass/retui/retui/renderer.go:550.30,552.31 2 0
github.com/subhasundardass/retui/retui/renderer.go:552.31,553.10 1 0
github.com/subhasundardass/retui/retui/renderer.go:555.4,556.30 2 0
github.com/subhasundardass/retui/retui/renderer.go:556.30,557.31 1 0
github.com/subhasundardass/retui/retui/renderer.go:557.31,558.11 1 0
github.com/subhasundardass/retui/retui/renderer.go:560.5,560.27 1 0
github.com/subhasundardass/retui/retui/renderer.go:560.27,563.6 2 0
github.com/subhasundardass/retui/retui/renderer.go:564.5,564.27 1 0
github.com/subhasundardass/retui/retui/renderer.go:573.2,574.48 2 0
github.com/subhasundardass/retui/retui/renderer.go:574.48,576.3 1 0
github.com/subhasundardass/retui/retui/renderer.go:580.2,580.36 1 0
github.com/subhasundardass/retui/retui/renderer.go:580.36,581.42 1 0
github.com/subhasundardass/retui/retui/renderer.go:581.42,583.4 1 0
github.com/subhasundardass/retui/retui/renderer.go:584.8,588.3 1 0
github.com/subhasundardass/retui/retui/renderer.go:589.2,589.12 1 0
github.com/subhasundardass/retui/retui/renderer.go:597.46,598.41 1 0
github.com/subhasundardass/retui/retui/renderer.go:598.41,601.3 2 0
github.com/subhasundardass/retui/retui/renderer.go:602.2,602.12 1 0
github.com/subhasundardass/retui/retui/renderer.go:622.79,623.32 1 0
github.com/subhasundardass/retui/retui/renderer.go:623.32,625.3 1 0
github.com/subhasundardass/retui/retui/renderer.go:628.2,648.14 6 0
github.com/subhasundardass/retui/retui/renderer.go:648.14,650.3 1 0
github.com/subhasundardass/retui/retui/renderer.go:651.2,651.14 1 0
github.com/subhasundardass/retui/retui/renderer.go:651.14,653.3 1 0
github.com/subhasundardass/retui/retui/renderer.go:654.2,654.21 1 0
github.com/subhasundardass/retui/retui/renderer.go:654.21,656.3 1 0
github.com/subhasundardass/retui/retui/renderer.go:657.2,657.21 1 0
github.com/subhasundardass/retui/retui/renderer.go:657.21,659.3 1 0
github.com/subhasundardass/retui/retui/renderer.go:661.2,678.35 6 0
github.com/subhasundardass/retui/retui/renderer.go:678.35,680.3 1 0
github.com/subhasundardass/retui/retui/renderer.go:695.78,696.53 1 0
github.com/subhasundardass/retui/retui/renderer.go:696.53,698.3 1 0
github.com/subhasundardass/retui/retui/renderer.go:700.2,701.31 2 0
github.com/subhasundardass/retui/retui/renderer.go:701.31,703.3 1 0
github.com/subhasundardass/retui/retui/renderer.go:704.2,711.41 4 0
github.com/subhasundardass/retui/retui/renderer.go:711.41,712.25 1 0
github.com/subhasundardass/retui/retui/renderer.go:712.25,714.4 1 0
github.com/subhasundardass/retui/retui/renderer.go:718.2,718.11 1 0
github.com/subhasundardass/retui/retui/renderer.go:718.11,720.32 1 0
github.com/subhasundardass/retui/retui/renderer.go:720.32,722.4 1 0
github.com/subhasundardass/retui/retui/renderer.go:725.3,725.43 1 0
github.com/subhasundardass/retui/retui/renderer.go:725.43,727.18 2 0
github.com/subhasundardass/retui/retui/renderer.go:727.18,732.28 3 0
github.com/subhasundardass/retui/retui/renderer.go:732.28,734.6 1 0
github.com/subhasundardass/retui/retui/renderer.go:736.5,739.26 3 0
github.com/subhasundardass/retui/retui/renderer.go:740.21,741.30 1 0
github.com/subhasundardass/retui/retui/renderer.go:743.19,744.39 1 0
github.com/subhasundardass/retui/retui/renderer.go:746.22,747.17 1 0
github.com/subhasundardass/retui/retui/renderer.go:748.13,749.44 1 0
github.com/subhasundardass/retui/retui/renderer.go:753.5,756.25 3 0
github.com/subhasundardass/retui/retui/renderer.go:756.25,758.6 1 0
github.com/subhasundardass/retui/retui/renderer.go:759.5,759.25 1 0
github.com/subhasundardass/retui/retui/renderer.go:759.25,761.6 1 0
github.com/subhasundardass/retui/retui/renderer.go:763.5,765.29 2 0
github.com/subhasundardass/retui/retui/renderer.go:765.29,767.6 1 0
github.com/subhasundardass/retui/retui/renderer.go:773.2,773.26 1 0
github.com/subhasundardass/retui/retui/renderer.go:773.26,774.32 1 0
github.com/subhasundardass/retui/retui/renderer.go:774.32,776.4 1 0
github.com/subhasundardass/retui/retui/renderer.go:780.2,780.12 1 0
github.com/subhasundardass/retui/retui/renderer.go:780.12,781.32 1 0
github.com/subhasundardass/retui/retui/renderer.go:781.32,783.4 1 0
github.com/subhasundardass/retui/retui/renderer.go:787.2,787.25 1 0
github.com/subhasundardass/retui/retui/renderer.go:787.25,788.32 1 0
github.com/subhasundardass/retui/retui/renderer.go:788.32,790.4 1 0
github.com/subhasundardass/retui/retui/renderer.go:794.2,794.71 1 0
github.com/subhasundardass/retui/retui/renderer.go:794.71,796.3 1 0
github.com/subhasundardass/retui/retui/renderer.go:797.2,797.74 1 0
github.com/subhasundardass/retui/retui/renderer.go:797.74,799.3 1 0
github.com/subhasundardass/retui/retui/renderer.go:800.2,800.80 1 0
github.com/subhasundardass/retui/retui/renderer.go:800.80,802.3 1 0
github.com/subhasundardass/retui/retui/renderer.go:803.2,803.83 1 0
github.com/subhasundardass/retui/retui/renderer.go:803.83,805.3 1 0
github.com/subhasundardass/retui/retui/renderer.go:814.71,815.9 1 0
github.com/subhasundardass/retui/retui/renderer.go:816.20,817.20 1 0
github.com/subhasundardass/retui/retui/renderer.go:818.12,819.15 1 0
github.com/subhasundardass/retui/retui/renderer.go:820.12,821.15 1 0
github.com/subhasundardass/retui/retui/renderer.go:822.10,823.11 1 0
github.com/subhasundardass/retui/retui/renderer.go:835.39,837.2 1 0
github.com/subhasundardass/retui/retui/renderer.go:843.36,846.13 3 0
github.com/subhasundardass/retui/retui/renderer.go:846.13,848.3 1 0
github.com/subhasundardass/retui/retui/renderer.go:849.2,849.13 1 0
github.com/subhasundardass/retui/retui/renderer.go:849.13,851.3 1 0
github.com/subhasundardass/retui/retui/renderer.go:852.2,852.60 1 0
github.com/subhasundardass/retui/retui/renderer.go:857.27,858.11 1 0
github.com/subhasundardass/retui/retui/renderer.go:858.11,860.3 1 0
github.com/subhasundardass/retui/retui/renderer.go:861.2,861.10 1 0
github.com/subhasundardass/retui/retui/resize_unix.go:11.47,14.24 3 0
github.com/subhasundardass/retui/retui/resize_unix.go:14.24,14.47 1 0
github.com/subhasundardass/retui/retui/runtime.go:72.37,80.48 3 0
github.com/subhasundardass/retui/retui/runtime.go:80.48,82.3 1 0
github.com/subhasundardass/retui/retui/runtime.go:82.8,84.3 1 0
github.com/subhasundardass/retui/retui/runtime.go:86.2,92.3 2 0
github.com/subhasundardass/retui/retui/runtime.go:152.13,153.9 1 0
github.com/subhasundardass/retui/retui/runtime.go:154.28,154.28 0 0
github.com/subhasundardass/retui/retui/runtime.go:155.10,155.10 0 0
github.com/subhasundardass/retui/retui/runtime.go:237.62,248.24 5 0
github.com/subhasundardass/retui/retui/runtime.go:248.24,249.22 1 0
github.com/subhasundardass/retui/retui/runtime.go:249.22,249.37 1 0
github.com/subhasundardass/retui/retui/runtime.go:256.2,262.12 4 0
github.com/subhasundardass/retui/retui/runtime.go:262.12,264.7 2 0
github.com/subhasundardass/retui/retui/runtime.go:264.7,267.11 3 0
github.com/subhasundardass/retui/retui/runtime.go:268.26,268.26 0 0
github.com/subhasundardass/retui/retui/runtime.go:270.16,272.11 1 0
github.com/subhasundardass/retui/retui/runtime.go:273.12,273.12 0 0
github.com/subhasundardass/retui/retui/runtime.go:281.2,281.12 1 0
github.com/subhasundardass/retui/retui/runtime.go:281.12,284.7 3 0
github.com/subhasundardass/retui/retui/runtime.go:284.7,286.18 2 0
github.com/subhasundardass/retui/retui/runtime.go:286.18,290.5 2 0
github.com/subhasundardass/retui/retui/runtime.go:291.4,291.46 1 0
github.com/subhasundardass/retui/retui/runtime.go:291.46,292.29 1 0
github.com/subhasundardass/retui/retui/runtime.go:292.29,296.6 2 0
github.com/subhasundardass/retui/retui/runtime.go:297.5,297.16 1 0
github.com/subhasundardass/retui/retui/runtime.go:303.2,306.6 2 0
github.com/subhasundardass/retui/retui/runtime.go:306.6,307.10 1 0
github.com/subhasundardass/retui/retui/runtime.go:308.15,310.10 1 0
github.com/subhasundardass/retui/retui/runtime.go:312.17,314.17 1 0
github.com/subhasundardass/retui/retui/runtime.go:316.22,321.39 2 0
github.com/subhasundardass/retui/retui/runtime.go:321.39,322.33 1 0
github.com/subhasundardass/retui/retui/runtime.go:322.33,324.6 1 0
github.com/subhasundardass/retui/retui/runtime.go:325.5,326.10 2 0
github.com/subhasundardass/retui/retui/runtime.go:330.4,334.32 3 0
github.com/subhasundardass/retui/retui/runtime.go:334.32,336.5 1 0
github.com/subhasundardass/retui/retui/runtime.go:339.4,339.16 1 0
github.com/subhasundardass/retui/retui/runtime.go:339.16,341.5 1 0
github.com/subhasundardass/retui/retui/runtime.go:343.4,343.23 1 0
github.com/subhasundardass/retui/retui/runtime.go:345.27,348.23 2 0
github.com/subhasundardass/retui/retui/runtime.go:350.17,354.23 3 0
github.com/subhasundardass/retui/retui/runtime.go:392.65,405.15 7 0
github.com/subhasundardass/retui/retui/runtime.go:405.15,408.3 1 0
github.com/subhasundardass/retui/retui/runtime.go:409.2,410.27 2 0
github.com/subhasundardass/retui/retui/runtime.go:410.27,414.3 2 0
github.com/subhasundardass/retui/retui/runtime.go:419.2,424.27 5 0
github.com/subhasundardass/retui/retui/runtime.go:424.27,426.3 1 0
github.com/subhasundardass/retui/retui/runtime.go:428.2,438.19 5 0
github.com/subhasundardass/retui/retui/runtime.go:438.19,443.28 5 0
github.com/subhasundardass/retui/retui/runtime.go:443.28,445.4 1 0
github.com/subhasundardass/retui/retui/runtime.go:446.3,447.19 2 0
github.com/subhasundardass/retui/retui/screen.go:110.58,119.2 4 1
github.com/subhasundardass/retui/retui/screen.go:129.32,131.94 2 1
github.com/subhasundardass/retui/retui/screen.go:131.94,133.3 1 0
github.com/subhasundardass/retui/retui/screen.go:134.2,134.35 1 1
github.com/subhasundardass/retui/retui/screen.go:145.29,146.29 1 1
github.com/subhasundardass/retui/retui/screen.go:146.29,148.3 1 1
github.com/subhasundardass/retui/retui/screen.go:149.2,149.21 1 1
github.com/subhasundardass/retui/retui/screen.go:153.31,156.2 2 1
github.com/subhasundardass/retui/retui/screen.go:159.43,161.22 2 2
github.com/subhasundardass/retui/retui/screen.go:161.22,163.3 1 48
github.com/subhasundardass/retui/retui/screen.go:164.2,164.13 1 2
github.com/subhasundardass/retui/retui/screen.go:182.26,184.69 1 0
github.com/subhasundardass/retui/retui/screen.go:184.69,186.3 1 0
github.com/subhasundardass/retui/retui/screen.go:188.2,189.16 2 0
github.com/subhasundardass/retui/retui/screen.go:189.16,191.3 1 0
github.com/subhasundardass/retui/retui/screen.go:194.2,194.94 1 0
github.com/subhasundardass/retui/retui/screen.go:194.94,199.42 4 0
github.com/subhasundardass/retui/retui/screen.go:199.42,204.4 4 0
github.com/subhasundardass/retui/retui/screen.go:205.3,205.16 1 0
github.com/subhasundardass/retui/retui/screen.go:208.2,211.41 3 0
github.com/subhasundardass/retui/retui/screen.go:221.25,225.23 4 0
github.com/subhasundardass/retui/retui/screen.go:225.23,226.70 1 0
github.com/subhasundardass/retui/retui/screen.go:226.70,228.4 1 0
github.com/subhasundardass/retui/retui/screen.go:237.30,237.48 1 0
github.com/subhasundardass/retui/retui/screen.go:240.31,240.50 1 0
github.com/subhasundardass/retui/retui/screen.go:250.33,252.42 2 0
github.com/subhasundardass/retui/retui/screen.go:252.42,254.3 1 0
github.com/subhasundardass/retui/retui/screen.go:256.2,268.23 11 0
github.com/subhasundardass/retui/retui/screen.go:277.44,285.2 7 0
github.com/subhasundardass/retui/retui/screen.go:304.61,305.53 1 0
github.com/subhasundardass/retui/retui/screen.go:305.53,307.3 1 0
github.com/subhasundardass/retui/retui/screen.go:309.2,312.27 3 0
github.com/subhasundardass/retui/retui/screen.go:312.27,314.3 1 0
github.com/subhasundardass/retui/retui/screen.go:316.2,320.27 3 0
github.com/subhasundardass/retui/retui/screen.go:320.27,322.34 2 0
github.com/subhasundardass/retui/retui/screen.go:322.34,325.4 2 0
github.com/subhasundardass/retui/retui/screen.go:334.41,335.53 1 0
github.com/subhasundardass/retui/retui/screen.go:335.53,337.3 1 0
github.com/subhasundardass/retui/retui/screen.go:338.2,338.22 1 0
github.com/subhasundardass/retui/retui/screen.go:346.26,347.32 1 0
github.com/subhasundardass/retui/retui/screen.go:347.32,348.32 1 0
github.com/subhasundardass/retui/retui/screen.go:348.32,349.30 1 0
github.com/subhasundardass/retui/retui/screen.go:349.30,350.13 1 0
github.com/subhasundardass/retui/retui/screen.go:352.4,353.21 2 0
github.com/subhasundardass/retui/retui/screen.go:389.87,399.2 3 0
github.com/subhasundardass/retui/retui/screen.go:413.63,414.43 1 0
github.com/subhasundardass/retui/retui/screen.go:414.43,416.41 2 0
github.com/subhasundardass/retui/retui/screen.go:416.41,417.12 1 0
github.com/subhasundardass/retui/retui/screen.go:419.3,419.43 1 0
github.com/subhasundardass/retui/retui/screen.go:419.43,421.41 2 0
github.com/subhasundardass/retui/retui/screen.go:421.41,422.13 1 0
github.com/subhasundardass/retui/retui/screen.go:424.4,425.41 2 0
github.com/subhasundardass/retui/retui/screen.go:425.41,426.13 1 0
github.com/subhasundardass/retui/retui/screen.go:428.4,429.27 2 0
github.com/subhasundardass/retui/retui/screen.go:447.26,448.37 1 0
github.com/subhasundardass/retui/retui/screen.go:448.37,450.3 1 0
github.com/subhasundardass/retui/retui/screen.go:452.2,458.50 5 0
github.com/subhasundardass/retui/retui/screen.go:458.50,459.22 1 0
github.com/subhasundardass/retui/retui/screen.go:459.22,460.12 1 0
github.com/subhasundardass/retui/retui/screen.go:463.3,464.40 2 0
github.com/subhasundardass/retui/retui/screen.go:464.40,465.12 1 0
github.com/subhasundardass/retui/retui/screen.go:468.3,468.32 1 0
github.com/subhasundardass/retui/retui/screen.go:468.32,470.28 2 0
github.com/subhasundardass/retui/retui/screen.go:470.28,471.13 1 0
github.com/subhasundardass/retui/retui/screen.go:475.4,475.45 1 0
github.com/subhasundardass/retui/retui/screen.go:475.45,478.5 2 0
github.com/subhasundardass/retui/retui/screen.go:481.4,481.50 1 0
github.com/subhasundardass/retui/retui/screen.go:481.50,485.5 3 0
github.com/subhasundardass/retui/retui/screen.go:487.4,488.14 2 0
github.com/subhasundardass/retui/retui/screen.go:488.14,490.5 1 0
github.com/subhasundardass/retui/retui/screen.go:491.4,494.14 3 0
github.com/subhasundardass/retui/retui/screen.go:494.14,496.5 1 0
github.com/subhasundardass/retui/retui/screen.go:497.4,499.23 2 0
github.com/subhasundardass/retui/retui/screen.go:503.2,503.17 1 0
github.com/subhasundardass/retui/retui/screen.go:503.17,505.3 1 0
github.com/subhasundardass/retui/retui/screen.go:507.2,508.16 2 0
github.com/subhasundardass/retui/retui/screen.go:520.43,521.21 1 0
github.com/subhasundardass/retui/retui/screen.go:521.21,523.3 1 0
github.com/subhasundardass/retui/retui/screen.go:524.2,525.26 2 0
github.com/subhasundardass/retui/retui/screen.go:525.26,527.3 1 0
github.com/subhasundardass/retui/retui/screen.go:528.2,531.16 3 0
github.com/subhasundardass/retui/retui/screen.go:531.16,533.3 1 0
github.com/subhasundardass/retui/retui/screen.go:535.2,539.21 4 0
github.com/subhasundardass/retui/retui/screen.go:539.21,541.3 1 0
github.com/subhasundardass/retui/retui/screen.go:543.2,543.37 1 0
github.com/subhasundardass/retui/retui/screen.go:543.37,547.32 3 0
github.com/subhasundardass/retui/retui/screen.go:547.32,549.47 2 0
github.com/subhasundardass/retui/retui/screen.go:549.47,550.20 1 0
github.com/subhasundardass/retui/retui/screen.go:550.20,552.6 1 0
github.com/subhasundardass/retui/retui/screen.go:553.5,555.23 3 0
github.com/subhasundardass/retui/retui/screen.go:557.4,558.14 2 0
github.com/subhasundardass/retui/retui/screen.go:558.14,560.5 1 0
github.com/subhasundardass/retui/retui/screen.go:561.4,561.37 1 0
github.com/subhasundardass/retui/retui/screen.go:564.3,564.18 1 0
github.com/subhasundardass/retui/retui/screen.go:564.18,566.4 1 0
github.com/subhasundardass/retui/retui/screen.go:567.3,567.21 1 0
github.com/subhasundardass/retui/retui/screen.go:567.21,569.4 1 0
github.com/subhasundardass/retui/retui/screen.go:572.2,575.37 2 0
github.com/subhasundardass/retui/retui/screen.go:575.37,577.27 2 0
github.com/subhasundardass/retui/retui/screen.go:577.27,579.4 1 0
github.com/subhasundardass/retui/retui/screen.go:582.2,583.26 2 0
github.com/subhasundardass/retui/retui/screen.go:590.38,591.36 1 0
github.com/subhasundardass/retui/retui/screen.go:591.36,593.3 1 0
github.com/subhasundardass/retui/retui/screen.go:594.2,596.46 3 0
github.com/subhasundardass/retui/retui/screen.go:596.46,598.3 1 0
github.com/subhasundardass/retui/retui/screen.go:599.2,599.23 1 0
github.com/subhasundardass/retui/retui/screen.go:599.23,601.3 1 0
github.com/subhasundardass/retui/retui/screen.go:604.31,609.2 4 1
github.com/subhasundardass/retui/retui/screen.go:611.31,615.29 4 0
github.com/subhasundardass/retui/retui/screen.go:615.29,617.3 1 0
github.com/subhasundardass/retui/retui/screen.go:620.41,622.32 2 0
github.com/subhasundardass/retui/retui/screen.go:622.32,623.9 1 0
github.com/subhasundardass/retui/retui/screen.go:623.9,624.12 1 0
github.com/subhasundardass/retui/retui/screen.go:626.3,626.26 1 0
github.com/subhasundardass/retui/retui/screen.go:626.26,628.4 1 0
github.com/subhasundardass/retui/retui/screen.go:629.3,629.20 1 0
github.com/subhasundardass/retui/retui/screen.go:631.2,631.31 1 0
github.com/subhasundardass/retui/retui/screen.go:636.38,640.29 4 0
github.com/subhasundardass/retui/retui/screen.go:640.29,642.3 1 0
github.com/subhasundardass/retui/retui/screen.go:651.28,653.2 1 351
github.com/subhasundardass/retui/retui/style.go:20.23,22.2 1 1724
github.com/subhasundardass/retui/retui/style.go:24.38,27.2 2 372
github.com/subhasundardass/retui/retui/style.go:29.46,32.2 2 811
github.com/subhasundardass/retui/retui/style.go:34.46,37.2 2 123
github.com/subhasundardass/retui/retui/style.go:39.42,42.2 2 0
github.com/subhasundardass/retui/retui/style.go:44.48,47.2 2 0
github.com/subhasundardass/retui/retui/style.go:92.28,94.2 1 0
github.com/subhasundardass/retui/retui/style.go:96.39,97.32 1 0
github.com/subhasundardass/retui/retui/style.go:97.32,99.3 1 0
github.com/subhasundardass/retui/retui/style.go:100.2,101.10 2 0
github.com/subhasundardass/retui/retui/style.go:119.44,121.2 1 0
github.com/subhasundardass/retui/retui/style.go:124.30,126.2 1 0
github.com/subhasundardass/retui/retui/style.go:130.29,131.24 1 0
github.com/subhasundardass/retui/retui/style.go:131.24,133.3 1 0
github.com/subhasundardass/retui/retui/style.go:134.2,134.52 1 0
github.com/subhasundardass/retui/retui/style.go:137.35,138.11 1 0
github.com/subhasundardass/retui/retui/style.go:138.11,140.3 1 0
github.com/subhasundardass/retui/retui/style.go:141.2,141.11 1 0
github.com/subhasundardass/retui/retui/style.go:141.11,143.3 1 0
github.com/subhasundardass/retui/retui/style.go:144.2,144.10 1 0
github.com/subhasundardass/retui/retui/style.go:147.41,149.2 1 0
github.com/subhasundardass/retui/retui/style.go:153.46,154.24 1 0
github.com/subhasundardass/retui/retui/style.go:154.24,156.3 1 0
github.com/subhasundardass/retui/retui/style.go:157.2,163.3 2 0
github.com/subhasundardass/retui/retui/style.go:168.45,169.24 1 0
github.com/subhasundardass/retui/retui/style.go:169.24,171.3 1 0
github.com/subhasundardass/retui/retui/style.go:172.2,178.3 2 0
github.com/subhasundardass/retui/retui/style.go:184.39,185.46 1 0
github.com/subhasundardass/retui/retui/style.go:185.46,187.3 1 0
github.com/subhasundardass/retui/retui/style.go:188.2,188.24 1 0
github.com/subhasundardass/retui/retui/style.go:188.24,190.3 1 0
github.com/subhasundardass/retui/retui/style.go:191.2,191.24 1 0
github.com/subhasundardass/retui/retui/style.go:191.24,193.3 1 0
github.com/subhasundardass/retui/retui/style.go:194.2,200.3 2 0
github.com/subhasundardass/retui/retui/style.go:257.30,260.21 2 44
github.com/subhasundardass/retui/retui/style.go:260.21,262.3 1 0
github.com/subhasundardass/retui/retui/style.go:264.2,267.47 4 44
github.com/subhasundardass/retui/retui/style.go:267.47,269.3 1 0
github.com/subhasundardass/retui/retui/style.go:271.2,276.3 1 44
github.com/subhasundardass/retui/retui/style.go:281.31,283.2 1 0
github.com/subhasundardass/retui/retui/style.go:286.33,291.2 1 20
github.com/subhasundardass/retui/retui/style.go:296.24,297.11 1 48
github.com/subhasundardass/retui/retui/style.go:297.11,299.3 1 0
github.com/subhasundardass/retui/retui/style.go:300.2,300.12 1 48
github.com/subhasundardass/retui/retui/style.go:300.12,302.3 1 0
github.com/subhasundardass/retui/retui/style.go:303.2,303.56 1 48
github.com/subhasundardass/retui/retui/style.go:306.36,312.12 3 0
github.com/subhasundardass/retui/retui/style.go:312.12,314.3 1 0
github.com/subhasundardass/retui/retui/style.go:315.2,315.14 1 0
github.com/subhasundardass/retui/retui/style.go:315.14,317.3 1 0
github.com/subhasundardass/retui/retui/style.go:318.2,318.17 1 0
github.com/subhasundardass/retui/retui/style.go:318.17,320.3 1 0
github.com/subhasundardass/retui/retui/style.go:323.2,323.27 1 0
github.com/subhasundardass/retui/retui/style.go:324.19,325.52 1 0
github.com/subhasundardass/retui/retui/style.go:326.20,327.54 1 0
github.com/subhasundardass/retui/retui/style.go:328.16,329.89 1 0
github.com/subhasundardass/retui/retui/style.go:333.2,333.27 1 0
github.com/subhasundardass/retui/retui/style.go:334.19,335.52 1 0
github.com/subhasundardass/retui/retui/style.go:336.20,337.54 1 0
github.com/subhasundardass/retui/retui/style.go:338.16,339.89 1 0
github.com/subhasundardass/retui/retui/style.go:342.2,342.19 1 0
github.com/subhasundardass/retui/retui/style.go:345.30,347.2 1 0
github.com/subhasundardass/retui/retui/style.go:354.45,355.40 1 0
github.com/subhasundardass/retui/retui/style.go:355.40,357.3 1 0
github.com/subhasundardass/retui/retui/style.go:359.2,359.40 1 0
github.com/subhasundardass/retui/retui/style.go:359.40,361.3 1 0
github.com/subhasundardass/retui/retui/style.go:363.2,363.32 1 0
github.com/subhasundardass/retui/retui/style.go:363.32,365.3 1 0
github.com/subhasundardass/retui/retui/style.go:367.2,367.14 1 0
github.com/subhasundardass/retui/retui/components/badge.go:6.72,11.2 1 23
github.com/subhasundardass/retui/retui/components/button.go:36.28,57.2 1 22
github.com/subhasundardass/retui/retui/components/button.go:59.49,62.2 2 6
github.com/subhasundardass/retui/retui/components/button.go:64.52,67.2 2 5
github.com/subhasundardass/retui/retui/components/button.go:69.49,72.2 2 2
github.com/subhasundardass/retui/retui/components/button.go:74.53,77.2 2 3
github.com/subhasundardass/retui/retui/components/button.go:79.53,82.2 2 3
github.com/subhasundardass/retui/retui/components/button.go:84.57,87.2 2 1
github.com/subhasundardass/retui/retui/components/button.go:89.62,92.2 2 1
github.com/subhasundardass/retui/retui/components/button.go:94.63,97.2 2 1
github.com/subhasundardass/retui/retui/components/button.go:99.52,102.2 2 2
github.com/subhasundardass/retui/retui/components/button.go:104.51,107.2 2 2
github.com/subhasundardass/retui/retui/components/button.go:110.52,113.2 2 0
github.com/subhasundardass/retui/retui/components/button.go:115.51,118.2 2 0
github.com/subhasundardass/retui/retui/components/button.go:122.61,125.2 2 1
github.com/subhasundardass/retui/retui/components/button.go:127.80,130.2 2 1
github.com/subhasundardass/retui/retui/components/button.go:132.61,135.2 2 1
github.com/subhasundardass/retui/retui/components/button.go:137.60,140.2 2 1
github.com/subhasundardass/retui/retui/components/button.go:144.46,146.2 1 4
github.com/subhasundardass/retui/retui/components/button.go:150.82,153.19 1 12
github.com/subhasundardass/retui/retui/components/button.go:153.19,155.3 1 0
github.com/subhasundardass/retui/retui/components/button.go:157.2,160.24 2 12
github.com/subhasundardass/retui/retui/components/button.go:160.24,162.3 1 0
github.com/subhasundardass/retui/retui/components/button.go:165.2,165.77 1 12
github.com/subhasundardass/retui/retui/components/button.go:165.77,167.3 1 1
github.com/subhasundardass/retui/retui/components/button.go:169.2,169.77 1 12
github.com/subhasundardass/retui/retui/components/button.go:169.77,171.3 1 1
github.com/subhasundardass/retui/retui/components/button.go:174.2,174.33 1 12
github.com/subhasundardass/retui/retui/components/button.go:174.33,177.50 2 3
github.com/subhasundardass/retui/retui/components/button.go:177.50,178.41 1 0
github.com/subhasundardass/retui/retui/components/button.go:178.41,179.16 1 0
github.com/subhasundardass/retui/retui/components/button.go:183.3,183.19 1 3
github.com/subhasundardass/retui/retui/components/button.go:184.39,186.48 2 0
github.com/subhasundardass/retui/retui/components/button.go:186.48,188.5 1 0
github.com/subhasundardass/retui/retui/components/button.go:190.4,190.14 1 0
github.com/subhasundardass/retui/retui/components/button.go:190.14,192.5 1 0
github.com/subhasundardass/retui/retui/components/button.go:198.2,199.14 2 12
github.com/subhasundardass/retui/retui/components/button.go:199.14,201.3 1 1
github.com/subhasundardass/retui/retui/components/button.go:201.8,201.20 1 11
github.com/subhasundardass/retui/retui/components/button.go:201.20,203.3 1 3
github.com/subhasundardass/retui/retui/components/button.go:203.8,205.3 1 8
github.com/subhasundardass/retui/retui/components/button.go:208.2,209.19 2 12
github.com/subhasundardass/retui/retui/components/button.go:209.19,211.3 1 5
github.com/subhasundardass/retui/retui/components/button.go:214.2,217.22 2 12
github.com/subhasundardass/retui/retui/components/button.go:217.22,219.32 2 1
github.com/subhasundardass/retui/retui/components/button.go:219.32,222.4 2 1
github.com/subhasundardass/retui/retui/components/button.go:226.2,227.25 2 12
github.com/subhasundardass/retui/retui/components/button.go:227.25,229.3 1 4
github.com/subhasundardass/retui/retui/components/button.go:229.8,231.3 1 8
github.com/subhasundardass/retui/retui/components/button.go:233.2,234.25 2 12
github.com/subhasundardass/retui/retui/components/button.go:234.25,236.3 1 4
github.com/subhasundardass/retui/retui/components/button.go:236.8,238.3 1 8
github.com/subhasundardass/retui/retui/components/button.go:241.2,243.25 2 12
github.com/subhasundardass/retui/retui/components/button.go:243.25,245.3 1 1
github.com/subhasundardass/retui/retui/components/button.go:247.2,249.25 2 12
github.com/subhasundardass/retui/retui/components/button.go:249.25,251.3 1 1
github.com/subhasundardass/retui/retui/components/button.go:254.2,260.3 1 12
github.com/subhasundardass/retui/retui/components/checkbox.go:44.32,64.2 1 28
github.com/subhasundardass/retui/retui/components/checkbox.go:66.53,69.2 2 7
github.com/subhasundardass/retui/retui/components/checkbox.go:71.56,74.2 2 5
github.com/subhasundardass/retui/retui/components/checkbox.go:76.56,79.2 2 9
github.com/subhasundardass/retui/retui/components/checkbox.go:81.53,84.2 2 4
github.com/subhasundardass/retui/retui/components/checkbox.go:86.61,89.2 2 1
github.com/subhasundardass/retui/retui/components/checkbox.go:91.68,94.2 2 1
github.com/subhasundardass/retui/retui/components/checkbox.go:96.70,99.2 2 1
github.com/subhasundardass/retui/retui/components/checkbox.go:101.56,104.2 2 3
github.com/subhasundardass/retui/retui/components/checkbox.go:107.56,110.2 2 0
github.com/subhasundardass/retui/retui/components/checkbox.go:111.57,114.2 2 0
github.com/subhasundardass/retui/retui/components/checkbox.go:115.55,118.2 2 0
github.com/subhasundardass/retui/retui/components/checkbox.go:122.72,125.2 2 2
github.com/subhasundardass/retui/retui/components/checkbox.go:127.84,130.2 2 2
github.com/subhasundardass/retui/retui/components/checkbox.go:132.65,135.2 2 2
github.com/subhasundardass/retui/retui/components/checkbox.go:137.64,140.2 2 2
github.com/subhasundardass/retui/retui/components/checkbox.go:144.48,146.2 1 10
github.com/subhasundardass/retui/retui/components/checkbox.go:150.73,152.19 1 20
github.com/subhasundardass/retui/retui/components/checkbox.go:152.19,154.3 1 0
github.com/subhasundardass/retui/retui/components/checkbox.go:156.2,159.31 2 20
github.com/subhasundardass/retui/retui/components/checkbox.go:159.31,161.3 1 0
github.com/subhasundardass/retui/retui/components/checkbox.go:164.2,164.77 1 20
github.com/subhasundardass/retui/retui/components/checkbox.go:164.77,166.3 1 1
github.com/subhasundardass/retui/retui/components/checkbox.go:168.2,168.77 1 20
github.com/subhasundardass/retui/retui/components/checkbox.go:168.77,170.3 1 1
github.com/subhasundardass/retui/retui/components/checkbox.go:173.2,173.33 1 20
github.com/subhasundardass/retui/retui/components/checkbox.go:173.33,176.50 2 4
github.com/subhasundardass/retui/retui/components/checkbox.go:176.50,177.41 1 1
github.com/subhasundardass/retui/retui/components/checkbox.go:177.41,178.16 1 1
github.com/subhasundardass/retui/retui/components/checkbox.go:182.3,182.19 1 3
github.com/subhasundardass/retui/retui/components/checkbox.go:183.23,187.49 4 0
github.com/subhasundardass/retui/retui/components/checkbox.go:187.49,189.5 1 0
github.com/subhasundardass/retui/retui/components/checkbox.go:191.23,196.49 4 0
github.com/subhasundardass/retui/retui/components/checkbox.go:196.49,198.5 1 0
github.com/subhasundardass/retui/retui/components/checkbox.go:204.2,205.13 2 20
github.com/subhasundardass/retui/retui/components/checkbox.go:205.13,207.3 1 4
github.com/subhasundardass/retui/retui/components/checkbox.go:210.2,211.13 2 20
github.com/subhasundardass/retui/retui/components/checkbox.go:211.13,215.3 1 4
github.com/subhasundardass/retui/retui/components/checkbox.go:215.8,218.3 1 16
github.com/subhasundardass/retui/retui/components/checkbox.go:221.2,221.13 1 20
github.com/subhasundardass/retui/retui/components/checkbox.go:221.13,225.3 1 4
github.com/subhasundardass/retui/retui/components/checkbox.go:228.2,229.24 2 20
github.com/subhasundardass/retui/retui/components/checkbox.go:229.24,231.3 1 11
github.com/subhasundardass/retui/retui/components/checkbox.go:234.2,234.22 1 20
github.com/subhasundardass/retui/retui/components/checkbox.go:234.22,236.32 2 1
github.com/subhasundardass/retui/retui/components/checkbox.go:236.32,239.4 2 1
github.com/subhasundardass/retui/retui/components/checkbox.go:243.2,243.38 1 20
github.com/subhasundardass/retui/retui/components/date.go:64.34,88.2 1 33
github.com/subhasundardass/retui/retui/components/date.go:90.55,93.2 2 8
github.com/subhasundardass/retui/retui/components/date.go:95.58,98.2 2 3
github.com/subhasundardass/retui/retui/components/date.go:100.59,103.2 2 7
github.com/subhasundardass/retui/retui/components/date.go:105.64,108.2 2 4
github.com/subhasundardass/retui/retui/components/date.go:110.55,113.2 2 3
github.com/subhasundardass/retui/retui/components/date.go:115.59,118.2 2 3
github.com/subhasundardass/retui/retui/components/date.go:120.59,123.2 2 3
github.com/subhasundardass/retui/retui/components/date.go:125.63,128.2 2 1
github.com/subhasundardass/retui/retui/components/date.go:131.58,134.2 2 0
github.com/subhasundardass/retui/retui/components/date.go:135.59,138.2 2 0
github.com/subhasundardass/retui/retui/components/date.go:139.57,142.2 2 0
github.com/subhasundardass/retui/retui/components/date.go:147.56,150.2 2 2
github.com/subhasundardass/retui/retui/components/date.go:153.56,156.2 2 2
github.com/subhasundardass/retui/retui/components/date.go:158.58,161.2 2 3
github.com/subhasundardass/retui/retui/components/date.go:163.76,166.2 2 2
github.com/subhasundardass/retui/retui/components/date.go:168.86,171.2 2 2
github.com/subhasundardass/retui/retui/components/date.go:173.67,176.2 2 2
github.com/subhasundardass/retui/retui/components/date.go:178.66,181.2 2 2
github.com/subhasundardass/retui/retui/components/date.go:183.76,186.2 2 2
github.com/subhasundardass/retui/retui/components/date.go:190.49,192.2 1 14
github.com/subhasundardass/retui/retui/components/date.go:197.45,199.27 2 56
github.com/subhasundardass/retui/retui/components/date.go:199.27,200.29 1 162
github.com/subhasundardass/retui/retui/components/date.go:200.29,202.4 1 118
github.com/subhasundardass/retui/retui/components/date.go:204.2,204.24 1 56
github.com/subhasundardass/retui/retui/components/date.go:208.41,210.26 2 25
github.com/subhasundardass/retui/retui/components/date.go:210.26,211.42 1 238
github.com/subhasundardass/retui/retui/components/date.go:211.42,213.4 1 190
github.com/subhasundardass/retui/retui/components/date.go:215.2,215.14 1 25
github.com/subhasundardass/retui/retui/components/date.go:220.60,221.21 1 8
github.com/subhasundardass/retui/retui/components/date.go:221.21,223.3 1 1
github.com/subhasundardass/retui/retui/components/date.go:225.2,229.32 4 7
github.com/subhasundardass/retui/retui/components/date.go:229.32,230.60 1 70
github.com/subhasundardass/retui/retui/components/date.go:230.60,231.29 1 56
github.com/subhasundardass/retui/retui/components/date.go:231.29,234.5 2 42
github.com/subhasundardass/retui/retui/components/date.go:234.10,236.5 1 14
github.com/subhasundardass/retui/retui/components/date.go:237.9,239.4 1 14
github.com/subhasundardass/retui/retui/components/date.go:242.2,242.24 1 7
github.com/subhasundardass/retui/retui/components/date.go:247.69,251.32 3 6
github.com/subhasundardass/retui/retui/components/date.go:251.32,252.60 1 28
github.com/subhasundardass/retui/retui/components/date.go:252.60,253.36 1 22
github.com/subhasundardass/retui/retui/components/date.go:253.36,255.5 1 6
github.com/subhasundardass/retui/retui/components/date.go:256.4,256.16 1 16
github.com/subhasundardass/retui/retui/components/date.go:258.3,258.15 1 22
github.com/subhasundardass/retui/retui/components/date.go:261.2,261.19 1 0
github.com/subhasundardass/retui/retui/components/date.go:266.116,267.21 1 20
github.com/subhasundardass/retui/retui/components/date.go:267.21,269.20 2 19
github.com/subhasundardass/retui/retui/components/date.go:269.20,271.4 1 17
github.com/subhasundardass/retui/retui/components/date.go:272.3,272.14 1 19
github.com/subhasundardass/retui/retui/components/date.go:272.14,274.4 1 3
github.com/subhasundardass/retui/retui/components/date.go:275.3,275.17 1 16
github.com/subhasundardass/retui/retui/components/date.go:278.2,280.13 2 1
github.com/subhasundardass/retui/retui/components/date.go:280.13,284.36 3 0
github.com/subhasundardass/retui/retui/components/date.go:284.36,286.4 1 0
github.com/subhasundardass/retui/retui/components/date.go:287.3,287.31 1 0
github.com/subhasundardass/retui/retui/components/date.go:290.2,290.18 1 1
github.com/subhasundardass/retui/retui/components/date.go:302.58,308.44 5 46
github.com/subhasundardass/retui/retui/components/date.go:308.44,309.13 1 138
github.com/subhasundardass/retui/retui/components/date.go:310.12,311.36 1 46
github.com/subhasundardass/retui/retui/components/date.go:312.12,313.36 1 46
github.com/subhasundardass/retui/retui/components/date.go:314.12,315.36 1 46
github.com/subhasundardass/retui/retui/components/date.go:319.2,319.26 1 46
github.com/subhasundardass/retui/retui/components/date.go:319.26,320.42 1 460
github.com/subhasundardass/retui/retui/components/date.go:320.42,321.19 1 368
github.com/subhasundardass/retui/retui/components/date.go:321.19,324.5 2 138
github.com/subhasundardass/retui/retui/components/date.go:324.10,324.28 1 230
github.com/subhasundardass/retui/retui/components/date.go:324.28,329.5 4 0
github.com/subhasundardass/retui/retui/components/date.go:330.4,331.14 2 368
github.com/subhasundardass/retui/retui/components/date.go:332.9,332.24 1 92
github.com/subhasundardass/retui/retui/components/date.go:332.24,335.4 2 92
github.com/subhasundardass/retui/retui/components/date.go:337.2,337.16 1 46
github.com/subhasundardass/retui/retui/components/date.go:337.16,339.3 1 46
github.com/subhasundardass/retui/retui/components/date.go:340.2,340.8 1 46
github.com/subhasundardass/retui/retui/components/date.go:345.85,349.46 3 44
github.com/subhasundardass/retui/retui/components/date.go:349.46,350.62 1 132
github.com/subhasundardass/retui/retui/components/date.go:350.62,352.4 1 68
github.com/subhasundardass/retui/retui/components/date.go:353.3,354.17 2 64
github.com/subhasundardass/retui/retui/components/date.go:354.17,356.4 1 0
github.com/subhasundardass/retui/retui/components/date.go:357.3,357.17 1 64
github.com/subhasundardass/retui/retui/components/date.go:360.2,365.8 6 44
github.com/subhasundardass/retui/retui/components/date.go:372.53,373.52 1 23
github.com/subhasundardass/retui/retui/components/date.go:373.52,375.3 1 3
github.com/subhasundardass/retui/retui/components/date.go:376.2,377.70 2 20
github.com/subhasundardass/retui/retui/components/date.go:382.44,384.2 1 13
github.com/subhasundardass/retui/retui/components/date.go:388.77,391.48 3 11
github.com/subhasundardass/retui/retui/components/date.go:391.48,393.3 1 3
github.com/subhasundardass/retui/retui/components/date.go:394.2,394.22 1 8
github.com/subhasundardass/retui/retui/components/date.go:402.85,404.15 2 27
github.com/subhasundardass/retui/retui/components/date.go:404.15,406.3 1 20
github.com/subhasundardass/retui/retui/components/date.go:407.2,407.44 1 7
github.com/subhasundardass/retui/retui/components/date.go:407.44,409.3 1 1
github.com/subhasundardass/retui/retui/components/date.go:411.2,413.22 2 6
github.com/subhasundardass/retui/retui/components/date.go:413.22,414.102 1 2
github.com/subhasundardass/retui/retui/components/date.go:414.102,416.4 1 1
github.com/subhasundardass/retui/retui/components/date.go:418.2,418.22 1 5
github.com/subhasundardass/retui/retui/components/date.go:418.22,419.102 1 2
github.com/subhasundardass/retui/retui/components/date.go:419.102,421.4 1 1
github.com/subhasundardass/retui/retui/components/date.go:424.2,424.17 1 4
github.com/subhasundardass/retui/retui/components/date.go:429.70,432.19 1 20
github.com/subhasundardass/retui/retui/components/date.go:432.19,434.3 1 0
github.com/subhasundardass/retui/retui/components/date.go:436.2,437.16 2 20
github.com/subhasundardass/retui/retui/components/date.go:437.16,439.3 1 5
github.com/subhasundardass/retui/retui/components/date.go:443.2,457.33 5 20
github.com/subhasundardass/retui/retui/components/date.go:457.33,462.3 4 0
github.com/subhasundardass/retui/retui/components/date.go:466.2,466.58 1 20
github.com/subhasundardass/retui/retui/components/date.go:466.58,469.3 2 0
github.com/subhasundardass/retui/retui/components/date.go:470.2,470.19 1 20
github.com/subhasundardass/retui/retui/components/date.go:470.19,473.3 2 0
github.com/subhasundardass/retui/retui/components/date.go:476.2,476.77 1 20
github.com/subhasundardass/retui/retui/components/date.go:476.77,478.3 1 1
github.com/subhasundardass/retui/retui/components/date.go:479.2,479.77 1 20
github.com/subhasundardass/retui/retui/components/date.go:479.77,481.3 1 1
github.com/subhasundardass/retui/retui/components/date.go:484.2,484.33 1 20
github.com/subhasundardass/retui/retui/components/date.go:484.33,487.50 2 3
github.com/subhasundardass/retui/retui/components/date.go:487.50,488.41 1 0
github.com/subhasundardass/retui/retui/components/date.go:488.41,489.16 1 0
github.com/subhasundardass/retui/retui/components/date.go:493.3,493.19 1 3
github.com/subhasundardass/retui/retui/components/date.go:494.22,495.21 1 0
github.com/subhasundardass/retui/retui/components/date.go:495.21,497.5 1 0
github.com/subhasundardass/retui/retui/components/date.go:499.23,500.42 1 0
github.com/subhasundardass/retui/retui/components/date.go:500.42,502.5 1 0
github.com/subhasundardass/retui/retui/components/date.go:504.27,505.43 1 0
github.com/subhasundardass/retui/retui/components/date.go:505.43,511.50 6 0
github.com/subhasundardass/retui/retui/components/date.go:511.50,513.6 1 0
github.com/subhasundardass/retui/retui/components/date.go:516.22,517.19 1 0
github.com/subhasundardass/retui/retui/components/date.go:519.21,520.40 1 0
github.com/subhasundardass/retui/retui/components/date.go:522.24,524.30 2 0
github.com/subhasundardass/retui/retui/components/date.go:524.30,528.50 4 0
github.com/subhasundardass/retui/retui/components/date.go:528.50,530.6 1 0
github.com/subhasundardass/retui/retui/components/date.go:533.23,535.11 2 0
github.com/subhasundardass/retui/retui/components/date.go:535.11,536.18 1 0
github.com/subhasundardass/retui/retui/components/date.go:536.18,538.6 1 0
github.com/subhasundardass/retui/retui/components/date.go:540.5,540.10 1 0
github.com/subhasundardass/retui/retui/components/date.go:542.4,542.49 1 0
github.com/subhasundardass/retui/retui/components/date.go:542.49,544.5 1 0
github.com/subhasundardass/retui/retui/components/date.go:546.11,548.80 1 3
github.com/subhasundardass/retui/retui/components/date.go:548.80,559.50 9 0
github.com/subhasundardass/retui/retui/components/date.go:559.50,561.6 1 0
github.com/subhasundardass/retui/retui/components/date.go:569.2,570.68 2 20
github.com/subhasundardass/retui/retui/components/date.go:570.68,572.3 1 0
github.com/subhasundardass/retui/retui/components/date.go:575.2,580.31 4 20
github.com/subhasundardass/retui/retui/components/date.go:580.31,583.3 2 14
github.com/subhasundardass/retui/retui/components/date.go:586.2,587.13 2 20
github.com/subhasundardass/retui/retui/components/date.go:587.13,592.3 1 3
github.com/subhasundardass/retui/retui/components/date.go:592.8,595.3 1 17
github.com/subhasundardass/retui/retui/components/date.go:599.2,600.13 2 20
github.com/subhasundardass/retui/retui/components/date.go:600.13,601.14 1 3
github.com/subhasundardass/retui/retui/components/date.go:601.14,603.4 1 3
github.com/subhasundardass/retui/retui/components/date.go:603.9,605.4 1 0
github.com/subhasundardass/retui/retui/components/date.go:618.2,620.13 3 20
github.com/subhasundardass/retui/retui/components/date.go:620.13,623.3 2 3
github.com/subhasundardass/retui/retui/components/date.go:626.2,628.25 2 20
github.com/subhasundardass/retui/retui/components/date.go:628.25,630.3 1 1
github.com/subhasundardass/retui/retui/components/date.go:632.2,634.25 2 20
github.com/subhasundardass/retui/retui/components/date.go:634.25,636.3 1 1
github.com/subhasundardass/retui/retui/components/date.go:639.2,645.3 1 20
github.com/subhasundardass/retui/retui/components/date.go:650.68,656.2 1 0
github.com/subhasundardass/retui/retui/components/list.go:49.24,69.2 1 36
github.com/subhasundardass/retui/retui/components/list.go:71.45,74.2 2 8
github.com/subhasundardass/retui/retui/components/list.go:76.50,79.2 2 19
github.com/subhasundardass/retui/retui/components/list.go:81.48,84.2 2 4
github.com/subhasundardass/retui/retui/components/list.go:86.45,89.2 2 4
github.com/subhasundardass/retui/retui/components/list.go:91.49,94.2 2 4
github.com/subhasundardass/retui/retui/components/list.go:96.49,99.2 2 4
github.com/subhasundardass/retui/retui/components/list.go:101.53,104.2 2 1
github.com/subhasundardass/retui/retui/components/list.go:106.61,109.2 2 1
github.com/subhasundardass/retui/retui/components/list.go:111.63,114.2 2 1
github.com/subhasundardass/retui/retui/components/list.go:116.48,119.2 2 3
github.com/subhasundardass/retui/retui/components/list.go:121.71,124.2 2 2
github.com/subhasundardass/retui/retui/components/list.go:126.76,129.2 2 2
github.com/subhasundardass/retui/retui/components/list.go:131.57,134.2 2 2
github.com/subhasundardass/retui/retui/components/list.go:136.56,139.2 2 2
github.com/subhasundardass/retui/retui/components/list.go:141.71,144.2 2 2
github.com/subhasundardass/retui/retui/components/list.go:148.44,150.2 1 14
github.com/subhasundardass/retui/retui/components/list.go:154.65,159.33 2 22
github.com/subhasundardass/retui/retui/components/list.go:159.33,161.3 1 0
github.com/subhasundardass/retui/retui/components/list.go:164.2,164.18 1 22
github.com/subhasundardass/retui/retui/components/list.go:164.18,167.3 2 1
github.com/subhasundardass/retui/retui/components/list.go:168.2,168.35 1 22
github.com/subhasundardass/retui/retui/components/list.go:168.35,171.3 2 4
github.com/subhasundardass/retui/retui/components/list.go:174.2,174.57 1 22
github.com/subhasundardass/retui/retui/components/list.go:174.57,176.3 1 1
github.com/subhasundardass/retui/retui/components/list.go:178.2,178.57 1 22
github.com/subhasundardass/retui/retui/components/list.go:178.57,180.3 1 1
github.com/subhasundardass/retui/retui/components/list.go:183.2,183.13 1 22
github.com/subhasundardass/retui/retui/components/list.go:183.13,186.50 2 3
github.com/subhasundardass/retui/retui/components/list.go:186.50,187.41 1 0
github.com/subhasundardass/retui/retui/components/list.go:187.41,188.16 1 0
github.com/subhasundardass/retui/retui/components/list.go:192.3,192.19 1 3
github.com/subhasundardass/retui/retui/components/list.go:193.22,194.38 1 0
github.com/subhasundardass/retui/retui/components/list.go:194.38,197.50 3 0
github.com/subhasundardass/retui/retui/components/list.go:197.50,199.6 1 0
github.com/subhasundardass/retui/retui/components/list.go:202.20,203.20 1 0
github.com/subhasundardass/retui/retui/components/list.go:203.20,206.50 3 0
github.com/subhasundardass/retui/retui/components/list.go:206.50,208.6 1 0
github.com/subhasundardass/retui/retui/components/list.go:211.22,214.49 3 0
github.com/subhasundardass/retui/retui/components/list.go:214.49,216.5 1 0
github.com/subhasundardass/retui/retui/components/list.go:218.21,221.49 3 0
github.com/subhasundardass/retui/retui/components/list.go:221.49,223.5 1 0
github.com/subhasundardass/retui/retui/components/list.go:225.23,226.49 1 0
github.com/subhasundardass/retui/retui/components/list.go:226.49,228.5 1 0
github.com/subhasundardass/retui/retui/components/list.go:234.2,236.36 2 22
github.com/subhasundardass/retui/retui/components/list.go:236.36,242.17 3 155
github.com/subhasundardass/retui/retui/components/list.go:242.17,244.4 1 19
github.com/subhasundardass/retui/retui/components/list.go:247.3,248.17 2 155
github.com/subhasundardass/retui/retui/components/list.go:248.17,249.15 1 19
github.com/subhasundardass/retui/retui/components/list.go:249.15,254.5 1 3
github.com/subhasundardass/retui/retui/components/list.go:254.10,258.5 1 16
github.com/subhasundardass/retui/retui/components/list.go:259.9,261.4 1 136
github.com/subhasundardass/retui/retui/components/list.go:264.3,265.23 2 155
github.com/subhasundardass/retui/retui/components/list.go:265.23,267.33 2 3
github.com/subhasundardass/retui/retui/components/list.go:267.33,270.5 2 3
github.com/subhasundardass/retui/retui/components/list.go:273.3,273.47 1 155
github.com/subhasundardass/retui/retui/components/list.go:277.2,279.25 2 22
github.com/subhasundardass/retui/retui/components/list.go:279.25,281.14 2 1
github.com/subhasundardass/retui/retui/components/list.go:281.14,283.4 1 0
github.com/subhasundardass/retui/retui/components/list.go:283.9,285.4 1 1
github.com/subhasundardass/retui/retui/components/list.go:286.3,286.70 1 1
github.com/subhasundardass/retui/retui/components/list.go:290.2,295.25 2 22
github.com/subhasundardass/retui/retui/components/list.go:295.25,297.14 2 1
github.com/subhasundardass/retui/retui/components/list.go:297.14,299.4 1 0
github.com/subhasundardass/retui/retui/components/list.go:299.9,301.4 1 1
github.com/subhasundardass/retui/retui/components/list.go:302.3,302.70 1 1
github.com/subhasundardass/retui/retui/components/list.go:306.2,312.3 1 22
github.com/subhasundardass/retui/retui/components/number.go:89.38,119.2 1 43
github.com/subhasundardass/retui/retui/components/number.go:121.59,124.2 2 8
github.com/subhasundardass/retui/retui/components/number.go:128.63,132.2 3 13
github.com/subhasundardass/retui/retui/components/number.go:136.60,139.2 2 2
github.com/subhasundardass/retui/retui/components/number.go:141.68,144.2 2 3
github.com/subhasundardass/retui/retui/components/number.go:146.59,149.2 2 4
github.com/subhasundardass/retui/retui/components/number.go:151.63,154.2 2 4
github.com/subhasundardass/retui/retui/components/number.go:156.63,159.2 2 4
github.com/subhasundardass/retui/retui/components/number.go:161.67,164.2 2 1
github.com/subhasundardass/retui/retui/components/number.go:169.62,172.2 2 0
github.com/subhasundardass/retui/retui/components/number.go:178.63,181.2 2 0
github.com/subhasundardass/retui/retui/components/number.go:183.61,186.2 2 0
github.com/subhasundardass/retui/retui/components/number.go:190.61,194.2 3 4
github.com/subhasundardass/retui/retui/components/number.go:198.61,202.2 3 4
github.com/subhasundardass/retui/retui/components/number.go:206.62,207.12 1 4
github.com/subhasundardass/retui/retui/components/number.go:207.12,209.3 1 2
github.com/subhasundardass/retui/retui/components/number.go:210.2,211.10 2 4
github.com/subhasundardass/retui/retui/components/number.go:216.62,217.11 1 3
github.com/subhasundardass/retui/retui/components/number.go:217.11,219.3 1 1
github.com/subhasundardass/retui/retui/components/number.go:220.2,221.10 2 3
github.com/subhasundardass/retui/retui/components/number.go:228.64,231.2 2 3
github.com/subhasundardass/retui/retui/components/number.go:235.71,238.2 2 3
github.com/subhasundardass/retui/retui/components/number.go:240.62,243.2 2 3
github.com/subhasundardass/retui/retui/components/number.go:245.81,248.2 2 2
github.com/subhasundardass/retui/retui/components/number.go:250.90,253.2 2 2
github.com/subhasundardass/retui/retui/components/number.go:255.71,258.2 2 2
github.com/subhasundardass/retui/retui/components/number.go:260.70,263.2 2 2
github.com/subhasundardass/retui/retui/components/number.go:265.81,268.2 2 2
github.com/subhasundardass/retui/retui/components/number.go:272.51,274.2 1 12
github.com/subhasundardass/retui/retui/components/number.go:281.55,282.16 1 35
github.com/subhasundardass/retui/retui/components/number.go:282.16,284.3 1 2
github.com/subhasundardass/retui/retui/components/number.go:285.2,285.54 1 35
github.com/subhasundardass/retui/retui/components/number.go:290.59,291.19 1 6
github.com/subhasundardass/retui/retui/components/number.go:291.19,293.3 1 2
github.com/subhasundardass/retui/retui/components/number.go:294.2,295.40 2 4
github.com/subhasundardass/retui/retui/components/number.go:300.44,301.50 1 15
github.com/subhasundardass/retui/retui/components/number.go:301.50,303.3 1 6
github.com/subhasundardass/retui/retui/components/number.go:304.2,305.16 2 9
github.com/subhasundardass/retui/retui/components/number.go:305.16,307.3 1 1
github.com/subhasundardass/retui/retui/components/number.go:308.2,308.18 1 8
github.com/subhasundardass/retui/retui/components/number.go:313.92,314.27 1 12
github.com/subhasundardass/retui/retui/components/number.go:314.27,316.3 1 3
github.com/subhasundardass/retui/retui/components/number.go:317.2,317.27 1 9
github.com/subhasundardass/retui/retui/components/number.go:317.27,319.3 1 3
github.com/subhasundardass/retui/retui/components/number.go:320.2,320.14 1 6
github.com/subhasundardass/retui/retui/components/number.go:325.49,326.50 1 17
github.com/subhasundardass/retui/retui/components/number.go:326.50,328.3 1 5
github.com/subhasundardass/retui/retui/components/number.go:330.2,330.53 1 12
github.com/subhasundardass/retui/retui/components/number.go:330.53,332.3 1 2
github.com/subhasundardass/retui/retui/components/number.go:334.2,334.30 1 10
github.com/subhasundardass/retui/retui/components/number.go:334.30,336.50 2 9
github.com/subhasundardass/retui/retui/components/number.go:336.50,338.4 1 2
github.com/subhasundardass/retui/retui/components/number.go:341.2,341.13 1 8
github.com/subhasundardass/retui/retui/components/number.go:349.63,350.16 1 7
github.com/subhasundardass/retui/retui/components/number.go:350.16,351.41 1 2
github.com/subhasundardass/retui/retui/components/number.go:351.41,354.49 3 1
github.com/subhasundardass/retui/retui/components/number.go:354.49,356.5 1 0
github.com/subhasundardass/retui/retui/components/number.go:358.3,358.9 1 2
github.com/subhasundardass/retui/retui/components/number.go:361.2,362.9 2 5
github.com/subhasundardass/retui/retui/components/number.go:362.9,364.3 1 2
github.com/subhasundardass/retui/retui/components/number.go:366.2,367.45 2 3
github.com/subhasundardass/retui/retui/components/number.go:367.45,370.48 3 3
github.com/subhasundardass/retui/retui/components/number.go:370.48,372.4 1 0
github.com/subhasundardass/retui/retui/components/number.go:378.79,381.19 1 19
github.com/subhasundardass/retui/retui/components/number.go:381.19,383.3 1 0
github.com/subhasundardass/retui/retui/components/number.go:385.2,386.19 2 19
github.com/subhasundardass/retui/retui/components/number.go:386.19,387.24 1 16
github.com/subhasundardass/retui/retui/components/number.go:387.24,389.4 1 16
github.com/subhasundardass/retui/retui/components/number.go:393.2,406.14 5 19
github.com/subhasundardass/retui/retui/components/number.go:406.14,408.20 2 16
github.com/subhasundardass/retui/retui/components/number.go:408.20,410.4 1 13
github.com/subhasundardass/retui/retui/components/number.go:411.3,411.27 1 16
github.com/subhasundardass/retui/retui/components/number.go:411.27,414.4 2 0
github.com/subhasundardass/retui/retui/components/number.go:415.3,416.24 2 16
github.com/subhasundardass/retui/retui/components/number.go:416.24,419.4 2 0
github.com/subhasundardass/retui/retui/components/number.go:424.2,424.52 1 19
github.com/subhasundardass/retui/retui/components/number.go:424.52,426.3 1 0
github.com/subhasundardass/retui/retui/components/number.go:427.2,427.13 1 19
github.com/subhasundardass/retui/retui/components/number.go:427.13,429.3 1 0
github.com/subhasundardass/retui/retui/components/number.go:444.2,446.28 2 19
github.com/subhasundardass/retui/retui/components/number.go:446.28,448.50 2 3
github.com/subhasundardass/retui/retui/components/number.go:448.50,451.4 2 0
github.com/subhasundardass/retui/retui/components/number.go:452.8,452.35 1 16
github.com/subhasundardass/retui/retui/components/number.go:452.35,456.3 3 0
github.com/subhasundardass/retui/retui/components/number.go:459.2,459.77 1 19
github.com/subhasundardass/retui/retui/components/number.go:459.77,461.3 1 1
github.com/subhasundardass/retui/retui/components/number.go:462.2,462.77 1 19
github.com/subhasundardass/retui/retui/components/number.go:462.77,464.3 1 1
github.com/subhasundardass/retui/retui/components/number.go:469.2,469.53 1 19
github.com/subhasundardass/retui/retui/components/number.go:469.53,472.50 2 0
github.com/subhasundardass/retui/retui/components/number.go:472.50,473.41 1 0
github.com/subhasundardass/retui/retui/components/number.go:473.41,474.16 1 0
github.com/subhasundardass/retui/retui/components/number.go:492.3,492.63 1 0
github.com/subhasundardass/retui/retui/components/number.go:492.63,493.20 1 0
github.com/subhasundardass/retui/retui/components/number.go:494.38,498.23 4 0
github.com/subhasundardass/retui/retui/components/number.go:500.38,504.23 4 0
github.com/subhasundardass/retui/retui/components/number.go:506.45,507.24 1 0
github.com/subhasundardass/retui/retui/components/number.go:507.24,510.17 3 0
github.com/subhasundardass/retui/retui/components/number.go:512.5,519.16 8 0
github.com/subhasundardass/retui/retui/components/number.go:521.12,522.59 1 0
github.com/subhasundardass/retui/retui/components/number.go:522.59,530.6 2 0
github.com/subhasundardass/retui/retui/components/number.go:531.5,532.23 2 0
github.com/subhasundardass/retui/retui/components/number.go:536.3,538.19 2 0
github.com/subhasundardass/retui/retui/components/number.go:539.22,540.15 1 0
github.com/subhasundardass/retui/retui/components/number.go:540.15,542.5 1 0
github.com/subhasundardass/retui/retui/components/number.go:544.23,545.24 1 0
github.com/subhasundardass/retui/retui/components/number.go:545.24,547.5 1 0
github.com/subhasundardass/retui/retui/components/number.go:549.27,550.23 1 0
github.com/subhasundardass/retui/retui/components/number.go:550.23,551.10 1 0
github.com/subhasundardass/retui/retui/components/number.go:553.4,553.33 1 0
github.com/subhasundardass/retui/retui/components/number.go:553.33,560.5 6 0
github.com/subhasundardass/retui/retui/components/number.go:562.22,563.13 1 0
github.com/subhasundardass/retui/retui/components/number.go:565.21,566.22 1 0
github.com/subhasundardass/retui/retui/components/number.go:568.24,569.23 1 0
github.com/subhasundardass/retui/retui/components/number.go:569.23,570.10 1 0
github.com/subhasundardass/retui/retui/components/number.go:572.4,572.24 1 0
github.com/subhasundardass/retui/retui/components/number.go:572.24,578.5 5 0
github.com/subhasundardass/retui/retui/components/number.go:580.23,581.23 1 0
github.com/subhasundardass/retui/retui/components/number.go:581.23,582.50 1 0
github.com/subhasundardass/retui/retui/components/number.go:582.50,584.6 1 0
github.com/subhasundardass/retui/retui/components/number.go:585.5,585.10 1 0
github.com/subhasundardass/retui/retui/components/number.go:588.4,588.23 1 0
github.com/subhasundardass/retui/retui/components/number.go:588.23,591.50 3 0
github.com/subhasundardass/retui/retui/components/number.go:591.50,593.6 1 0
github.com/subhasundardass/retui/retui/components/number.go:594.5,594.10 1 0
github.com/subhasundardass/retui/retui/components/number.go:597.4,598.11 2 0
github.com/subhasundardass/retui/retui/components/number.go:598.11,600.5 1 0
github.com/subhasundardass/retui/retui/components/number.go:602.4,613.49 7 0
github.com/subhasundardass/retui/retui/components/number.go:613.49,615.5 1 0
github.com/subhasundardass/retui/retui/components/number.go:617.20,618.44 1 0
github.com/subhasundardass/retui/retui/components/number.go:618.44,619.10 1 0
github.com/subhasundardass/retui/retui/components/number.go:621.4,622.46 2 0
github.com/subhasundardass/retui/retui/components/number.go:622.46,628.50 6 0
github.com/subhasundardass/retui/retui/components/number.go:628.50,630.6 1 0
github.com/subhasundardass/retui/retui/components/number.go:633.22,634.44 1 0
github.com/subhasundardass/retui/retui/components/number.go:634.44,635.10 1 0
github.com/subhasundardass/retui/retui/components/number.go:637.4,638.46 2 0
github.com/subhasundardass/retui/retui/components/number.go:638.46,644.50 6 0
github.com/subhasundardass/retui/retui/components/number.go:644.50,646.6 1 0
github.com/subhasundardass/retui/retui/components/number.go:649.11,650.23 1 0
github.com/subhasundardass/retui/retui/components/number.go:650.23,651.10 1 0
github.com/subhasundardass/retui/retui/components/number.go:655.4,655.58 1 0
github.com/subhasundardass/retui/retui/components/number.go:655.58,659.17 3 0
github.com/subhasundardass/retui/retui/components/number.go:660.59,661.24 1 0
github.com/subhasundardass/retui/retui/components/number.go:662.14,663.66 1 0
github.com/subhasundardass/retui/retui/components/number.go:663.66,665.7 1 0
github.com/subhasundardass/retui/retui/components/number.go:666.14,667.55 1 0
github.com/subhasundardass/retui/retui/components/number.go:667.55,669.7 1 0
github.com/subhasundardass/retui/retui/components/number.go:672.5,672.21 1 0
github.com/subhasundardass/retui/retui/components/number.go:672.21,673.11 1 0
github.com/subhasundardass/retui/retui/components/number.go:676.5,682.49 6 0
github.com/subhasundardass/retui/retui/components/number.go:682.49,683.11 1 0
github.com/subhasundardass/retui/retui/components/number.go:686.5,689.38 4 0
github.com/subhasundardass/retui/retui/components/number.go:696.2,697.47 2 19
github.com/subhasundardass/retui/retui/components/number.go:697.47,699.3 1 3
github.com/subhasundardass/retui/retui/components/number.go:701.2,709.9 3 19
github.com/subhasundardass/retui/retui/components/number.go:710.23,711.54 1 0
github.com/subhasundardass/retui/retui/components/number.go:712.34,713.59 1 0
github.com/subhasundardass/retui/retui/components/number.go:714.15,718.14 1 3
github.com/subhasundardass/retui/retui/components/number.go:719.10,720.59 1 16
github.com/subhasundardass/retui/retui/components/number.go:724.2,725.13 2 19
github.com/subhasundardass/retui/retui/components/number.go:725.13,726.14 1 3
github.com/subhasundardass/retui/retui/components/number.go:726.14,728.4 1 3
github.com/subhasundardass/retui/retui/components/number.go:728.9,730.4 1 0
github.com/subhasundardass/retui/retui/components/number.go:733.2,734.13 2 19
github.com/subhasundardass/retui/retui/components/number.go:734.13,738.3 1 3
github.com/subhasundardass/retui/retui/components/number.go:738.8,741.3 1 16
github.com/subhasundardass/retui/retui/components/number.go:745.2,746.26 2 19
github.com/subhasundardass/retui/retui/components/number.go:746.26,751.22 3 3
github.com/subhasundardass/retui/retui/components/number.go:751.22,753.4 1 0
github.com/subhasundardass/retui/retui/components/number.go:755.3,755.36 1 3
github.com/subhasundardass/retui/retui/components/number.go:755.36,757.4 1 0
github.com/subhasundardass/retui/retui/components/number.go:757.9,759.4 1 3
github.com/subhasundardass/retui/retui/components/number.go:763.2,765.31 3 19
github.com/subhasundardass/retui/retui/components/number.go:765.31,769.3 2 13
github.com/subhasundardass/retui/retui/components/number.go:772.2,774.25 2 19
github.com/subhasundardass/retui/retui/components/number.go:774.25,776.3 1 1
github.com/subhasundardass/retui/retui/components/number.go:779.2,780.26 2 19
github.com/subhasundardass/retui/retui/components/number.go:780.26,782.3 1 1
github.com/subhasundardass/retui/retui/components/number.go:784.2,786.25 2 19
github.com/subhasundardass/retui/retui/components/number.go:786.25,788.3 1 1
github.com/subhasundardass/retui/retui/components/number.go:791.2,797.3 1 19
github.com/subhasundardass/retui/retui/components/number.go:802.77,808.2 1 0
github.com/subhasundardass/retui/retui/components/number.go:812.41,825.43 1 0
github.com/subhasundardass/retui/retui/components/number.go:825.43,827.4 1 0
github.com/subhasundardass/retui/retui/components/number.go:828.43,830.4 1 0
github.com/subhasundardass/retui/retui/components/number.go:834.2,844.43 1 0
github.com/subhasundardass/retui/retui/components/number.go:844.43,846.4 1 0
github.com/subhasundardass/retui/retui/components/number.go:847.43,849.4 1 0
github.com/subhasundardass/retui/retui/components/number.go:852.2,872.3 2 0
github.com/subhasundardass/retui/retui/components/panel.go:88.28,92.2 1 49
github.com/subhasundardass/retui/retui/components/panel.go:107.60,110.2 2 3
github.com/subhasundardass/retui/retui/components/panel.go:120.60,124.2 3 11
github.com/subhasundardass/retui/retui/components/panel.go:133.61,136.2 2 3
github.com/subhasundardass/retui/retui/components/panel.go:151.62,155.2 3 9
github.com/subhasundardass/retui/retui/components/panel.go:163.63,166.2 2 4
github.com/subhasundardass/retui/retui/components/panel.go:176.63,180.2 3 5
github.com/subhasundardass/retui/retui/components/panel.go:188.55,191.2 2 5
github.com/subhasundardass/retui/retui/components/panel.go:199.58,202.2 2 4
github.com/subhasundardass/retui/retui/components/panel.go:217.69,218.25 1 66
github.com/subhasundardass/retui/retui/components/panel.go:218.25,219.60 1 67
github.com/subhasundardass/retui/retui/components/panel.go:219.60,221.4 1 66
github.com/subhasundardass/retui/retui/components/panel.go:223.2,223.10 1 66
github.com/subhasundardass/retui/retui/components/panel.go:238.48,242.21 3 8
github.com/subhasundardass/retui/retui/components/panel.go:242.21,244.21 2 3
github.com/subhasundardass/retui/retui/components/panel.go:244.21,246.4 1 1
github.com/subhasundardass/retui/retui/components/panel.go:247.3,247.66 1 3
github.com/subhasundardass/retui/retui/components/panel.go:248.8,259.3 2 5
github.com/subhasundardass/retui/retui/components/panel.go:261.2,262.10 2 8
github.com/subhasundardass/retui/retui/components/panel.go:277.67,281.21 3 7
github.com/subhasundardass/retui/retui/components/panel.go:281.21,283.21 2 4
github.com/subhasundardass/retui/retui/components/panel.go:283.21,285.4 1 0
github.com/subhasundardass/retui/retui/components/panel.go:286.3,287.27 2 4
github.com/subhasundardass/retui/retui/components/panel.go:287.27,290.4 2 1
github.com/subhasundardass/retui/retui/components/panel.go:291.3,297.4 4 4
github.com/subhasundardass/retui/retui/components/panel.go:298.8,315.3 2 3
github.com/subhasundardass/retui/retui/components/panel.go:317.2,318.10 2 7
github.com/subhasundardass/retui/retui/components/panel.go:327.47,329.2 1 21
github.com/subhasundardass/retui/retui/components/panel.go:336.46,342.21 3 21
github.com/subhasundardass/retui/retui/components/panel.go:342.21,344.21 2 3
github.com/subhasundardass/retui/retui/components/panel.go:344.21,346.4 1 1
github.com/subhasundardass/retui/retui/components/panel.go:349.2,355.35 4 21
github.com/subhasundardass/retui/retui/components/panel.go:355.35,357.32 1 68
github.com/subhasundardass/retui/retui/components/panel.go:357.32,363.4 2 0
github.com/subhasundardass/retui/retui/components/panel.go:365.3,366.22 2 68
github.com/subhasundardass/retui/retui/components/panel.go:366.22,368.4 1 0
github.com/subhasundardass/retui/retui/components/panel.go:368.9,370.4 1 68
github.com/subhasundardass/retui/retui/components/panel.go:372.3,381.5 3 68
github.com/subhasundardass/retui/retui/components/panel.go:386.2,391.21 2 21
github.com/subhasundardass/retui/retui/components/panel.go:391.21,393.20 2 6
github.com/subhasundardass/retui/retui/components/panel.go:393.20,395.4 1 2
github.com/subhasundardass/retui/retui/components/panel.go:396.3,396.59 1 6
github.com/subhasundardass/retui/retui/components/panel.go:396.59,398.23 2 3
github.com/subhasundardass/retui/retui/components/panel.go:398.23,400.5 1 1
github.com/subhasundardass/retui/retui/components/panel.go:400.10,402.5 1 2
github.com/subhasundardass/retui/retui/components/panel.go:403.4,413.30 2 3
github.com/subhasundardass/retui/retui/components/panel.go:418.2,423.21 2 21
github.com/subhasundardass/retui/retui/components/panel.go:423.21,427.3 1 2
github.com/subhasundardass/retui/retui/components/panel.go:429.2,431.26 2 21
github.com/subhasundardass/retui/retui/components/panel.go:431.26,433.22 2 10
github.com/subhasundardass/retui/retui/components/panel.go:433.22,435.4 1 5
github.com/subhasundardass/retui/retui/components/panel.go:436.3,436.79 1 10
github.com/subhasundardass/retui/retui/components/panel.go:439.2,442.21 3 21
github.com/subhasundardass/retui/retui/components/panel.go:442.21,444.3 1 6
github.com/subhasundardass/retui/retui/components/panel.go:445.2,445.53 1 21
github.com/subhasundardass/retui/retui/components/panel.go:449.92,451.17 2 21
github.com/subhasundardass/retui/retui/components/panel.go:451.17,453.3 1 3
github.com/subhasundardass/retui/retui/components/panel.go:453.8,455.22 2 18
github.com/subhasundardass/retui/retui/components/panel.go:455.22,457.4 1 3
github.com/subhasundardass/retui/retui/components/panel.go:457.9,459.4 1 15
github.com/subhasundardass/retui/retui/components/panel.go:460.3,463.4 1 18
github.com/subhasundardass/retui/retui/components/panel.go:466.2,474.15 3 21
github.com/subhasundardass/retui/retui/components/panel.go:480.112,481.21 1 63
github.com/subhasundardass/retui/retui/components/panel.go:481.21,482.21 1 9
github.com/subhasundardass/retui/retui/components/panel.go:482.21,484.4 1 0
github.com/subhasundardass/retui/retui/components/panel.go:485.3,485.69 1 9
github.com/subhasundardass/retui/retui/components/panel.go:487.2,498.3 2 54
github.com/subhasundardass/retui/retui/components/panel.go:502.50,503.20 1 38
github.com/subhasundardass/retui/retui/components/panel.go:503.20,505.3 1 4
github.com/subhasundardass/retui/retui/components/panel.go:506.2,506.51 1 34
github.com/subhasundardass/retui/retui/components/panel.go:521.42,522.60 1 116
github.com/subhasundardass/retui/retui/components/panel.go:522.60,524.3 1 20
github.com/subhasundardass/retui/retui/components/panel.go:525.2,525.17 1 96
github.com/subhasundardass/retui/retui/components/panel.go:526.25,527.20 1 80
github.com/subhasundardass/retui/retui/components/panel.go:527.20,529.4 1 0
github.com/subhasundardass/retui/retui/components/panel.go:530.3,530.42 1 80
github.com/subhasundardass/retui/retui/components/panel.go:531.24,532.30 1 16
github.com/subhasundardass/retui/retui/components/panel.go:533.10,534.11 1 0
github.com/subhasundardass/retui/retui/components/panel.go:541.45,548.54 2 16
github.com/subhasundardass/retui/retui/components/panel.go:548.54,550.3 1 0
github.com/subhasundardass/retui/retui/components/panel.go:552.2,552.27 1 16
github.com/subhasundardass/retui/retui/components/panel.go:552.27,554.3 1 0
github.com/subhasundardass/retui/retui/components/panel.go:556.2,556.38 1 16
github.com/subhasundardass/retui/retui/components/panel.go:556.38,559.33 2 15
github.com/subhasundardass/retui/retui/components/panel.go:559.33,560.38 1 20
github.com/subhasundardass/retui/retui/components/panel.go:560.38,562.5 1 15
github.com/subhasundardass/retui/retui/components/panel.go:564.3,564.19 1 15
github.com/subhasundardass/retui/retui/components/panel.go:568.2,569.32 2 1
github.com/subhasundardass/retui/retui/components/panel.go:569.32,571.3 1 2
github.com/subhasundardass/retui/retui/components/panel.go:572.2,572.20 1 1
github.com/subhasundardass/retui/retui/components/panel.go:581.77,582.17 1 188
github.com/subhasundardass/retui/retui/components/panel.go:582.17,584.3 1 181
github.com/subhasundardass/retui/retui/components/panel.go:585.2,586.23 2 7
github.com/subhasundardass/retui/retui/components/panel.go:586.23,588.3 1 74
github.com/subhasundardass/retui/retui/components/panel.go:589.2,593.3 1 7
github.com/subhasundardass/retui/retui/components/password.go:56.32,81.2 1 37
github.com/subhasundardass/retui/retui/components/password.go:83.53,86.2 2 8
github.com/subhasundardass/retui/retui/components/password.go:88.56,91.2 2 14
github.com/subhasundardass/retui/retui/components/password.go:93.62,96.2 2 3
github.com/subhasundardass/retui/retui/components/password.go:98.53,101.2 2 4
github.com/subhasundardass/retui/retui/components/password.go:103.57,106.2 2 4
github.com/subhasundardass/retui/retui/components/password.go:108.57,111.2 2 4
github.com/subhasundardass/retui/retui/components/password.go:113.61,116.2 2 1
github.com/subhasundardass/retui/retui/components/password.go:118.57,121.2 2 4
github.com/subhasundardass/retui/retui/components/password.go:123.57,126.2 2 4
github.com/subhasundardass/retui/retui/components/password.go:129.56,132.2 2 0
github.com/subhasundardass/retui/retui/components/password.go:133.57,136.2 2 0
github.com/subhasundardass/retui/retui/components/password.go:137.55,140.2 2 0
github.com/subhasundardass/retui/retui/components/password.go:144.59,147.2 2 3
github.com/subhasundardass/retui/retui/components/password.go:149.61,152.2 2 4
github.com/subhasundardass/retui/retui/components/password.go:154.56,157.2 2 3
github.com/subhasundardass/retui/retui/components/password.go:159.74,162.2 2 2
github.com/subhasundardass/retui/retui/components/password.go:164.84,167.2 2 2
github.com/subhasundardass/retui/retui/components/password.go:169.65,172.2 2 2
github.com/subhasundardass/retui/retui/components/password.go:174.64,177.2 2 2
github.com/subhasundardass/retui/retui/components/password.go:179.74,182.2 2 2
github.com/subhasundardass/retui/retui/components/password.go:186.48,188.2 1 14
github.com/subhasundardass/retui/retui/components/password.go:193.57,194.17 1 26
github.com/subhasundardass/retui/retui/components/password.go:194.17,196.3 1 1
github.com/subhasundardass/retui/retui/components/password.go:198.2,200.45 2 25
github.com/subhasundardass/retui/retui/components/password.go:205.73,208.19 1 22
github.com/subhasundardass/retui/retui/components/password.go:208.19,210.3 1 0
github.com/subhasundardass/retui/retui/components/password.go:214.2,221.22 3 22
github.com/subhasundardass/retui/retui/components/password.go:221.22,224.3 2 0
github.com/subhasundardass/retui/retui/components/password.go:225.2,225.13 1 22
github.com/subhasundardass/retui/retui/components/password.go:225.13,228.3 2 0
github.com/subhasundardass/retui/retui/components/password.go:231.2,231.77 1 22
github.com/subhasundardass/retui/retui/components/password.go:231.77,233.3 1 1
github.com/subhasundardass/retui/retui/components/password.go:235.2,235.77 1 22
github.com/subhasundardass/retui/retui/components/password.go:235.77,237.3 1 1
github.com/subhasundardass/retui/retui/components/password.go:240.2,240.33 1 22
github.com/subhasundardass/retui/retui/components/password.go:240.33,243.50 2 3
github.com/subhasundardass/retui/retui/components/password.go:243.50,244.41 1 0
github.com/subhasundardass/retui/retui/components/password.go:244.41,245.16 1 0
github.com/subhasundardass/retui/retui/components/password.go:249.3,249.19 1 3
github.com/subhasundardass/retui/retui/components/password.go:250.22,251.15 1 0
github.com/subhasundardass/retui/retui/components/password.go:251.15,253.5 1 0
github.com/subhasundardass/retui/retui/components/password.go:255.23,256.24 1 0
github.com/subhasundardass/retui/retui/components/password.go:256.24,258.5 1 0
github.com/subhasundardass/retui/retui/components/password.go:260.27,261.33 1 0
github.com/subhasundardass/retui/retui/components/password.go:261.33,265.50 4 0
github.com/subhasundardass/retui/retui/components/password.go:265.50,267.6 1 0
github.com/subhasundardass/retui/retui/components/password.go:268.5,268.20 1 0
github.com/subhasundardass/retui/retui/components/password.go:271.22,272.13 1 0
github.com/subhasundardass/retui/retui/components/password.go:274.21,275.22 1 0
github.com/subhasundardass/retui/retui/components/password.go:277.24,278.24 1 0
github.com/subhasundardass/retui/retui/components/password.go:278.24,282.50 4 0
github.com/subhasundardass/retui/retui/components/password.go:282.50,284.6 1 0
github.com/subhasundardass/retui/retui/components/password.go:287.23,288.61 1 0
github.com/subhasundardass/retui/retui/components/password.go:288.61,291.5 1 0
github.com/subhasundardass/retui/retui/components/password.go:292.4,292.49 1 0
github.com/subhasundardass/retui/retui/components/password.go:292.49,294.5 1 0
github.com/subhasundardass/retui/retui/components/password.go:296.11,298.58 1 3
github.com/subhasundardass/retui/retui/components/password.go:298.58,299.63 1 0
github.com/subhasundardass/retui/retui/components/password.go:299.63,303.51 4 0
github.com/subhasundardass/retui/retui/components/password.go:303.51,305.7 1 0
github.com/subhasundardass/retui/retui/components/password.go:306.6,306.21 1 0
github.com/subhasundardass/retui/retui/components/password.go:314.2,315.22 2 22
github.com/subhasundardass/retui/retui/components/password.go:315.22,317.3 1 0
github.com/subhasundardass/retui/retui/components/password.go:320.2,324.24 3 22
github.com/subhasundardass/retui/retui/components/password.go:324.24,326.3 1 19
github.com/subhasundardass/retui/retui/components/password.go:326.8,326.49 1 3
github.com/subhasundardass/retui/retui/components/password.go:326.49,328.3 1 3
github.com/subhasundardass/retui/retui/components/password.go:331.2,332.13 2 22
github.com/subhasundardass/retui/retui/components/password.go:332.13,337.3 1 3
github.com/subhasundardass/retui/retui/components/password.go:337.8,341.3 1 19
github.com/subhasundardass/retui/retui/components/password.go:344.2,345.13 2 22
github.com/subhasundardass/retui/retui/components/password.go:345.13,346.14 1 3
github.com/subhasundardass/retui/retui/components/password.go:346.14,348.4 1 3
github.com/subhasundardass/retui/retui/components/password.go:348.9,350.4 1 0
github.com/subhasundardass/retui/retui/components/password.go:353.2,354.13 2 22
github.com/subhasundardass/retui/retui/components/password.go:354.13,358.3 1 3
github.com/subhasundardass/retui/retui/components/password.go:358.8,361.3 1 19
github.com/subhasundardass/retui/retui/components/password.go:364.2,365.35 2 22
github.com/subhasundardass/retui/retui/components/password.go:365.35,369.30 2 3
github.com/subhasundardass/retui/retui/components/password.go:369.30,371.4 1 0
github.com/subhasundardass/retui/retui/components/password.go:371.9,373.4 1 3
github.com/subhasundardass/retui/retui/components/password.go:374.8,374.42 1 19
github.com/subhasundardass/retui/retui/components/password.go:374.42,377.3 1 0
github.com/subhasundardass/retui/retui/components/password.go:380.2,382.31 3 22
github.com/subhasundardass/retui/retui/components/password.go:382.31,385.3 2 16
github.com/subhasundardass/retui/retui/components/password.go:388.2,390.25 2 22
github.com/subhasundardass/retui/retui/components/password.go:390.25,392.3 1 13
github.com/subhasundardass/retui/retui/components/password.go:395.2,396.26 2 22
github.com/subhasundardass/retui/retui/components/password.go:396.26,398.3 1 1
github.com/subhasundardass/retui/retui/components/password.go:400.2,402.25 2 22
github.com/subhasundardass/retui/retui/components/password.go:402.25,404.3 1 13
github.com/subhasundardass/retui/retui/components/password.go:407.2,413.3 1 22
github.com/subhasundardass/retui/retui/components/password.go:418.76,424.2 1 0
github.com/subhasundardass/retui/retui/components/progress_bar.go:11.77,12.15 1 49
github.com/subhasundardass/retui/retui/components/progress_bar.go:12.15,14.3 1 1
github.com/subhasundardass/retui/retui/components/progress_bar.go:15.2,15.15 1 49
github.com/subhasundardass/retui/retui/components/progress_bar.go:15.15,17.3 1 1
github.com/subhasundardass/retui/retui/components/progress_bar.go:18.2,22.57 5 49
github.com/subhasundardass/retui/retui/components/select_dropdown.go:61.36,72.2 1 35
github.com/subhasundardass/retui/retui/components/select_dropdown.go:74.62,74.91 2 9
github.com/subhasundardass/retui/retui/components/select_dropdown.go:75.62,75.94 2 3
github.com/subhasundardass/retui/retui/components/select_dropdown.go:76.62,76.96 2 9
github.com/subhasundardass/retui/retui/components/select_dropdown.go:77.62,77.94 2 4
github.com/subhasundardass/retui/retui/components/select_dropdown.go:78.62,78.100 2 3
github.com/subhasundardass/retui/retui/components/select_dropdown.go:79.62,79.94 2 4
github.com/subhasundardass/retui/retui/components/select_dropdown.go:80.62,80.95 2 3
github.com/subhasundardass/retui/retui/components/select_dropdown.go:81.62,81.95 2 1
github.com/subhasundardass/retui/retui/components/select_dropdown.go:82.62,82.97 2 4
github.com/subhasundardass/retui/retui/components/select_dropdown.go:83.62,83.89 2 3
github.com/subhasundardass/retui/retui/components/select_dropdown.go:84.62,84.95 2 0
github.com/subhasundardass/retui/retui/components/select_dropdown.go:85.62,85.95 2 0
github.com/subhasundardass/retui/retui/components/select_dropdown.go:87.70,90.2 2 2
github.com/subhasundardass/retui/retui/components/select_dropdown.go:92.80,95.2 2 2
github.com/subhasundardass/retui/retui/components/select_dropdown.go:97.61,100.2 2 2
github.com/subhasundardass/retui/retui/components/select_dropdown.go:102.60,105.2 2 2
github.com/subhasundardass/retui/retui/components/select_dropdown.go:107.72,110.2 2 2
github.com/subhasundardass/retui/retui/components/select_dropdown.go:116.85,119.2 2 2
github.com/subhasundardass/retui/retui/components/select_dropdown.go:121.60,125.2 3 0
github.com/subhasundardass/retui/retui/components/select_dropdown.go:129.46,131.2 1 14
github.com/subhasundardass/retui/retui/components/select_dropdown.go:157.69,164.21 6 14
github.com/subhasundardass/retui/retui/components/select_dropdown.go:164.21,166.3 1 13
github.com/subhasundardass/retui/retui/components/select_dropdown.go:168.2,168.57 1 14
github.com/subhasundardass/retui/retui/components/select_dropdown.go:168.57,170.3 1 0
github.com/subhasundardass/retui/retui/components/select_dropdown.go:171.2,171.57 1 14
github.com/subhasundardass/retui/retui/components/select_dropdown.go:171.57,173.3 1 0
github.com/subhasundardass/retui/retui/components/select_dropdown.go:184.2,186.44 2 14
github.com/subhasundardass/retui/retui/components/select_dropdown.go:186.44,189.10 3 0
github.com/subhasundardass/retui/retui/components/select_dropdown.go:189.10,191.4 1 0
github.com/subhasundardass/retui/retui/components/select_dropdown.go:193.3,206.52 12 0
github.com/subhasundardass/retui/retui/components/select_dropdown.go:206.52,208.4 1 0
github.com/subhasundardass/retui/retui/components/select_dropdown.go:211.2,211.25 1 14
github.com/subhasundardass/retui/retui/components/select_dropdown.go:211.25,212.14 1 0
github.com/subhasundardass/retui/retui/components/select_dropdown.go:212.14,217.4 1 0
github.com/subhasundardass/retui/retui/components/select_dropdown.go:218.3,227.52 8 0
github.com/subhasundardass/retui/retui/components/select_dropdown.go:227.52,229.4 1 0
github.com/subhasundardass/retui/retui/components/select_dropdown.go:232.2,232.22 1 14
github.com/subhasundardass/retui/retui/components/select_dropdown.go:232.22,238.13 3 13
github.com/subhasundardass/retui/retui/components/select_dropdown.go:238.13,241.4 2 0
github.com/subhasundardass/retui/retui/components/select_dropdown.go:243.3,244.9 2 13
github.com/subhasundardass/retui/retui/components/select_dropdown.go:244.9,247.32 2 0
github.com/subhasundardass/retui/retui/components/select_dropdown.go:247.32,249.5 1 0
github.com/subhasundardass/retui/retui/components/select_dropdown.go:251.4,251.64 1 0
github.com/subhasundardass/retui/retui/components/select_dropdown.go:251.64,252.16 1 0
github.com/subhasundardass/retui/retui/components/select_dropdown.go:252.16,253.22 1 0
github.com/subhasundardass/retui/retui/components/select_dropdown.go:254.57,255.18 1 0
github.com/subhasundardass/retui/retui/components/select_dropdown.go:255.18,257.8 1 0
github.com/subhasundardass/retui/retui/components/select_dropdown.go:259.14,260.72 1 0
github.com/subhasundardass/retui/retui/components/select_dropdown.go:260.72,264.8 1 0
github.com/subhasundardass/retui/retui/components/select_dropdown.go:266.11,267.22 1 0
github.com/subhasundardass/retui/retui/components/select_dropdown.go:269.27,270.21 1 0
github.com/subhasundardass/retui/retui/components/select_dropdown.go:272.26,273.65 1 0
github.com/subhasundardass/retui/retui/components/select_dropdown.go:273.65,275.25 2 0
github.com/subhasundardass/retui/retui/components/select_dropdown.go:275.25,277.54 2 0
github.com/subhasundardass/retui/retui/components/select_dropdown.go:277.54,279.10 1 0
github.com/subhasundardass/retui/retui/components/select_dropdown.go:282.7,282.21 1 0
github.com/subhasundardass/retui/retui/components/select_dropdown.go:284.23,286.34 2 0
github.com/subhasundardass/retui/retui/components/select_dropdown.go:288.25,290.34 2 0
github.com/subhasundardass/retui/retui/components/select_dropdown.go:292.25,294.34 2 0
github.com/subhasundardass/retui/retui/components/select_dropdown.go:296.24,298.34 2 0
github.com/subhasundardass/retui/retui/components/select_dropdown.go:300.30,301.30 1 0
github.com/subhasundardass/retui/retui/components/select_dropdown.go:301.30,309.8 6 0
github.com/subhasundardass/retui/retui/components/select_dropdown.go:311.24,312.21 1 0
github.com/subhasundardass/retui/retui/components/select_dropdown.go:314.14,315.61 1 0
github.com/subhasundardass/retui/retui/components/select_dropdown.go:315.61,323.8 6 0
github.com/subhasundardass/retui/retui/components/select_dropdown.go:334.2,334.24 1 14
github.com/subhasundardass/retui/retui/components/select_dropdown.go:334.24,336.3 1 0
github.com/subhasundardass/retui/retui/components/select_dropdown.go:338.2,338.94 1 14
github.com/subhasundardass/retui/retui/components/select_dropdown.go:350.17,352.33 1 14
github.com/subhasundardass/retui/retui/components/select_dropdown.go:352.33,354.3 1 14
github.com/subhasundardass/retui/retui/components/select_dropdown.go:355.2,355.21 1 14
github.com/subhasundardass/retui/retui/components/select_dropdown.go:355.21,357.3 1 14
github.com/subhasundardass/retui/retui/components/select_dropdown.go:363.2,365.18 3 14
github.com/subhasundardass/retui/retui/components/select_dropdown.go:365.18,366.38 1 2
github.com/subhasundardass/retui/retui/components/select_dropdown.go:366.38,367.46 1 3
github.com/subhasundardass/retui/retui/components/select_dropdown.go:367.46,369.10 2 1
github.com/subhasundardass/retui/retui/components/select_dropdown.go:372.3,372.42 1 2
github.com/subhasundardass/retui/retui/components/select_dropdown.go:372.42,373.32 1 1
github.com/subhasundardass/retui/retui/components/select_dropdown.go:373.32,374.47 1 0
github.com/subhasundardass/retui/retui/components/select_dropdown.go:374.47,376.11 2 0
github.com/subhasundardass/retui/retui/components/select_dropdown.go:382.2,383.12 2 14
github.com/subhasundardass/retui/retui/components/select_dropdown.go:383.12,384.23 1 0
github.com/subhasundardass/retui/retui/components/select_dropdown.go:384.23,386.4 1 0
github.com/subhasundardass/retui/retui/components/select_dropdown.go:386.9,388.4 1 0
github.com/subhasundardass/retui/retui/components/select_dropdown.go:395.2,396.12 2 14
github.com/subhasundardass/retui/retui/components/select_dropdown.go:396.12,398.3 1 0
github.com/subhasundardass/retui/retui/components/select_dropdown.go:403.2,406.22 3 14
github.com/subhasundardass/retui/retui/components/select_dropdown.go:406.22,411.3 1 0
github.com/subhasundardass/retui/retui/components/select_dropdown.go:411.8,414.3 1 14
github.com/subhasundardass/retui/retui/components/select_dropdown.go:416.2,417.22 2 14
github.com/subhasundardass/retui/retui/components/select_dropdown.go:417.22,419.3 1 0
github.com/subhasundardass/retui/retui/components/select_dropdown.go:422.2,428.24 6 14
github.com/subhasundardass/retui/retui/components/select_dropdown.go:428.24,430.3 1 2
github.com/subhasundardass/retui/retui/components/select_dropdown.go:432.2,434.33 3 14
github.com/subhasundardass/retui/retui/components/select_dropdown.go:434.33,436.3 1 12
github.com/subhasundardass/retui/retui/components/select_dropdown.go:439.2,442.25 2 14
github.com/subhasundardass/retui/retui/components/select_dropdown.go:442.25,444.23 2 0
github.com/subhasundardass/retui/retui/components/select_dropdown.go:444.23,446.4 1 0
github.com/subhasundardass/retui/retui/components/select_dropdown.go:447.3,447.80 1 0
github.com/subhasundardass/retui/retui/components/select_dropdown.go:451.2,454.25 2 14
github.com/subhasundardass/retui/retui/components/select_dropdown.go:454.25,456.23 2 0
github.com/subhasundardass/retui/retui/components/select_dropdown.go:456.23,458.4 1 0
github.com/subhasundardass/retui/retui/components/select_dropdown.go:459.3,459.80 1 0
github.com/subhasundardass/retui/retui/components/select_dropdown.go:463.2,475.24 5 14
github.com/subhasundardass/retui/retui/components/select_dropdown.go:475.24,485.3 4 1
github.com/subhasundardass/retui/retui/components/select_dropdown.go:487.2,487.13 1 14
github.com/subhasundardass/retui/retui/components/select_dropdown.go:487.13,489.3 1 14
github.com/subhasundardass/retui/retui/components/select_dropdown.go:491.2,530.3 6 0
github.com/subhasundardass/retui/retui/components/select_dropdown.go:533.100,534.23 1 0
github.com/subhasundardass/retui/retui/components/select_dropdown.go:534.23,544.3 1 0
github.com/subhasundardass/retui/retui/components/select_dropdown.go:546.2,547.34 2 0
github.com/subhasundardass/retui/retui/components/select_dropdown.go:547.34,549.16 2 0
github.com/subhasundardass/retui/retui/components/select_dropdown.go:549.16,551.4 1 0
github.com/subhasundardass/retui/retui/components/select_dropdown.go:552.3,553.25 2 0
github.com/subhasundardass/retui/retui/components/select_dropdown.go:553.25,556.4 2 0
github.com/subhasundardass/retui/retui/components/select_dropdown.go:559.2,560.31 2 0
github.com/subhasundardass/retui/retui/components/select_dropdown.go:560.31,565.10 4 0
github.com/subhasundardass/retui/retui/components/select_dropdown.go:566.21,568.24 2 0
github.com/subhasundardass/retui/retui/components/select_dropdown.go:568.24,571.5 1 0
github.com/subhasundardass/retui/retui/components/select_dropdown.go:572.25,573.86 1 0
github.com/subhasundardass/retui/retui/components/select_dropdown.go:574.34,575.19 1 0
github.com/subhasundardass/retui/retui/components/select_dropdown.go:578.3,579.55 2 0
github.com/subhasundardass/retui/retui/components/select_dropdown.go:582.2,590.3 1 0
github.com/subhasundardass/retui/retui/components/select_dropdown.go:595.71,597.30 2 2
github.com/subhasundardass/retui/retui/components/select_dropdown.go:597.30,598.44 1 5
github.com/subhasundardass/retui/retui/components/select_dropdown.go:598.44,600.4 1 1
github.com/subhasundardass/retui/retui/components/select_dropdown.go:602.2,602.18 1 1
github.com/subhasundardass/retui/retui/components/select_dropdown.go:605.52,606.30 1 2
github.com/subhasundardass/retui/retui/components/select_dropdown.go:606.30,607.20 1 4
github.com/subhasundardass/retui/retui/components/select_dropdown.go:607.20,609.4 1 1
github.com/subhasundardass/retui/retui/components/select_dropdown.go:611.2,611.10 1 1
github.com/subhasundardass/retui/retui/components/select_dropdown.go:614.51,615.41 1 1
github.com/subhasundardass/retui/retui/components/select_dropdown.go:615.41,616.27 1 2
github.com/subhasundardass/retui/retui/components/select_dropdown.go:616.27,618.4 1 1
github.com/subhasundardass/retui/retui/components/select_dropdown.go:620.2,620.10 1 0
github.com/subhasundardass/retui/retui/components/select_dropdown.go:623.79,624.23 1 2
github.com/subhasundardass/retui/retui/components/select_dropdown.go:624.23,626.3 1 0
github.com/subhasundardass/retui/retui/components/select_dropdown.go:627.2,628.33 2 2
github.com/subhasundardass/retui/retui/components/select_dropdown.go:628.33,629.27 1 3
github.com/subhasundardass/retui/retui/components/select_dropdown.go:629.27,631.4 1 2
github.com/subhasundardass/retui/retui/components/select_dropdown.go:632.3,632.17 1 1
github.com/subhasundardass/retui/retui/components/select_dropdown.go:634.2,634.16 1 0
github.com/subhasundardass/retui/retui/components/select_dropdown.go:650.71,651.28 1 4
github.com/subhasundardass/retui/retui/components/select_dropdown.go:651.28,653.3 1 1
github.com/subhasundardass/retui/retui/components/select_dropdown.go:654.2,654.17 1 3
github.com/subhasundardass/retui/retui/components/select_dropdown.go:654.17,656.3 1 1
github.com/subhasundardass/retui/retui/components/select_dropdown.go:657.2,658.37 2 2
github.com/subhasundardass/retui/retui/components/select_dropdown.go:658.37,659.75 1 6
github.com/subhasundardass/retui/retui/components/select_dropdown.go:659.75,661.4 1 3
github.com/subhasundardass/retui/retui/components/select_dropdown.go:663.2,663.12 1 2
github.com/subhasundardass/retui/retui/components/select_dropdown.go:666.53,668.28 2 22
github.com/subhasundardass/retui/retui/components/select_dropdown.go:668.28,670.3 1 17
github.com/subhasundardass/retui/retui/components/select_dropdown.go:671.2,671.19 1 5
github.com/subhasundardass/retui/retui/components/select_dropdown.go:671.19,673.3 1 3
github.com/subhasundardass/retui/retui/components/select_dropdown.go:674.2,674.43 1 2
github.com/subhasundardass/retui/retui/components/select_dropdown.go:681.51,682.15 1 3
github.com/subhasundardass/retui/retui/components/select_dropdown.go:682.15,684.3 1 0
github.com/subhasundardass/retui/retui/components/select_dropdown.go:685.2,688.21 4 3
github.com/subhasundardass/retui/retui/components/select_dropdown.go:688.21,690.3 1 2
github.com/subhasundardass/retui/retui/components/select_dropdown.go:691.2,691.18 1 3
github.com/subhasundardass/retui/retui/components/select_picker.go:46.40,64.2 1 36
github.com/subhasundardass/retui/retui/components/select_picker.go:66.61,69.2 2 8
github.com/subhasundardass/retui/retui/components/select_picker.go:71.68,74.2 2 22
github.com/subhasundardass/retui/retui/components/select_picker.go:76.64,79.2 2 6
github.com/subhasundardass/retui/retui/components/select_picker.go:81.61,84.2 2 4
github.com/subhasundardass/retui/retui/components/select_picker.go:86.65,89.2 2 4
github.com/subhasundardass/retui/retui/components/select_picker.go:91.65,94.2 2 4
github.com/subhasundardass/retui/retui/components/select_picker.go:96.73,99.2 2 1
github.com/subhasundardass/retui/retui/components/select_picker.go:101.64,104.2 2 3
github.com/subhasundardass/retui/retui/components/select_picker.go:106.87,109.2 2 2
github.com/subhasundardass/retui/retui/components/select_picker.go:111.92,114.2 2 2
github.com/subhasundardass/retui/retui/components/select_picker.go:116.73,119.2 2 2
github.com/subhasundardass/retui/retui/components/select_picker.go:121.72,124.2 2 2
github.com/subhasundardass/retui/retui/components/select_picker.go:126.87,129.2 2 2
github.com/subhasundardass/retui/retui/components/select_picker.go:133.52,135.2 1 17
github.com/subhasundardass/retui/retui/components/select_picker.go:139.81,144.33 2 25
github.com/subhasundardass/retui/retui/components/select_picker.go:144.33,146.3 1 0
github.com/subhasundardass/retui/retui/components/select_picker.go:149.2,149.18 1 25
github.com/subhasundardass/retui/retui/components/select_picker.go:149.18,152.3 2 1
github.com/subhasundardass/retui/retui/components/select_picker.go:153.2,153.37 1 25
github.com/subhasundardass/retui/retui/components/select_picker.go:153.37,156.3 2 5
github.com/subhasundardass/retui/retui/components/select_picker.go:159.2,159.57 1 25
github.com/subhasundardass/retui/retui/components/select_picker.go:159.57,161.3 1 1
github.com/subhasundardass/retui/retui/components/select_picker.go:163.2,163.57 1 25
github.com/subhasundardass/retui/retui/components/select_picker.go:163.57,165.3 1 1
github.com/subhasundardass/retui/retui/components/select_picker.go:168.2,168.13 1 25
github.com/subhasundardass/retui/retui/components/select_picker.go:168.13,171.50 2 3
github.com/subhasundardass/retui/retui/components/select_picker.go:171.50,172.41 1 0
github.com/subhasundardass/retui/retui/components/select_picker.go:172.41,173.16 1 0
github.com/subhasundardass/retui/retui/components/select_picker.go:177.3,177.19 1 3
github.com/subhasundardass/retui/retui/components/select_picker.go:178.22,179.20 1 0
github.com/subhasundardass/retui/retui/components/select_picker.go:179.20,182.50 3 0
github.com/subhasundardass/retui/retui/components/select_picker.go:182.50,184.6 1 0
github.com/subhasundardass/retui/retui/components/select_picker.go:187.23,188.40 1 0
github.com/subhasundardass/retui/retui/components/select_picker.go:188.40,191.50 3 0
github.com/subhasundardass/retui/retui/components/select_picker.go:191.50,193.6 1 0
github.com/subhasundardass/retui/retui/components/select_picker.go:196.23,197.49 1 0
github.com/subhasundardass/retui/retui/components/select_picker.go:197.49,199.5 1 0
github.com/subhasundardass/retui/retui/components/select_picker.go:205.2,209.13 3 25
github.com/subhasundardass/retui/retui/components/select_picker.go:209.13,213.3 1 3
github.com/subhasundardass/retui/retui/components/select_picker.go:213.8,216.3 1 18
github.com/subhasundardass/retui/retui/components/select_picker.go:219.2,222.22 2 21
github.com/subhasundardass/retui/retui/components/select_picker.go:222.22,224.32 2 1
github.com/subhasundardass/retui/retui/components/select_picker.go:224.32,227.4 2 1
github.com/subhasundardass/retui/retui/components/select_picker.go:231.2,232.13 2 21
github.com/subhasundardass/retui/retui/components/select_picker.go:232.13,234.3 1 3
github.com/subhasundardass/retui/retui/components/select_picker.go:234.8,236.3 1 18
github.com/subhasundardass/retui/retui/components/select_picker.go:238.2,239.13 2 21
github.com/subhasundardass/retui/retui/components/select_picker.go:239.13,241.3 1 3
github.com/subhasundardass/retui/retui/components/select_picker.go:241.8,243.3 1 18
github.com/subhasundardass/retui/retui/components/select_picker.go:246.2,248.25 2 21
github.com/subhasundardass/retui/retui/components/select_picker.go:248.25,250.3 1 1
github.com/subhasundardass/retui/retui/components/select_picker.go:252.2,254.25 2 21
github.com/subhasundardass/retui/retui/components/select_picker.go:254.25,256.3 1 1
github.com/subhasundardass/retui/retui/components/select_picker.go:259.2,265.3 1 21
github.com/subhasundardass/retui/retui/components/spinner.go:9.42,16.2 3 39
github.com/subhasundardass/retui/retui/components/table.go:69.26,87.2 1 44
github.com/subhasundardass/retui/retui/components/table.go:90.47,93.2 2 2
github.com/subhasundardass/retui/retui/components/table.go:96.60,99.2 2 10
github.com/subhasundardass/retui/retui/components/table.go:102.56,105.2 2 12
github.com/subhasundardass/retui/retui/components/table.go:108.56,111.2 2 3
github.com/subhasundardass/retui/retui/components/table.go:114.57,117.2 2 1
github.com/subhasundardass/retui/retui/components/table.go:120.59,123.2 2 3
github.com/subhasundardass/retui/retui/components/table.go:126.61,129.2 2 2
github.com/subhasundardass/retui/retui/components/table.go:132.60,135.2 2 2
github.com/subhasundardass/retui/retui/components/table.go:138.60,141.2 2 2
github.com/subhasundardass/retui/retui/components/table.go:144.59,147.2 2 2
github.com/subhasundardass/retui/retui/components/table.go:150.65,153.2 2 2
github.com/subhasundardass/retui/retui/components/table.go:156.70,159.2 2 2
github.com/subhasundardass/retui/retui/components/table.go:162.65,165.2 2 1
github.com/subhasundardass/retui/retui/components/table.go:168.72,171.2 2 2
github.com/subhasundardass/retui/retui/components/table.go:174.72,177.2 2 2
github.com/subhasundardass/retui/retui/components/table.go:180.67,183.2 2 1
github.com/subhasundardass/retui/retui/components/table.go:186.62,189.2 2 2
github.com/subhasundardass/retui/retui/components/table.go:192.67,195.2 2 2
github.com/subhasundardass/retui/retui/components/table.go:198.62,201.2 2 1
github.com/subhasundardass/retui/retui/components/table.go:204.65,207.2 2 2
github.com/subhasundardass/retui/retui/components/table.go:210.65,213.2 2 1
github.com/subhasundardass/retui/retui/components/table.go:216.66,219.2 2 2
github.com/subhasundardass/retui/retui/components/table.go:222.57,225.2 2 3
github.com/subhasundardass/retui/retui/components/table.go:228.57,231.2 2 3
github.com/subhasundardass/retui/retui/components/table.go:234.59,237.2 2 2
github.com/subhasundardass/retui/retui/components/table.go:240.62,243.2 2 2
github.com/subhasundardass/retui/retui/components/table.go:248.51,252.2 3 7
github.com/subhasundardass/retui/retui/components/table.go:257.53,261.2 3 4
github.com/subhasundardass/retui/retui/components/table.go:272.45,277.63 3 12
github.com/subhasundardass/retui/retui/components/table.go:277.63,278.32 1 0
github.com/subhasundardass/retui/retui/components/table.go:279.22,280.34 1 0
github.com/subhasundardass/retui/retui/components/table.go:280.34,283.28 3 0
github.com/subhasundardass/retui/retui/components/table.go:283.28,285.6 1 0
github.com/subhasundardass/retui/retui/components/table.go:287.20,288.20 1 0
github.com/subhasundardass/retui/retui/components/table.go:288.20,291.28 3 0
github.com/subhasundardass/retui/retui/components/table.go:291.28,293.6 1 0
github.com/subhasundardass/retui/retui/components/table.go:295.23,296.27 1 0
github.com/subhasundardass/retui/retui/components/table.go:296.27,298.5 1 0
github.com/subhasundardass/retui/retui/components/table.go:302.2,305.40 3 12
github.com/subhasundardass/retui/retui/components/table.go:305.40,307.3 1 4
github.com/subhasundardass/retui/retui/components/table.go:309.2,310.42 2 12
github.com/subhasundardass/retui/retui/components/table.go:310.42,312.3 1 1
github.com/subhasundardass/retui/retui/components/table.go:314.2,321.57 1 12
github.com/subhasundardass/retui/retui/components/table.go:321.57,324.26 1 3
github.com/subhasundardass/retui/retui/components/table.go:324.26,326.5 1 0
github.com/subhasundardass/retui/retui/components/table.go:327.4,327.27 1 3
github.com/subhasundardass/retui/retui/components/table.go:327.27,329.5 1 3
github.com/subhasundardass/retui/retui/components/table.go:330.4,330.20 1 3
github.com/subhasundardass/retui/retui/components/table.go:336.44,339.54 3 3
github.com/subhasundardass/retui/retui/components/table.go:339.54,341.3 1 1
github.com/subhasundardass/retui/retui/components/table.go:343.2,347.21 3 3
github.com/subhasundardass/retui/retui/components/table.go:347.21,349.3 1 2
github.com/subhasundardass/retui/retui/components/table.go:351.2,351.21 1 3
github.com/subhasundardass/retui/retui/components/table.go:351.21,353.22 2 2
github.com/subhasundardass/retui/retui/components/table.go:353.22,355.4 1 1
github.com/subhasundardass/retui/retui/components/table.go:358.2,359.52 2 3
github.com/subhasundardass/retui/retui/components/table.go:359.52,362.33 3 6
github.com/subhasundardass/retui/retui/components/table.go:362.33,363.20 1 12
github.com/subhasundardass/retui/retui/components/table.go:363.20,365.5 1 12
github.com/subhasundardass/retui/retui/components/table.go:367.3,368.70 2 6
github.com/subhasundardass/retui/retui/components/table.go:371.2,371.21 1 3
github.com/subhasundardass/retui/retui/components/table.go:371.21,373.3 1 2
github.com/subhasundardass/retui/retui/components/table.go:375.2,379.19 2 3
github.com/subhasundardass/retui/retui/components/table.go:379.19,381.3 1 3
github.com/subhasundardass/retui/retui/components/table.go:382.2,382.20 1 3
github.com/subhasundardass/retui/retui/components/table.go:382.20,384.3 1 3
github.com/subhasundardass/retui/retui/components/table.go:386.2,390.3 1 3
github.com/subhasundardass/retui/retui/components/table.go:395.51,398.35 3 3
github.com/subhasundardass/retui/retui/components/table.go:398.35,400.3 1 0
github.com/subhasundardass/retui/retui/components/table.go:402.2,403.21 2 3
github.com/subhasundardass/retui/retui/components/table.go:403.21,405.3 1 2
github.com/subhasundardass/retui/retui/components/table.go:406.2,406.21 1 3
github.com/subhasundardass/retui/retui/components/table.go:406.21,408.22 2 2
github.com/subhasundardass/retui/retui/components/table.go:408.22,410.4 1 1
github.com/subhasundardass/retui/retui/components/table.go:413.2,414.17 2 3
github.com/subhasundardass/retui/retui/components/table.go:414.17,416.3 1 0
github.com/subhasundardass/retui/retui/components/table.go:417.2,417.22 1 3
github.com/subhasundardass/retui/retui/components/table.go:417.22,419.3 1 3
github.com/subhasundardass/retui/retui/components/table.go:421.2,422.15 2 0
github.com/subhasundardass/retui/retui/components/table.go:422.15,424.3 1 0
github.com/subhasundardass/retui/retui/components/table.go:425.2,425.51 1 0
github.com/subhasundardass/retui/retui/components/table.go:425.51,427.3 1 0
github.com/subhasundardass/retui/retui/components/table.go:429.2,429.31 1 0
github.com/subhasundardass/retui/retui/components/table.go:432.64,435.19 3 3
github.com/subhasundardass/retui/retui/components/table.go:435.19,437.3 1 0
github.com/subhasundardass/retui/retui/components/table.go:445.2,446.25 2 3
github.com/subhasundardass/retui/retui/components/table.go:446.25,448.3 1 0
github.com/subhasundardass/retui/retui/components/table.go:450.2,450.21 1 3
github.com/subhasundardass/retui/retui/components/table.go:450.21,453.3 2 2
github.com/subhasundardass/retui/retui/components/table.go:454.2,454.25 1 3
github.com/subhasundardass/retui/retui/components/table.go:454.25,456.3 1 0
github.com/subhasundardass/retui/retui/components/table.go:458.2,459.32 2 3
github.com/subhasundardass/retui/retui/components/table.go:459.32,460.59 1 6
github.com/subhasundardass/retui/retui/components/table.go:460.59,463.12 3 0
github.com/subhasundardass/retui/retui/components/table.go:466.3,467.46 2 6
github.com/subhasundardass/retui/retui/components/table.go:467.46,468.57 1 4
github.com/subhasundardass/retui/retui/components/table.go:468.57,470.5 1 4
github.com/subhasundardass/retui/retui/components/table.go:472.3,472.32 1 6
github.com/subhasundardass/retui/retui/components/table.go:472.32,473.20 1 12
github.com/subhasundardass/retui/retui/components/table.go:473.20,474.50 1 12
github.com/subhasundardass/retui/retui/components/table.go:474.50,476.6 1 4
github.com/subhasundardass/retui/retui/components/table.go:479.3,480.36 2 6
github.com/subhasundardass/retui/retui/components/table.go:480.36,482.4 1 0
github.com/subhasundardass/retui/retui/components/table.go:483.3,483.62 1 6
github.com/subhasundardass/retui/retui/components/table.go:483.62,485.4 1 0
github.com/subhasundardass/retui/retui/components/table.go:486.3,487.32 2 6
github.com/subhasundardass/retui/retui/components/table.go:490.2,490.40 1 3
github.com/subhasundardass/retui/retui/components/table.go:490.40,494.33 4 3
github.com/subhasundardass/retui/retui/components/table.go:494.33,496.21 2 6
github.com/subhasundardass/retui/retui/components/table.go:496.21,498.5 1 1
github.com/subhasundardass/retui/retui/components/table.go:499.4,499.64 1 6
github.com/subhasundardass/retui/retui/components/table.go:499.64,501.5 1 0
github.com/subhasundardass/retui/retui/components/table.go:505.2,505.40 1 3
github.com/subhasundardass/retui/retui/components/table.go:505.40,508.3 2 0
github.com/subhasundardass/retui/retui/components/table.go:510.2,510.15 1 3
github.com/subhasundardass/retui/retui/components/table.go:513.69,516.18 3 0
github.com/subhasundardass/retui/retui/components/table.go:516.18,518.3 1 0
github.com/subhasundardass/retui/retui/components/table.go:520.2,520.32 1 0
github.com/subhasundardass/retui/retui/components/table.go:520.32,521.20 1 0
github.com/subhasundardass/retui/retui/components/table.go:521.20,523.26 2 0
github.com/subhasundardass/retui/retui/components/table.go:523.26,524.22 1 0
github.com/subhasundardass/retui/retui/components/table.go:524.22,525.11 1 0
github.com/subhasundardass/retui/retui/components/table.go:527.5,527.26 1 0
github.com/subhasundardass/retui/retui/components/table.go:527.26,531.6 3 0
github.com/subhasundardass/retui/retui/components/table.go:533.4,533.18 1 0
github.com/subhasundardass/retui/retui/components/table.go:533.18,534.10 1 0
github.com/subhasundardass/retui/retui/components/table.go:539.2,540.18 2 0
github.com/subhasundardass/retui/retui/components/table.go:540.18,542.3 1 0
github.com/subhasundardass/retui/retui/components/table.go:545.68,551.21 5 2
github.com/subhasundardass/retui/retui/components/table.go:551.21,553.3 1 1
github.com/subhasundardass/retui/retui/components/table.go:555.2,555.37 1 2
github.com/subhasundardass/retui/retui/components/table.go:555.37,564.38 7 4
github.com/subhasundardass/retui/retui/components/table.go:564.38,566.4 1 0
github.com/subhasundardass/retui/retui/components/table.go:568.3,570.22 2 4
github.com/subhasundardass/retui/retui/components/table.go:570.22,572.4 1 2
github.com/subhasundardass/retui/retui/components/table.go:575.2,579.3 1 2
github.com/subhasundardass/retui/retui/components/table.go:582.99,588.21 5 6
github.com/subhasundardass/retui/retui/components/table.go:588.21,590.3 1 4
github.com/subhasundardass/retui/retui/components/table.go:592.2,592.35 1 6
github.com/subhasundardass/retui/retui/components/table.go:592.35,600.36 6 12
github.com/subhasundardass/retui/retui/components/table.go:600.36,603.4 2 6
github.com/subhasundardass/retui/retui/components/table.go:603.9,606.36 3 6
github.com/subhasundardass/retui/retui/components/table.go:606.36,608.5 1 0
github.com/subhasundardass/retui/retui/components/table.go:611.3,613.22 2 12
github.com/subhasundardass/retui/retui/components/table.go:613.22,615.4 1 8
github.com/subhasundardass/retui/retui/components/table.go:618.2,622.3 1 6
github.com/subhasundardass/retui/retui/components/table.go:625.94,628.30 3 5
github.com/subhasundardass/retui/retui/components/table.go:628.30,630.3 1 10
github.com/subhasundardass/retui/retui/components/table.go:631.2,636.32 4 5
github.com/subhasundardass/retui/retui/components/table.go:639.56,641.36 2 20
github.com/subhasundardass/retui/retui/components/table.go:641.36,643.3 1 2
github.com/subhasundardass/retui/retui/components/table.go:644.2,644.15 1 18
github.com/subhasundardass/retui/retui/components/table.go:647.49,649.22 2 58
github.com/subhasundardass/retui/retui/components/table.go:649.22,651.3 1 192
github.com/subhasundardass/retui/retui/components/table.go:652.2,652.14 1 58
github.com/subhasundardass/retui/retui/components/table.go:655.78,657.23 2 20
github.com/subhasundardass/retui/retui/components/table.go:657.23,659.3 1 0
github.com/subhasundardass/retui/retui/components/table.go:660.2,660.42 1 20
github.com/subhasundardass/retui/retui/components/table.go:660.42,662.3 1 18
github.com/subhasundardass/retui/retui/components/table.go:664.2,665.22 2 2
github.com/subhasundardass/retui/retui/components/table.go:665.22,667.3 1 1
github.com/subhasundardass/retui/retui/components/table.go:669.2,671.26 3 2
github.com/subhasundardass/retui/retui/components/table.go:671.26,673.20 2 8
github.com/subhasundardass/retui/retui/components/table.go:673.20,674.9 1 2
github.com/subhasundardass/retui/retui/components/table.go:676.3,677.8 2 6
github.com/subhasundardass/retui/retui/components/table.go:679.2,681.22 2 2
github.com/subhasundardass/retui/retui/components/table.go:681.22,683.3 1 1
github.com/subhasundardass/retui/retui/components/table.go:684.2,684.18 1 1
github.com/subhasundardass/retui/retui/components/table.go:687.92,689.24 2 19
github.com/subhasundardass/retui/retui/components/table.go:689.24,691.3 1 0
github.com/subhasundardass/retui/retui/components/table.go:692.2,693.32 2 19
github.com/subhasundardass/retui/retui/components/table.go:693.32,696.3 2 0
github.com/subhasundardass/retui/retui/components/table.go:697.2,698.13 2 19
github.com/subhasundardass/retui/retui/components/table.go:698.13,700.3 1 0
github.com/subhasundardass/retui/retui/components/table.go:702.2,702.19 1 19
github.com/subhasundardass/retui/retui/components/table.go:703.16,706.85 3 1
github.com/subhasundardass/retui/retui/components/table.go:707.15,709.76 2 1
github.com/subhasundardass/retui/retui/components/table.go:710.10,711.93 1 17
github.com/subhasundardass/retui/retui/components/text.go:54.30,77.2 1 33
github.com/subhasundardass/retui/retui/components/text.go:79.47,82.2 2 8
github.com/subhasundardass/retui/retui/components/text.go:84.50,87.2 2 15
github.com/subhasundardass/retui/retui/components/text.go:89.56,92.2 2 3
github.com/subhasundardass/retui/retui/components/text.go:94.47,97.2 2 4
github.com/subhasundardass/retui/retui/components/text.go:99.51,102.2 2 4
github.com/subhasundardass/retui/retui/components/text.go:104.51,107.2 2 4
github.com/subhasundardass/retui/retui/components/text.go:109.55,112.2 2 1
github.com/subhasundardass/retui/retui/components/text.go:114.51,117.2 2 3
github.com/subhasundardass/retui/retui/components/text.go:119.51,122.2 2 3
github.com/subhasundardass/retui/retui/components/text.go:125.50,128.2 2 0
github.com/subhasundardass/retui/retui/components/text.go:129.51,132.2 2 0
github.com/subhasundardass/retui/retui/components/text.go:133.49,136.2 2 0
github.com/subhasundardass/retui/retui/components/text.go:138.50,141.2 2 3
github.com/subhasundardass/retui/retui/components/text.go:145.68,148.2 2 2
github.com/subhasundardass/retui/retui/components/text.go:150.78,153.2 2 2
github.com/subhasundardass/retui/retui/components/text.go:155.59,158.2 2 2
github.com/subhasundardass/retui/retui/components/text.go:160.58,163.2 2 2
github.com/subhasundardass/retui/retui/components/text.go:165.68,168.2 2 2
github.com/subhasundardass/retui/retui/components/text.go:172.45,174.2 1 15
github.com/subhasundardass/retui/retui/components/text.go:178.67,180.19 1 22
github.com/subhasundardass/retui/retui/components/text.go:180.19,182.3 1 0
github.com/subhasundardass/retui/retui/components/text.go:185.2,193.22 3 22
github.com/subhasundardass/retui/retui/components/text.go:193.22,196.3 2 0
github.com/subhasundardass/retui/retui/components/text.go:197.2,197.13 1 22
github.com/subhasundardass/retui/retui/components/text.go:197.13,200.3 2 0
github.com/subhasundardass/retui/retui/components/text.go:203.2,203.77 1 22
github.com/subhasundardass/retui/retui/components/text.go:203.77,205.3 1 1
github.com/subhasundardass/retui/retui/components/text.go:207.2,207.77 1 22
github.com/subhasundardass/retui/retui/components/text.go:207.77,209.3 1 1
github.com/subhasundardass/retui/retui/components/text.go:212.2,212.33 1 22
github.com/subhasundardass/retui/retui/components/text.go:212.33,215.50 2 3
github.com/subhasundardass/retui/retui/components/text.go:215.50,216.41 1 0
github.com/subhasundardass/retui/retui/components/text.go:216.41,217.16 1 0
github.com/subhasundardass/retui/retui/components/text.go:221.3,221.19 1 3
github.com/subhasundardass/retui/retui/components/text.go:222.22,223.15 1 0
github.com/subhasundardass/retui/retui/components/text.go:223.15,225.5 1 0
github.com/subhasundardass/retui/retui/components/text.go:227.23,228.24 1 0
github.com/subhasundardass/retui/retui/components/text.go:228.24,230.5 1 0
github.com/subhasundardass/retui/retui/components/text.go:232.23,233.62 1 0
github.com/subhasundardass/retui/retui/components/text.go:233.62,237.50 4 0
github.com/subhasundardass/retui/retui/components/text.go:237.50,239.6 1 0
github.com/subhasundardass/retui/retui/components/text.go:240.5,240.20 1 0
github.com/subhasundardass/retui/retui/components/text.go:243.27,244.33 1 0
github.com/subhasundardass/retui/retui/components/text.go:244.33,248.50 4 0
github.com/subhasundardass/retui/retui/components/text.go:248.50,250.6 1 0
github.com/subhasundardass/retui/retui/components/text.go:251.5,251.20 1 0
github.com/subhasundardass/retui/retui/components/text.go:254.22,255.13 1 0
github.com/subhasundardass/retui/retui/components/text.go:257.21,258.22 1 0
github.com/subhasundardass/retui/retui/components/text.go:260.24,261.24 1 0
github.com/subhasundardass/retui/retui/components/text.go:261.24,265.50 4 0
github.com/subhasundardass/retui/retui/components/text.go:265.50,267.6 1 0
github.com/subhasundardass/retui/retui/components/text.go:270.23,271.61 1 0
github.com/subhasundardass/retui/retui/components/text.go:271.61,274.5 1 0
github.com/subhasundardass/retui/retui/components/text.go:275.4,275.49 1 0
github.com/subhasundardass/retui/retui/components/text.go:275.49,277.5 1 0
github.com/subhasundardass/retui/retui/components/text.go:279.11,281.58 1 3
github.com/subhasundardass/retui/retui/components/text.go:281.58,282.63 1 0
github.com/subhasundardass/retui/retui/components/text.go:282.63,286.51 4 0
github.com/subhasundardass/retui/retui/components/text.go:286.51,288.7 1 0
github.com/subhasundardass/retui/retui/components/text.go:289.6,289.21 1 0
github.com/subhasundardass/retui/retui/components/text.go:297.2,298.22 2 22
github.com/subhasundardass/retui/retui/components/text.go:298.22,300.3 1 0
github.com/subhasundardass/retui/retui/components/text.go:303.2,307.59 3 22
github.com/subhasundardass/retui/retui/components/text.go:307.59,309.3 1 2
github.com/subhasundardass/retui/retui/components/text.go:312.2,313.13 2 22
github.com/subhasundardass/retui/retui/components/text.go:313.13,318.3 1 3
github.com/subhasundardass/retui/retui/components/text.go:318.8,321.3 1 19
github.com/subhasundardass/retui/retui/components/text.go:324.2,325.13 2 22
github.com/subhasundardass/retui/retui/components/text.go:325.13,326.14 1 3
github.com/subhasundardass/retui/retui/components/text.go:326.14,328.4 1 3
github.com/subhasundardass/retui/retui/components/text.go:328.9,330.4 1 0
github.com/subhasundardass/retui/retui/components/text.go:333.2,334.13 2 22
github.com/subhasundardass/retui/retui/components/text.go:334.13,338.3 1 3
github.com/subhasundardass/retui/retui/components/text.go:338.8,341.3 1 19
github.com/subhasundardass/retui/retui/components/text.go:344.2,345.13 2 22
github.com/subhasundardass/retui/retui/components/text.go:345.13,347.30 2 3
github.com/subhasundardass/retui/retui/components/text.go:347.30,349.4 1 0
github.com/subhasundardass/retui/retui/components/text.go:349.9,351.4 1 3
github.com/subhasundardass/retui/retui/components/text.go:355.2,357.31 3 22
github.com/subhasundardass/retui/retui/components/text.go:357.31,360.3 2 16
github.com/subhasundardass/retui/retui/components/text.go:363.2,365.25 2 22
github.com/subhasundardass/retui/retui/components/text.go:365.25,367.3 1 1
github.com/subhasundardass/retui/retui/components/text.go:370.2,371.26 2 22
github.com/subhasundardass/retui/retui/components/text.go:371.26,373.3 1 1
github.com/subhasundardass/retui/retui/components/text.go:375.2,377.25 2 22
github.com/subhasundardass/retui/retui/components/text.go:377.25,379.3 1 1
github.com/subhasundardass/retui/retui/components/text.go:382.2,388.3 1 22
github.com/subhasundardass/retui/retui/components/text.go:393.65,399.2 1 0
github.com/subhasundardass/retui/retui/components/textarea.go:38.32,62.2 1 35
github.com/subhasundardass/retui/retui/components/textarea.go:64.53,67.2 2 8
github.com/subhasundardass/retui/retui/components/textarea.go:69.56,72.2 2 16
github.com/subhasundardass/retui/retui/components/textarea.go:74.62,77.2 2 3
github.com/subhasundardass/retui/retui/components/textarea.go:79.53,82.2 2 4
github.com/subhasundardass/retui/retui/components/textarea.go:84.54,87.2 2 4
github.com/subhasundardass/retui/retui/components/textarea.go:89.57,92.2 2 4
github.com/subhasundardass/retui/retui/components/textarea.go:94.57,97.2 2 4
github.com/subhasundardass/retui/retui/components/textarea.go:99.61,102.2 2 1
github.com/subhasundardass/retui/retui/components/textarea.go:104.57,107.2 2 3
github.com/subhasundardass/retui/retui/components/textarea.go:109.57,112.2 2 3
github.com/subhasundardass/retui/retui/components/textarea.go:115.56,118.2 2 0
github.com/subhasundardass/retui/retui/components/textarea.go:119.57,122.2 2 0
github.com/subhasundardass/retui/retui/components/textarea.go:123.55,126.2 2 0
github.com/subhasundardass/retui/retui/components/textarea.go:130.56,133.2 2 3
github.com/subhasundardass/retui/retui/components/textarea.go:135.74,138.2 2 2
github.com/subhasundardass/retui/retui/components/textarea.go:140.84,143.2 2 2
github.com/subhasundardass/retui/retui/components/textarea.go:145.65,148.2 2 2
github.com/subhasundardass/retui/retui/components/textarea.go:150.64,153.2 2 2
github.com/subhasundardass/retui/retui/components/textarea.go:155.74,158.2 2 2
github.com/subhasundardass/retui/retui/components/textarea.go:162.48,164.2 1 16
github.com/subhasundardass/retui/retui/components/textarea.go:168.73,171.19 1 23
github.com/subhasundardass/retui/retui/components/textarea.go:171.19,173.3 1 0
github.com/subhasundardass/retui/retui/components/textarea.go:175.2,182.22 3 23
github.com/subhasundardass/retui/retui/components/textarea.go:182.22,185.3 2 0
github.com/subhasundardass/retui/retui/components/textarea.go:186.2,186.13 1 23
github.com/subhasundardass/retui/retui/components/textarea.go:186.13,189.3 2 0
github.com/subhasundardass/retui/retui/components/textarea.go:191.2,191.77 1 23
github.com/subhasundardass/retui/retui/components/textarea.go:191.77,193.3 1 1
github.com/subhasundardass/retui/retui/components/textarea.go:195.2,195.77 1 23
github.com/subhasundardass/retui/retui/components/textarea.go:195.77,197.3 1 1
github.com/subhasundardass/retui/retui/components/textarea.go:199.2,199.33 1 23
github.com/subhasundardass/retui/retui/components/textarea.go:199.33,202.50 2 3
github.com/subhasundardass/retui/retui/components/textarea.go:202.50,203.41 1 0
github.com/subhasundardass/retui/retui/components/textarea.go:203.41,204.16 1 0
github.com/subhasundardass/retui/retui/components/textarea.go:208.3,208.19 1 3
github.com/subhasundardass/retui/retui/components/textarea.go:209.22,210.15 1 0
github.com/subhasundardass/retui/retui/components/textarea.go:210.15,212.5 1 0
github.com/subhasundardass/retui/retui/components/textarea.go:214.23,215.24 1 0
github.com/subhasundardass/retui/retui/components/textarea.go:215.24,217.5 1 0
github.com/subhasundardass/retui/retui/components/textarea.go:219.20,220.59 1 0
github.com/subhasundardass/retui/retui/components/textarea.go:220.59,222.5 1 0
github.com/subhasundardass/retui/retui/components/textarea.go:224.22,225.58 1 0
github.com/subhasundardass/retui/retui/components/textarea.go:225.58,227.5 1 0
github.com/subhasundardass/retui/retui/components/textarea.go:229.23,230.62 1 0
github.com/subhasundardass/retui/retui/components/textarea.go:230.62,234.50 4 0
github.com/subhasundardass/retui/retui/components/textarea.go:234.50,236.6 1 0
github.com/subhasundardass/retui/retui/components/textarea.go:237.5,237.20 1 0
github.com/subhasundardass/retui/retui/components/textarea.go:240.27,241.33 1 0
github.com/subhasundardass/retui/retui/components/textarea.go:241.33,245.50 4 0
github.com/subhasundardass/retui/retui/components/textarea.go:245.50,247.6 1 0
github.com/subhasundardass/retui/retui/components/textarea.go:248.5,248.20 1 0
github.com/subhasundardass/retui/retui/components/textarea.go:251.22,252.33 1 0
github.com/subhasundardass/retui/retui/components/textarea.go:254.21,255.31 1 0
github.com/subhasundardass/retui/retui/components/textarea.go:257.24,258.24 1 0
github.com/subhasundardass/retui/retui/components/textarea.go:258.24,262.50 4 0
github.com/subhasundardass/retui/retui/components/textarea.go:262.50,264.6 1 0
github.com/subhasundardass/retui/retui/components/textarea.go:267.23,268.61 1 0
github.com/subhasundardass/retui/retui/components/textarea.go:268.61,270.5 1 0
github.com/subhasundardass/retui/retui/components/textarea.go:271.4,274.49 4 0
github.com/subhasundardass/retui/retui/components/textarea.go:274.49,276.5 1 0
github.com/subhasundardass/retui/retui/components/textarea.go:277.4,278.49 2 0
github.com/subhasundardass/retui/retui/components/textarea.go:278.49,280.5 1 0
github.com/subhasundardass/retui/retui/components/textarea.go:282.11,283.58 1 3
github.com/subhasundardass/retui/retui/components/textarea.go:283.58,284.63 1 0
github.com/subhasundardass/retui/retui/components/textarea.go:284.63,288.51 4 0
github.com/subhasundardass/retui/retui/components/textarea.go:288.51,290.7 1 0
github.com/subhasundardass/retui/retui/components/textarea.go:291.6,291.21 1 0
github.com/subhasundardass/retui/retui/components/textarea.go:298.2,299.22 2 23
github.com/subhasundardass/retui/retui/components/textarea.go:299.22,301.3 1 0
github.com/subhasundardass/retui/retui/components/textarea.go:303.2,306.59 3 23
github.com/subhasundardass/retui/retui/components/textarea.go:306.59,308.3 1 2
github.com/subhasundardass/retui/retui/components/textarea.go:311.2,312.13 2 23
github.com/subhasundardass/retui/retui/components/textarea.go:312.13,317.3 1 3
github.com/subhasundardass/retui/retui/components/textarea.go:317.8,320.3 1 20
github.com/subhasundardass/retui/retui/components/textarea.go:322.2,323.13 2 23
github.com/subhasundardass/retui/retui/components/textarea.go:323.13,325.15 2 3
github.com/subhasundardass/retui/retui/components/textarea.go:325.15,327.4 1 0
github.com/subhasundardass/retui/retui/components/textarea.go:328.3,328.65 1 3
github.com/subhasundardass/retui/retui/components/textarea.go:329.8,331.3 1 20
github.com/subhasundardass/retui/retui/components/textarea.go:334.2,335.33 2 23
github.com/subhasundardass/retui/retui/components/textarea.go:335.33,337.3 1 91
github.com/subhasundardass/retui/retui/components/textarea.go:339.2,340.13 2 23
github.com/subhasundardass/retui/retui/components/textarea.go:340.13,342.3 1 3
github.com/subhasundardass/retui/retui/components/textarea.go:344.2,345.26 2 23
github.com/subhasundardass/retui/retui/components/textarea.go:345.26,347.3 1 1
github.com/subhasundardass/retui/retui/components/textarea.go:349.2,350.42 2 23
github.com/subhasundardass/retui/retui/components/textarea.go:350.42,353.39 2 116
github.com/subhasundardass/retui/retui/components/textarea.go:353.39,355.27 2 3
github.com/subhasundardass/retui/retui/components/textarea.go:355.27,357.5 1 0
github.com/subhasundardass/retui/retui/components/textarea.go:357.10,359.5 1 3
github.com/subhasundardass/retui/retui/components/textarea.go:364.3,365.29 2 116
github.com/subhasundardass/retui/retui/components/textarea.go:365.29,367.4 1 110
github.com/subhasundardass/retui/retui/components/textarea.go:369.3,369.84 1 116
github.com/subhasundardass/retui/retui/components/textarea.go:372.2,374.25 2 23
github.com/subhasundardass/retui/retui/components/textarea.go:374.25,376.3 1 1
github.com/subhasundardass/retui/retui/components/textarea.go:378.2,388.25 2 23
github.com/subhasundardass/retui/retui/components/textarea.go:388.25,390.3 1 1
github.com/subhasundardass/retui/retui/components/textarea.go:392.2,398.3 1 23
github.com/subhasundardass/retui/retui/components/textarea.go:403.76,409.2 1 0
github.com/subhasundardass/retui/retui/components/textarea.go:412.43,413.32 1 10
github.com/subhasundardass/retui/retui/components/textarea.go:413.32,414.23 1 27
github.com/subhasundardass/retui/retui/components/textarea.go:414.23,416.4 1 5
github.com/subhasundardass/retui/retui/components/textarea.go:418.2,418.10 1 5
github.com/subhasundardass/retui/retui/components/textarea.go:422.41,423.36 1 8
github.com/subhasundardass/retui/retui/components/textarea.go:423.36,424.23 1 30
github.com/subhasundardass/retui/retui/components/textarea.go:424.23,426.4 1 6
github.com/subhasundardass/retui/retui/components/textarea.go:428.2,428.19 1 2
github.com/subhasundardass/retui/retui/components/textarea.go:433.68,437.13 3 4
github.com/subhasundardass/retui/retui/components/textarea.go:437.13,438.17 1 2
github.com/subhasundardass/retui/retui/components/textarea.go:438.17,440.4 1 1
github.com/subhasundardass/retui/retui/components/textarea.go:441.3,444.20 4 1
github.com/subhasundardass/retui/retui/components/textarea.go:444.20,446.4 1 0
github.com/subhasundardass/retui/retui/components/textarea.go:447.3,447.31 1 1
github.com/subhasundardass/retui/retui/components/textarea.go:450.2,451.23 2 2
github.com/subhasundardass/retui/retui/components/textarea.go:451.23,453.3 1 1
github.com/subhasundardass/retui/retui/components/textarea.go:454.2,457.19 4 1
github.com/subhasundardass/retui/retui/components/textarea.go:457.19,459.3 1 0
github.com/subhasundardass/retui/retui/components/textarea.go:460.2,460.30 1 1
github.com/subhasundardass/retui/retui/components/textarea.go:466.63,468.23 2 3
github.com/subhasundardass/retui/retui/components/textarea.go:468.23,470.3 1 0
github.com/subhasundardass/retui/retui/components/textarea.go:471.2,472.48 2 3
github.com/subhasundardass/retui/retui/components/textarea.go:475.24,476.11 1 3
github.com/subhasundardass/retui/retui/components/textarea.go:476.11,478.3 1 0
github.com/subhasundardass/retui/retui/components/textarea.go:479.2,479.10 1 3
github.com/subhasundardass/retui/retui/components/textarea.go:483.55,484.19 1 36
github.com/subhasundardass/retui/retui/components/textarea.go:484.19,486.3 1 1
github.com/subhasundardass/retui/retui/components/textarea.go:488.2,491.34 3 35
github.com/subhasundardass/retui/retui/components/textarea.go:491.34,492.17 1 40
github.com/subhasundardass/retui/retui/components/textarea.go:492.17,494.12 2 3
github.com/subhasundardass/retui/retui/components/textarea.go:497.3,498.22 2 37
github.com/subhasundardass/retui/retui/components/textarea.go:498.22,500.12 2 0
github.com/subhasundardass/retui/retui/components/textarea.go:503.3,506.30 3 37
github.com/subhasundardass/retui/retui/components/textarea.go:506.30,508.22 2 52
github.com/subhasundardass/retui/retui/components/textarea.go:508.22,511.5 2 37
github.com/subhasundardass/retui/retui/components/textarea.go:511.10,511.48 1 15
github.com/subhasundardass/retui/retui/components/textarea.go:511.48,515.5 3 11
github.com/subhasundardass/retui/retui/components/textarea.go:515.10,520.5 4 4
github.com/subhasundardass/retui/retui/components/textarea.go:523.3,523.21 1 37
github.com/subhasundardass/retui/retui/components/textarea.go:523.21,525.4 1 37
github.com/subhasundardass/retui/retui/components/textarea.go:528.2,528.17 1 35
github.com/subhasundardass/retui/retui/components/toast.go:41.45,43.2 1 39379
github.com/subhasundardass/retui/retui/components/toast.go:46.32,47.16 1 18
github.com/subhasundardass/retui/retui/components/toast.go:48.20,49.19 1 1
github.com/subhasundardass/retui/retui/components/toast.go:50.20,51.19 1 1
github.com/subhasundardass/retui/retui/components/toast.go:52.18,53.17 1 1
github.com/subhasundardass/retui/retui/components/toast.go:54.10,55.16 1 15
github.com/subhasundardass/retui/retui/components/toast.go:60.37,63.16 2 8
github.com/subhasundardass/retui/retui/components/toast.go:64.20,65.40 1 0
github.com/subhasundardass/retui/retui/components/toast.go:66.20,67.65 1 0
github.com/subhasundardass/retui/retui/components/toast.go:68.18,69.38 1 0
github.com/subhasundardass/retui/retui/components/toast.go:70.10,71.39 1 8
github.com/subhasundardass/retui/retui/components/toast.go:73.2,73.14 1 8
github.com/subhasundardass/retui/retui/components/toast.go:77.29,80.26 3 10
github.com/subhasundardass/retui/retui/components/toast.go:80.26,82.3 1 151
github.com/subhasundardass/retui/retui/components/toast.go:83.2,83.14 1 10
github.com/subhasundardass/retui/retui/components/toast.go:87.30,89.2 1 13
github.com/subhasundardass/retui/retui/components/toast.go:97.48,97.73 1 5
github.com/subhasundardass/retui/retui/components/toast.go:97.73,97.88 1 5
github.com/subhasundardass/retui/retui/components/toast.go:98.48,98.73 1 1486
github.com/subhasundardass/retui/retui/components/toast.go:98.73,98.92 1 1486
github.com/subhasundardass/retui/retui/components/toast.go:99.48,99.73 1 3
github.com/subhasundardass/retui/retui/components/toast.go:99.73,99.92 1 3
github.com/subhasundardass/retui/retui/components/toast.go:108.57,109.31 1 2
github.com/subhasundardass/retui/retui/components/toast.go:109.31,109.58 1 2
github.com/subhasundardass/retui/retui/components/toast.go:114.57,115.31 1 1
github.com/subhasundardass/retui/retui/components/toast.go:115.31,115.58 1 1
github.com/subhasundardass/retui/retui/components/toast.go:130.38,138.2 1 20
github.com/subhasundardass/retui/retui/components/toast.go:143.57,146.27 3 2
github.com/subhasundardass/retui/retui/components/toast.go:146.27,148.3 1 3
github.com/subhasundardass/retui/retui/components/toast.go:155.44,159.2 3 3
github.com/subhasundardass/retui/retui/components/toast.go:161.68,166.27 5 1505
github.com/subhasundardass/retui/retui/components/toast.go:166.27,168.3 1 1494
github.com/subhasundardass/retui/retui/components/toast.go:169.2,178.20 7 1505
github.com/subhasundardass/retui/retui/components/toast.go:178.20,180.3 1 1504
github.com/subhasundardass/retui/retui/components/toast.go:181.2,181.17 1 1505
github.com/subhasundardass/retui/retui/components/toast.go:184.42,187.29 3 3
github.com/subhasundardass/retui/retui/components/toast.go:187.29,188.17 1 4
github.com/subhasundardass/retui/retui/components/toast.go:188.17,190.4 1 2
github.com/subhasundardass/retui/retui/components/toast.go:192.2,194.12 3 3
github.com/subhasundardass/retui/retui/components/toast.go:197.32,202.2 4 8
github.com/subhasundardass/retui/retui/components/toast.go:204.42,211.2 6 651
github.com/subhasundardass/retui/retui/components/toast.go:213.40,218.2 4 638
github.com/subhasundardass/retui/retui/components/toast.go:220.41,224.13 4 478
github.com/subhasundardass/retui/retui/components/toast.go:224.13,226.3 1 39
github.com/subhasundardass/retui/retui/components/toast.go:230.43,234.29 4 1767
github.com/subhasundardass/retui/retui/components/toast.go:234.29,235.21 1 39376
github.com/subhasundardass/retui/retui/components/toast.go:235.21,237.12 2 478
github.com/subhasundardass/retui/retui/components/toast.go:239.3,239.23 1 38898
github.com/subhasundardass/retui/retui/components/toast.go:241.2,242.16 2 1767
github.com/subhasundardass/retui/retui/components/toast.go:245.33,249.15 4 1555
github.com/subhasundardass/retui/retui/components/toast.go:249.15,251.3 1 7
github.com/subhasundardass/retui/retui/components/toast.go:271.45,273.2 1 0
github.com/subhasundardass/retui/retui/components/toast.go:275.55,277.2 1 5
github.com/subhasundardass/retui/retui/components/toast.go:278.57,280.2 1 1
github.com/subhasundardass/retui/retui/components/toast.go:281.57,283.2 1 1
github.com/subhasundardass/retui/retui/components/toast.go:284.55,286.2 1 2
github.com/subhasundardass/retui/retui/components/toast.go:287.29,287.58 1 0
github.com/subhasundardass/retui/retui/components/toast.go:288.29,288.54 1 6
github.com/subhasundardass/retui/retui/components/toast.go:299.52,300.16 1 3
github.com/subhasundardass/retui/retui/components/toast.go:300.16,302.3 1 1
github.com/subhasundardass/retui/retui/components/toast.go:304.2,305.22 2 3
github.com/subhasundardass/retui/retui/components/toast.go:305.22,307.3 1 1
github.com/subhasundardass/retui/retui/components/toast.go:309.2,313.27 4 2
github.com/subhasundardass/retui/retui/components/toast.go:313.27,315.3 1 4
github.com/subhasundardass/retui/retui/components/toast.go:317.2,318.31 2 2
github.com/subhasundardass/retui/retui/components/toast.go:318.31,320.26 2 2
github.com/subhasundardass/retui/retui/components/toast.go:320.26,324.4 3 4
github.com/subhasundardass/retui/retui/components/toast.go:326.2,326.17 1 2
github.com/subhasundardass/retui/retui/components/toast.go:329.83,330.13 1 4
github.com/subhasundardass/retui/retui/components/toast.go:331.24,332.51 1 0
github.com/subhasundardass/retui/retui/components/toast.go:333.23,334.37 1 4
github.com/subhasundardass/retui/retui/components/toast.go:335.21,336.37 1 0
github.com/subhasundardass/retui/retui/components/toast.go:337.10,338.23 1 0
github.com/subhasundardass/retui/retui/components/toast.go:344.43,355.2 1 4
github.com/subhasundardass/retui/retui/components/tree.go:26.17,34.23 4 11
github.com/subhasundardass/retui/retui/components/tree.go:34.23,36.3 1 2
github.com/subhasundardass/retui/retui/components/tree.go:38.2,38.32 1 9
github.com/subhasundardass/retui/retui/components/tree.go:38.32,41.3 2 0
github.com/subhasundardass/retui/retui/components/tree.go:43.2,46.13 2 9
github.com/subhasundardass/retui/retui/components/tree.go:46.13,47.32 1 1
github.com/subhasundardass/retui/retui/components/tree.go:48.20,49.22 1 0
github.com/subhasundardass/retui/retui/components/tree.go:49.22,51.5 1 0
github.com/subhasundardass/retui/retui/components/tree.go:52.22,53.35 1 0
github.com/subhasundardass/retui/retui/components/tree.go:53.35,55.5 1 0
github.com/subhasundardass/retui/retui/components/tree.go:56.23,57.19 1 0
github.com/subhasundardass/retui/retui/components/tree.go:57.19,58.24 1 0
github.com/subhasundardass/retui/retui/components/tree.go:58.24,60.6 1 0
github.com/subhasundardass/retui/retui/components/tree.go:61.10,63.32 2 0
github.com/subhasundardass/retui/retui/components/tree.go:63.32,65.6 1 0
github.com/subhasundardass/retui/retui/components/tree.go:66.5,69.24 3 0
github.com/subhasundardass/retui/retui/components/tree.go:69.24,71.6 1 0
github.com/subhasundardass/retui/retui/components/tree.go:77.2,79.31 2 9
github.com/subhasundardass/retui/retui/components/tree.go:79.31,84.21 3 109
github.com/subhasundardass/retui/retui/components/tree.go:84.21,85.38 1 0
github.com/subhasundardass/retui/retui/components/tree.go:85.38,87.5 1 0
github.com/subhasundardass/retui/retui/components/tree.go:88.4,88.19 1 0
github.com/subhasundardass/retui/retui/components/tree.go:88.19,90.5 1 0
github.com/subhasundardass/retui/retui/components/tree.go:90.10,92.5 1 0
github.com/subhasundardass/retui/retui/components/tree.go:96.3,99.19 2 109
github.com/subhasundardass/retui/retui/components/tree.go:99.19,102.4 2 0
github.com/subhasundardass/retui/retui/components/tree.go:105.3,106.16 2 109
github.com/subhasundardass/retui/retui/components/tree.go:106.16,108.4 1 1
github.com/subhasundardass/retui/retui/components/tree.go:110.3,117.5 2 109
github.com/subhasundardass/retui/retui/components/tree.go:120.2,124.3 1 9
github.com/subhasundardass/retui/retui/components/tree.go:128.76,132.2 3 18
github.com/subhasundardass/retui/retui/components/tree.go:134.90,135.26 1 28
github.com/subhasundardass/retui/retui/components/tree.go:135.26,137.15 2 133
github.com/subhasundardass/retui/retui/components/tree.go:137.15,139.4 1 2
github.com/subhasundardass/retui/retui/components/tree.go:141.3,149.42 2 133
github.com/subhasundardass/retui/retui/components/tree.go:149.42,151.4 1 8
github.com/subhasundardass/retui/retui/window/manager.go:28.40,36.2 1 1
github.com/subhasundardass/retui/retui/window/manager.go:38.13,39.39 1 1
github.com/subhasundardass/retui/retui/window/manager.go:39.39,41.3 1 0
github.com/subhasundardass/retui/retui/window/manager.go:42.2,42.64 1 1
github.com/subhasundardass/retui/retui/window/manager.go:42.64,44.3 1 0
github.com/subhasundardass/retui/retui/window/manager.go:45.2,45.53 1 1
github.com/subhasundardass/retui/retui/window/manager.go:45.53,47.65 1 0
github.com/subhasundardass/retui/retui/window/manager.go:47.65,48.82 1 0
github.com/subhasundardass/retui/retui/window/manager.go:48.82,49.83 1 0
github.com/subhasundardass/retui/retui/window/manager.go:49.83,51.6 1 0
github.com/subhasundardass/retui/retui/window/manager.go:52.5,52.16 1 0
github.com/subhasundardass/retui/retui/window/manager.go:54.4,55.15 2 0
github.com/subhasundardass/retui/retui/window/manager.go:59.3,59.68 1 0
github.com/subhasundardass/retui/retui/window/manager.go:59.68,65.32 2 0
github.com/subhasundardass/retui/retui/window/manager.go:65.32,67.5 1 0
github.com/subhasundardass/retui/retui/window/manager.go:69.4,70.22 2 0
github.com/subhasundardass/retui/retui/window/manager.go:70.22,71.61 1 0
github.com/subhasundardass/retui/retui/window/manager.go:71.61,74.28 1 0
github.com/subhasundardass/retui/retui/window/manager.go:74.28,76.7 1 0
github.com/subhasundardass/retui/retui/window/manager.go:79.6,80.17 2 0
github.com/subhasundardass/retui/retui/window/manager.go:84.4,84.15 1 0
github.com/subhasundardass/retui/retui/window/manager.go:87.3,88.15 2 0
github.com/subhasundardass/retui/retui/window/manager.go:88.15,90.4 1 0
github.com/subhasundardass/retui/retui/window/manager.go:91.3,91.53 1 0
github.com/subhasundardass/retui/retui/window/manager.go:91.53,93.4 1 0
github.com/subhasundardass/retui/retui/window/manager.go:95.3,95.15 1 0
github.com/subhasundardass/retui/retui/window/manager.go:103.59,108.2 4 1
github.com/subhasundardass/retui/retui/window/manager.go:116.53,121.22 4 0
github.com/subhasundardass/retui/retui/window/manager.go:121.22,123.3 1 0
github.com/subhasundardass/retui/retui/window/manager.go:125.2,125.67 1 0
github.com/subhasundardass/retui/retui/window/manager.go:125.67,127.3 1 0
github.com/subhasundardass/retui/retui/window/manager.go:129.2,129.48 1 0
github.com/subhasundardass/retui/retui/window/manager.go:135.59,139.2 3 0
github.com/subhasundardass/retui/retui/window/manager.go:143.42,146.29 3 0
github.com/subhasundardass/retui/retui/window/manager.go:146.29,148.3 1 0
github.com/subhasundardass/retui/retui/window/manager.go:157.47,161.43 3 0
github.com/subhasundardass/retui/retui/window/manager.go:161.43,163.3 1 0
github.com/subhasundardass/retui/retui/window/manager.go:164.2,167.17 3 0
github.com/subhasundardass/retui/retui/window/manager.go:167.17,171.3 3 0
github.com/subhasundardass/retui/retui/window/manager.go:171.8,173.30 2 0
github.com/subhasundardass/retui/retui/window/manager.go:173.30,175.4 1 0
github.com/subhasundardass/retui/retui/window/manager.go:177.2,177.23 1 0
github.com/subhasundardass/retui/retui/window/manager.go:182.50,186.42 3 0
github.com/subhasundardass/retui/retui/window/manager.go:186.42,188.3 1 0
github.com/subhasundardass/retui/retui/window/manager.go:189.2,192.31 2 0
github.com/subhasundardass/retui/retui/window/manager.go:192.31,193.16 1 0
github.com/subhasundardass/retui/retui/window/manager.go:193.16,195.9 2 0
github.com/subhasundardass/retui/retui/window/manager.go:200.2,200.36 1 0
github.com/subhasundardass/retui/retui/window/manager.go:200.36,201.16 1 0
github.com/subhasundardass/retui/retui/window/manager.go:201.16,203.9 2 0
github.com/subhasundardass/retui/retui/window/manager.go:208.2,208.22 1 0
github.com/subhasundardass/retui/retui/window/manager.go:208.22,209.53 1 0
github.com/subhasundardass/retui/retui/window/manager.go:209.53,211.4 1 0
github.com/subhasundardass/retui/retui/window/manager.go:211.9,211.31 1 0
github.com/subhasundardass/retui/retui/window/manager.go:211.31,214.4 2 0
github.com/subhasundardass/retui/retui/window/manager.go:214.9,216.4 1 0
github.com/subhasundardass/retui/retui/window/manager.go:218.2,218.23 1 0
github.com/subhasundardass/retui/retui/window/manager.go:222.55,226.2 3 0
github.com/subhasundardass/retui/retui/window/manager.go:234.50,239.68 3 0
github.com/subhasundardass/retui/retui/window/manager.go:239.68,241.3 1 0
github.com/subhasundardass/retui/retui/window/manager.go:244.2,245.31 2 0
github.com/subhasundardass/retui/retui/window/manager.go:245.31,246.16 1 0
github.com/subhasundardass/retui/retui/window/manager.go:246.16,248.9 2 0
github.com/subhasundardass/retui/retui/window/manager.go:251.2,251.15 1 0
github.com/subhasundardass/retui/retui/window/manager.go:251.15,253.3 1 0
github.com/subhasundardass/retui/retui/window/manager.go:254.2,258.48 3 0
github.com/subhasundardass/retui/retui/window/manager.go:258.48,260.3 1 0
github.com/subhasundardass/retui/retui/window/manager.go:262.2,263.23 2 0
github.com/subhasundardass/retui/retui/window/manager.go:268.47,274.2 5 0
github.com/subhasundardass/retui/retui/window/manager.go:281.46,284.52 3 0
github.com/subhasundardass/retui/retui/window/manager.go:284.52,286.3 1 0
github.com/subhasundardass/retui/retui/window/manager.go:287.2,287.19 1 0
github.com/subhasundardass/retui/retui/window/manager.go:291.46,295.68 3 0
github.com/subhasundardass/retui/retui/window/manager.go:295.68,297.3 1 0
github.com/subhasundardass/retui/retui/window/manager.go:298.2,298.42 1 0
github.com/subhasundardass/retui/retui/window/manager.go:298.42,300.3 1 0
github.com/subhasundardass/retui/retui/window/manager.go:301.2,302.23 2 0
github.com/subhasundardass/retui/retui/window/manager.go:306.52,309.52 3 0
github.com/subhasundardass/retui/retui/window/manager.go:309.52,311.3 1 0
github.com/subhasundardass/retui/retui/window/manager.go:312.2,312.25 1 0
github.com/subhasundardass/retui/retui/window/manager.go:317.38,320.52 3 0
github.com/subhasundardass/retui/retui/window/manager.go:320.52,321.29 1 0
github.com/subhasundardass/retui/retui/window/manager.go:321.29,323.38 2 0
github.com/subhasundardass/retui/retui/window/manager.go:323.38,324.22 1 0
github.com/subhasundardass/retui/retui/window/manager.go:324.22,326.11 2 0
github.com/subhasundardass/retui/retui/window/manager.go:329.4,329.16 1 0
github.com/subhasundardass/retui/retui/window/manager.go:329.16,333.5 3 0
github.com/subhasundardass/retui/retui/window/manager.go:335.3,335.9 1 0
github.com/subhasundardass/retui/retui/window/manager.go:338.2,338.24 1 0
github.com/subhasundardass/retui/retui/window/manager.go:338.24,340.3 1 0
github.com/subhasundardass/retui/retui/window/manager.go:341.2,342.30 2 0
github.com/subhasundardass/retui/retui/window/manager.go:342.30,343.23 1 0
github.com/subhasundardass/retui/retui/window/manager.go:343.23,345.9 2 0
github.com/subhasundardass/retui/retui/window/manager.go:348.2,349.30 2 0
github.com/subhasundardass/retui/retui/window/manager.go:349.30,351.3 1 0
github.com/subhasundardass/retui/retui/window/manager.go:352.2,353.23 2 0
github.com/subhasundardass/retui/retui/window/manager.go:360.39,364.2 2 1
github.com/subhasundardass/retui/retui/window/manager.go:367.33,369.2 1 0
github.com/subhasundardass/retui/retui/window/manager.go:372.45,376.31 4 0
github.com/subhasundardass/retui/retui/window/manager.go:376.31,378.3 1 0
github.com/subhasundardass/retui/retui/window/manager.go:379.2,379.16 1 0
github.com/subhasundardass/retui/retui/window/manager.go:383.49,387.30 4 0
github.com/subhasundardass/retui/retui/window/manager.go:387.30,388.51 1 0
github.com/subhasundardass/retui/retui/window/manager.go:388.51,390.4 1 0
github.com/subhasundardass/retui/retui/window/manager.go:392.2,392.16 1 0
github.com/subhasundardass/retui/retui/window/manager.go:396.38,400.2 3 0
github.com/subhasundardass/retui/retui/window/manager.go:403.45,408.31 4 0
github.com/subhasundardass/retui/retui/window/manager.go:408.31,409.16 1 0
github.com/subhasundardass/retui/retui/window/manager.go:409.16,411.4 1 0
github.com/subhasundardass/retui/retui/window/manager.go:413.2,413.14 1 0
github.com/subhasundardass/retui/retui/window/manager.go:417.48,420.31 3 0
github.com/subhasundardass/retui/retui/window/manager.go:420.31,421.35 1 0
github.com/subhasundardass/retui/retui/window/manager.go:421.35,423.4 1 0
github.com/subhasundardass/retui/retui/window/manager.go:425.2,425.14 1 0
github.com/subhasundardass/retui/retui/window/manager.go:429.55,432.42 3 0
github.com/subhasundardass/retui/retui/window/manager.go:432.42,433.75 1 0
github.com/subhasundardass/retui/retui/window/manager.go:433.75,435.4 1 0
github.com/subhasundardass/retui/retui/window/manager.go:437.2,437.12 1 0
github.com/subhasundardass/retui/retui/window/manager.go:441.52,446.2 4 0
github.com/subhasundardass/retui/retui/window/manager.go:449.58,453.18 4 0
github.com/subhasundardass/retui/retui/window/manager.go:453.18,455.3 1 0
github.com/subhasundardass/retui/retui/window/manager.go:456.2,456.21 1 0
github.com/subhasundardass/retui/retui/window/manager.go:460.50,464.2 3 0
github.com/subhasundardass/retui/retui/window/manager.go:471.53,472.29 1 0
github.com/subhasundardass/retui/retui/window/manager.go:472.29,474.3 1 0
github.com/subhasundardass/retui/retui/window/manager.go:475.2,475.44 1 0
github.com/subhasundardass/retui/retui/window/manager.go:479.56,480.31 1 0
github.com/subhasundardass/retui/retui/window/manager.go:480.31,481.16 1 0
github.com/subhasundardass/retui/retui/window/manager.go:481.16,483.9 2 0
github.com/subhasundardass/retui/retui/window/manager.go:486.2,486.33 1 0
github.com/subhasundardass/retui/retui/window/manager.go:490.47,492.30 2 0
github.com/subhasundardass/retui/retui/window/manager.go:492.30,493.49 1 0
github.com/subhasundardass/retui/retui/window/manager.go:493.49,495.4 1 0
github.com/subhasundardass/retui/retui/window/manager.go:495.9,497.4 1 0
github.com/subhasundardass/retui/retui/window/manager.go:499.2,499.41 1 0
github.com/subhasundardass/retui/retui/window/manager.go:503.58,505.36 1 0
github.com/subhasundardass/retui/retui/window/manager.go:505.36,506.16 1 0
github.com/subhasundardass/retui/retui/window/manager.go:506.16,508.9 2 0
github.com/subhasundardass/retui/retui/window/manager.go:511.2,513.27 2 0
github.com/subhasundardass/retui/retui/window/manager.go:517.54,519.33 2 0
github.com/subhasundardass/retui/retui/window/manager.go:519.33,523.3 3 0
github.com/subhasundardass/retui/retui/window/manager.go:534.39,536.2 1 0
github.com/subhasundardass/retui/retui/window/manager.go:539.34,541.2 1 0
github.com/subhasundardass/retui/retui/window/manager.go:544.17,546.41 2 0
github.com/subhasundardass/retui/retui/window/manager.go:546.41,547.45 1 0
github.com/subhasundardass/retui/retui/window/manager.go:547.45,551.4 3 0
github.com/subhasundardass/retui/retui/window/manager.go:552.3,552.36 1 0
github.com/subhasundardass/retui/retui/window/manager.go:554.2,558.34 5 0
github.com/subhasundardass/retui/retui/window/manager.go:562.27,564.2 1 0
github.com/subhasundardass/retui/retui/window/manager.go:567.18,569.2 1 0
github.com/subhasundardass/retui/retui/window/manager.go:572.25,574.2 1 0
github.com/subhasundardass/retui/retui/window/manager.go:577.26,579.2 1 0
github.com/subhasundardass/retui/retui/window/manager.go:582.28,584.2 1 0
github.com/subhasundardass/retui/retui/window/manager.go:587.29,589.2 1 0
github.com/subhasundardass/retui/retui/window/manager.go:592.38,594.2 1 0
github.com/subhasundardass/retui/retui/window/manager.go:597.30,599.2 1 0
github.com/subhasundardass/retui/retui/window/renderer.go:12.44,14.2 1 0
github.com/subhasundardass/retui/retui/window/renderer.go:25.76,29.22 2 0
github.com/subhasundardass/retui/retui/window/renderer.go:29.22,31.3 1 0
github.com/subhasundardass/retui/retui/window/renderer.go:34.2,37.40 2 0
github.com/subhasundardass/retui/retui/window/renderer.go:37.40,39.33 2 0
github.com/subhasundardass/retui/retui/window/renderer.go:39.33,40.12 1 0
github.com/subhasundardass/retui/retui/window/renderer.go:42.3,42.61 1 0
github.com/subhasundardass/retui/retui/window/renderer.go:47.2,54.3 1 0
github.com/subhasundardass/retui/retui/window/renderer.go:59.75,65.2 2 0
github.com/subhasundardass/retui/retui/window/renderer.go:68.72,70.23 2 0
github.com/subhasundardass/retui/retui/window/renderer.go:70.23,72.3 1 0
github.com/subhasundardass/retui/retui/window/renderer.go:74.2,75.31 2 0
github.com/subhasundardass/retui/retui/window/renderer.go:75.31,77.3 1 0
github.com/subhasundardass/retui/retui/window/renderer.go:79.2,80.22 2 0
github.com/subhasundardass/retui/retui/window/renderer.go:80.22,82.3 1 0
github.com/subhasundardass/retui/retui/window/renderer.go:84.2,85.20 2 0
github.com/subhasundardass/retui/retui/window/renderer.go:85.20,87.3 1 0
github.com/subhasundardass/retui/retui/window/renderer.go:89.2,98.23 2 0
github.com/subhasundardass/retui/retui/window/renderer.go:98.23,104.3 1 0
github.com/subhasundardass/retui/retui/window/renderer.go:106.2,111.3 1 0
github.com/subhasundardass/retui/retui/window/renderer.go:115.67,119.35 3 0
github.com/subhasundardass/retui/retui/window/renderer.go:119.35,121.3 1 0
github.com/subhasundardass/retui/retui/window/renderer.go:124.2,142.3 1 0
github.com/subhasundardass/retui/retui/window/renderer.go:154.68,158.2 2 0
github.com/subhasundardass/retui/retui/window/window.go:16.46,19.2 2 0
github.com/subhasundardass/retui/retui/window/window.go:44.31,47.2 2 0
github.com/subhasundardass/retui/retui/window/window.go:51.32,54.2 2 0
github.com/subhasundardass/retui/retui/window/window.go:58.26,74.2 3 0
github.com/subhasundardass/retui/retui/window/window.go:81.49,86.2 4 0
github.com/subhasundardass/retui/retui/window/window.go:89.53,95.2 5 0
github.com/subhasundardass/retui/retui/window/window.go:98.48,104.2 5 0
github.com/subhasundardass/retui/retui/window/window.go:107.47,112.2 4 0
github.com/subhasundardass/retui/retui/window/window.go:114.63,119.2 4 0
github.com/subhasundardass/retui/retui/window/window.go:122.64,127.2 4 0
github.com/subhasundardass/retui/retui/window/window.go:130.60,135.2 4 0
github.com/subhasundardass/retui/retui/window/window.go:143.33,151.2 5 0
github.com/subhasundardass/retui/retui/window/window.go:155.33,163.2 5 0
github.com/subhasundardass/retui/retui/window/window.go:167.26,174.2 5 0
github.com/subhasundardass/retui/retui/window/window.go:178.42,184.14 5 0
github.com/subhasundardass/retui/retui/window/window.go:184.14,186.3 1 0
github.com/subhasundardass/retui/retui/window/window.go:186.8,188.3 1 0
github.com/subhasundardass/retui/retui/window/window.go:189.2,189.17 1 0
github.com/subhasundardass/retui/retui/window/window.go:194.66,199.2 4 0
github.com/subhasundardass/retui/retui/window/window.go:202.48,208.15 4 0
github.com/subhasundardass/retui/retui/window/window.go:208.15,210.3 1 0
github.com/subhasundardass/retui/retui/window/window.go:212.2,212.14 1 0
github.com/subhasundardass/retui/retui/window/window.go:215.28,217.2 1 0
github.com/subhasundardass/retui/retui/window/window.go:219.39,221.2 1 0
github.com/subhasundardass/retui/retui/window/window.go:228.26,230.2 1 0
github.com/subhasundardass/retui/retui/window/window.go:233.35,237.2 3 0
github.com/subhasundardass/retui/retui/window/window.go:244.35,248.2 3 0
github.com/subhasundardass/retui/retui/window/window.go:251.33,255.2 3 0
github.com/subhasundardass/retui/retui/window/window.go:258.34,260.2 1 0
github.com/subhasundardass/retui/retui/window/window.go:263.36,267.2 3 0
github.com/subhasundardass/retui/retui/window/window.go:270.35,274.2 3 0
github.com/subhasundardass/retui/retui/window/window.go:277.39,281.2 3 0
github.com/subhasundardass/retui/retui/window/window.go:284.37,288.2 3 0
github.com/subhasundardass/retui/retui/window/window.go:291.51,295.2 3 0
github.com/subhasundardass/retui/retui/window/window.go:298.47,302.2 3 0
github.com/subhasundardass/retui/retui/window/window.go:306.38,310.2 3 0
github.com/subhasundardass/retui/retui/window/window.go:319.35,326.18 5 0
github.com/subhasundardass/retui/retui/window/window.go:326.18,328.3 1 0
github.com/subhasundardass/retui/retui/window/window.go:329.2,329.19 1 0
github.com/subhasundardass/retui/retui/window/window.go:329.19,331.3 1 0
github.com/subhasundardass/retui/retui/window/window.go:336.2,336.27 1 0
github.com/subhasundardass/retui/retui/window/window.go:336.27,338.3 1 0
github.com/subhasundardass/retui/retui/window/window.go:339.2,339.29 1 0
github.com/subhasundardass/retui/retui/window/window.go:339.29,341.3 1 0
github.com/subhasundardass/retui/retui/window/window.go:343.2,346.13 3 0
github.com/subhasundardass/retui/retui/window/window.go:346.13,348.3 1 0
github.com/subhasundardass/retui/retui/window/window.go:349.2,349.13 1 0
github.com/subhasundardass/retui/retui/window/window.go:349.13,351.3 1 0
github.com/subhasundardass/retui/retui/window/window.go:353.2,353.10 1 0
github.com/subhasundardass/retui/retui/window/window.go:357.62,362.13 4 0
github.com/subhasundardass/retui/retui/window/window.go:362.13,364.3 1 0
github.com/subhasundardass/retui/retui/window/window.go:365.2,365.31 1 0
github.com/subhasundardass/retui/retui/window/window.go:365.31,367.3 1 0
github.com/subhasundardass/retui/retui/window/window.go:368.2,368.10 1 0
github.com/subhasundardass/retui/retui/window/window.go:372.61,377.13 4 0
github.com/subhasundardass/retui/retui/window/window.go:377.13,379.3 1 0
github.com/subhasundardass/retui/retui/window/window.go:380.2,380.33 1 0
github.com/subhasundardass/retui/retui/window/window.go:380.33,382.3 1 0
github.com/subhasundardass/retui/retui/window/window.go:383.2,383.10 1 0
github.com/subhasundardass/retui/retui/window/window.go:387.43,393.2 5 0
github.com/subhasundardass/retui/retui/window/window.go:396.45,402.2 5 0
github.com/subhasundardass/retui/retui/window/window.go:405.54,411.2 5 0
github.com/subhasundardass/retui/retui/window/window.go:419.60,426.2 5 0
github.com/subhasundardass/retui/retui/window/window.go:429.45,433.2 3 0
github.com/subhasundardass/retui/retui/window/window.go:437.41,443.15 5 0
github.com/subhasundardass/retui/retui/window/window.go:443.15,445.3 1 0
github.com/subhasundardass/retui/retui/window/window.go:447.2,447.16 1 0
github.com/subhasundardass/retui/retui/window/window.go:455.34,460.2 3 0
github.com/subhasundardass/retui/retui/window/window.go:464.34,482.2 3 0
github.com/subhasundardass/retui/retui/window/window.go:493.26,499.2 4 0
github.com/subhasundardass/retui/retui/window/window.go:502.27,505.21 2 0
github.com/subhasundardass/retui/retui/window/window.go:505.21,507.17 2 0
github.com/subhasundardass/retui/retui/window/window.go:507.17,511.4 3 0
github.com/subhasundardass/retui/retui/window/window.go:515.2,516.21 2 0
github.com/subhasundardass/retui/retui/window/window.go:516.21,519.17 3 0
github.com/subhasundardass/retui/retui/window/window.go:519.17,522.4 2 0
github.com/subhasundardass/retui/retui/window/window.go:531.62,542.40 2 0
github.com/subhasundardass/retui/retui/window/window.go:542.40,543.64 1 0
github.com/subhasundardass/retui/retui/window/window.go:543.64,546.4 2 0
github.com/subhasundardass/retui/retui/window/window.go:547.3,547.15 1 0
github.com/subhasundardass/retui/retui/window/window.go:550.2,550.10 1 0
github.com/subhasundardass/retui/retui/elements.go:29.65,31.25 2 0
github.com/subhasundardass/retui/retui/elements.go:31.25,33.3 1 0
github.com/subhasundardass/retui/retui/elements.go:34.2,35.26 2 0
github.com/subhasundardass/retui/retui/elements.go:35.26,37.3 1 0
github.com/subhasundardass/retui/retui/elements.go:39.2,66.3 1 0
github.com/subhasundardass/retui/retui/elements.go:69.45,75.2 1 31
github.com/subhasundardass/retui/retui/elements.go:80.54,86.2 1 0
github.com/subhasundardass/retui/retui/elements.go:92.52,99.2 1 0
github.com/subhasundardass/retui/retui/elements.go:105.67,106.15 1 0
github.com/subhasundardass/retui/retui/elements.go:106.15,108.3 1 0
github.com/subhasundardass/retui/retui/elements.go:109.2,109.16 1 0
github.com/subhasundardass/retui/retui/elements.go:113.58,114.15 1 0
github.com/subhasundardass/retui/retui/elements.go:114.15,116.3 1 0
github.com/subhasundardass/retui/retui/elements.go:117.2,117.15 1 0
github.com/subhasundardass/retui/retui/elements.go:123.53,132.2 3 0
github.com/subhasundardass/retui/retui/elements.go:142.53,149.2 1 0
github.com/subhasundardass/retui/retui/elements.go:153.23,161.2 1 0
github.com/subhasundardass/retui/retui/focus.go:73.38,81.2 1 1
github.com/subhasundardass/retui/retui/focus.go:100.49,104.36 3 0
github.com/subhasundardass/retui/retui/focus.go:104.36,106.3 1 0
github.com/subhasundardass/retui/retui/focus.go:108.2,109.13 2 0
github.com/subhasundardass/retui/retui/focus.go:115.41,119.2 3 0
github.com/subhasundardass/retui/retui/focus.go:128.50,132.2 3 0
github.com/subhasundardass/retui/retui/focus.go:148.62,151.14 3 0
github.com/subhasundardass/retui/retui/focus.go:151.14,153.3 1 0
github.com/subhasundardass/retui/retui/focus.go:153.8,155.3 1 0
github.com/subhasundardass/retui/retui/focus.go:156.2,156.14 1 0
github.com/subhasundardass/retui/retui/focus.go:156.14,158.3 1 0
github.com/subhasundardass/retui/retui/focus.go:159.2,161.13 2 0
github.com/subhasundardass/retui/retui/focus.go:161.13,163.3 1 0
github.com/subhasundardass/retui/retui/focus.go:167.51,171.2 3 0
github.com/subhasundardass/retui/retui/focus.go:183.58,186.12 3 0
github.com/subhasundardass/retui/retui/focus.go:186.12,188.3 1 0
github.com/subhasundardass/retui/retui/focus.go:188.8,190.3 1 0
github.com/subhasundardass/retui/retui/focus.go:191.2,191.12 1 0
github.com/subhasundardass/retui/retui/focus.go:191.12,193.3 1 0
github.com/subhasundardass/retui/retui/focus.go:194.2,196.13 2 0
github.com/subhasundardass/retui/retui/focus.go:196.13,198.3 1 0
github.com/subhasundardass/retui/retui/focus.go:202.49,206.2 3 0
github.com/subhasundardass/retui/retui/focus.go:218.62,221.14 3 0
github.com/subhasundardass/retui/retui/focus.go:221.14,223.3 1 0
github.com/subhasundardass/retui/retui/focus.go:223.8,225.3 1 0
github.com/subhasundardass/retui/retui/focus.go:226.2,228.13 2 0
github.com/subhasundardass/retui/retui/focus.go:228.13,230.3 1 0
github.com/subhasundardass/retui/retui/focus.go:234.51,238.2 3 0
github.com/subhasundardass/retui/retui/focus.go:244.53,245.21 1 0
github.com/subhasundardass/retui/retui/focus.go:245.21,247.3 1 0
github.com/subhasundardass/retui/retui/focus.go:249.2,249.21 1 0
github.com/subhasundardass/retui/retui/focus.go:249.21,251.3 1 0
github.com/subhasundardass/retui/retui/focus.go:254.2,255.18 2 0
github.com/subhasundardass/retui/retui/focus.go:260.52,262.2 1 0
github.com/subhasundardass/retui/retui/focus.go:268.80,269.23 1 0
github.com/subhasundardass/retui/retui/focus.go:269.23,271.3 1 0
github.com/subhasundardass/retui/retui/focus.go:273.2,274.13 2 0
github.com/subhasundardass/retui/retui/focus.go:274.13,276.3 1 0
github.com/subhasundardass/retui/retui/focus.go:278.2,278.37 1 0
github.com/subhasundardass/retui/retui/focus.go:278.37,280.20 2 0
github.com/subhasundardass/retui/retui/focus.go:280.20,282.4 1 0
github.com/subhasundardass/retui/retui/focus.go:283.3,284.24 2 0
github.com/subhasundardass/retui/retui/focus.go:284.24,286.4 1 0
github.com/subhasundardass/retui/retui/focus.go:289.2,289.11 1 0
github.com/subhasundardass/retui/retui/focus.go:309.55,312.27 2 0
github.com/subhasundardass/retui/retui/focus.go:312.27,313.15 1 0
github.com/subhasundardass/retui/retui/focus.go:313.15,315.4 1 0
github.com/subhasundardass/retui/retui/focus.go:316.3,316.15 1 0
github.com/subhasundardass/retui/retui/focus.go:316.15,318.4 1 0
github.com/subhasundardass/retui/retui/focus.go:319.3,319.18 1 0
github.com/subhasundardass/retui/retui/focus.go:322.2,325.12 4 0
github.com/subhasundardass/retui/retui/focus.go:339.38,344.21 3 0
github.com/subhasundardass/retui/retui/focus.go:344.21,346.3 1 0
github.com/subhasundardass/retui/retui/focus.go:348.2,348.23 1 0
github.com/subhasundardass/retui/retui/focus.go:348.23,350.3 1 0
github.com/subhasundardass/retui/retui/focus.go:352.2,353.13 2 0
github.com/subhasundardass/retui/retui/focus.go:353.13,355.75 1 0
github.com/subhasundardass/retui/retui/focus.go:355.75,357.4 1 0
github.com/subhasundardass/retui/retui/focus.go:358.3,358.19 1 0
github.com/subhasundardass/retui/retui/focus.go:361.2,362.16 2 0
github.com/subhasundardass/retui/retui/focus.go:362.16,364.3 1 0
github.com/subhasundardass/retui/retui/focus.go:365.2,365.18 1 0
github.com/subhasundardass/retui/retui/focus.go:379.38,384.21 3 0
github.com/subhasundardass/retui/retui/focus.go:384.21,386.3 1 0
github.com/subhasundardass/retui/retui/focus.go:388.2,388.23 1 0
github.com/subhasundardass/retui/retui/focus.go:388.23,390.3 1 0
github.com/subhasundardass/retui/retui/focus.go:392.2,393.13 2 0
github.com/subhasundardass/retui/retui/focus.go:393.13,395.62 1 0
github.com/subhasundardass/retui/retui/focus.go:395.62,397.4 1 0
github.com/subhasundardass/retui/retui/focus.go:398.3,398.19 1 0
github.com/subhasundardass/retui/retui/focus.go:401.2,402.16 2 0
github.com/subhasundardass/retui/retui/focus.go:402.16,404.3 1 0
github.com/subhasundardass/retui/retui/focus.go:405.2,405.18 1 0
github.com/subhasundardass/retui/retui/focus.go:409.47,410.28 1 0
github.com/subhasundardass/retui/retui/focus.go:410.28,411.14 1 0
github.com/subhasundardass/retui/retui/focus.go:411.14,413.4 1 0
github.com/subhasundardass/retui/retui/focus.go:415.2,415.11 1 0
github.com/subhasundardass/retui/retui/focus.go:438.45,442.21 3 0
github.com/subhasundardass/retui/retui/focus.go:442.21,444.3 1 0
github.com/subhasundardass/retui/retui/focus.go:446.2,450.16 2 0
github.com/subhasundardass/retui/retui/focus.go:466.42,470.23 3 0
github.com/subhasundardass/retui/retui/focus.go:470.23,472.3 1 0
github.com/subhasundardass/retui/retui/focus.go:475.2,479.30 4 0
github.com/subhasundardass/retui/retui/focus.go:479.30,480.60 1 0
github.com/subhasundardass/retui/retui/focus.go:480.60,482.4 1 0
github.com/subhasundardass/retui/retui/focus.go:485.2,485.18 1 0
github.com/subhasundardass/retui/retui/focus.go:507.48,511.36 3 0
github.com/subhasundardass/retui/retui/focus.go:511.36,513.3 1 0
github.com/subhasundardass/retui/retui/focus.go:515.2,515.16 1 0
github.com/subhasundardass/retui/retui/focus.go:524.39,528.2 3 0
github.com/subhasundardass/retui/retui/focus.go:533.44,537.2 3 0
github.com/subhasundardass/retui/retui/focus.go:546.51,550.2 3 0
github.com/subhasundardass/retui/retui/focus.go:603.79,605.20 2 0
github.com/subhasundardass/retui/retui/focus.go:605.20,607.3 1 0
github.com/subhasundardass/retui/retui/focus.go:611.2,611.41 1 0
github.com/subhasundardass/retui/retui/focus.go:611.41,613.3 1 0
github.com/subhasundardass/retui/retui/focus.go:616.2,616.49 1 0
github.com/subhasundardass/retui/retui/focus.go:616.49,617.30 1 0
github.com/subhasundardass/retui/retui/focus.go:617.30,619.4 1 0
github.com/subhasundardass/retui/retui/focus.go:620.8,622.17 1 0
github.com/subhasundardass/retui/retui/focus.go:622.17,624.4 1 0
github.com/subhasundardass/retui/retui/focus.go:628.2,628.18 1 0
github.com/subhasundardass/retui/retui/focus.go:628.18,630.3 1 0
github.com/subhasundardass/retui/retui/focus.go:632.2,633.18 2 0
github.com/subhasundardass/retui/retui/focus.go:644.31,646.2 1 0
github.com/subhasundardass/retui/retui/focus.go:649.28,651.2 1 0
github.com/subhasundardass/retui/retui/focus.go:654.32,656.2 1 0
github.com/subhasundardass/retui/retui/focus.go:659.42,661.2 1 0
github.com/subhasundardass/retui/retui/focus.go:664.18,666.2 1 0
github.com/subhasundardass/retui/retui/focus.go:669.18,671.2 1 0
github.com/subhasundardass/retui/retui/focus.go:674.27,676.2 1 0
github.com/subhasundardass/retui/retui/focus.go:679.17,681.2 1 0
github.com/subhasundardass/retui/retui/focus.go:684.30,686.2 1 0
github.com/subhasundardass/retui/retui/focus.go:689.21,691.2 1 0
github.com/subhasundardass/retui/retui/focus.go:694.29,696.2 1 0
github.com/subhasundardass/retui/retui/focus.go:699.38,701.2 1 0
github.com/subhasundardass/retui/retui/focus.go:704.44,706.2 1 0
github.com/subhasundardass/retui/retui/focus.go:709.33,711.2 1 0
github.com/subhasundardass/retui/retui/focus.go:714.40,716.2 1 0
github.com/subhasundardass/retui/retui/focus.go:719.31,721.2 1 0
github.com/subhasundardass/retui/retui/focus.go:724.44,726.2 1 0
github.com/subhasundardass/retui/retui/focus.go:729.33,731.2 1 0
github.com/subhasundardass/retui/retui/form.go:45.41,48.22 2 0
github.com/subhasundardass/retui/retui/form.go:48.22,55.3 1 0
github.com/subhasundardass/retui/retui/form.go:57.2,57.18 1 0
github.com/subhasundardass/retui/retui/form.go:64.22,66.15 2 0
github.com/subhasundardass/retui/retui/form.go:66.15,68.3 1 0
github.com/subhasundardass/retui/retui/form.go:69.2,69.18 1 0
github.com/subhasundardass/retui/retui/form.go:77.30,81.2 3 0
github.com/subhasundardass/retui/retui/form.go:85.34,87.36 2 0
github.com/subhasundardass/retui/retui/form.go:87.36,90.3 2 0
github.com/subhasundardass/retui/retui/form.go:91.2,96.15 5 0
github.com/subhasundardass/retui/retui/form.go:96.15,98.3 1 0
github.com/subhasundardass/retui/retui/form.go:99.2,99.17 1 0
github.com/subhasundardass/retui/retui/form.go:114.40,116.36 2 0
github.com/subhasundardass/retui/retui/form.go:116.36,119.3 2 0
github.com/subhasundardass/retui/retui/form.go:120.2,123.17 3 0
github.com/subhasundardass/retui/retui/form.go:129.64,131.32 2 0
github.com/subhasundardass/retui/retui/form.go:131.32,133.3 1 0
github.com/subhasundardass/retui/retui/form.go:134.2,135.22 2 0
github.com/subhasundardass/retui/retui/form.go:135.22,137.3 1 0
github.com/subhasundardass/retui/retui/form.go:138.2,138.21 1 0
github.com/subhasundardass/retui/retui/form.go:138.21,140.3 1 0
github.com/subhasundardass/retui/retui/form.go:141.2,141.19 1 0
github.com/subhasundardass/retui/retui/form.go:153.58,157.16 3 0
github.com/subhasundardass/retui/retui/form.go:157.16,160.3 2 0
github.com/subhasundardass/retui/retui/form.go:162.2,163.43 2 0
github.com/subhasundardass/retui/retui/form.go:163.43,166.3 2 0
github.com/subhasundardass/retui/retui/form.go:168.2,175.15 7 0
github.com/subhasundardass/retui/retui/form.go:175.15,177.3 1 0
github.com/subhasundardass/retui/retui/form.go:178.2,179.12 2 0
github.com/subhasundardass/retui/retui/form.go:187.64,191.16 3 0
github.com/subhasundardass/retui/retui/form.go:191.16,194.3 2 0
github.com/subhasundardass/retui/retui/form.go:196.2,197.43 2 0
github.com/subhasundardass/retui/retui/form.go:197.43,200.3 2 0
github.com/subhasundardass/retui/retui/form.go:202.2,206.12 4 0
github.com/subhasundardass/retui/retui/form.go:211.50,216.32 4 0
github.com/subhasundardass/retui/retui/form.go:216.32,218.3 1 0
github.com/subhasundardass/retui/retui/form.go:219.2,220.22 2 0
github.com/subhasundardass/retui/retui/form.go:220.22,222.3 1 0
github.com/subhasundardass/retui/retui/form.go:223.2,223.32 1 0
github.com/subhasundardass/retui/retui/form.go:232.34,236.2 3 0
github.com/subhasundardass/retui/retui/form.go:241.45,245.2 3 0
github.com/subhasundardass/retui/retui/form.go:250.44,254.2 3 0
github.com/subhasundardass/retui/retui/form.go:258.27,266.2 7 0
github.com/subhasundardass/retui/retui/form.go:275.35,282.13 6 0
github.com/subhasundardass/retui/retui/form.go:282.13,284.3 1 0
github.com/subhasundardass/retui/retui/form.go:290.40,294.2 3 0
github.com/subhasundardass/retui/retui/form.go:302.52,304.16 2 0
github.com/subhasundardass/retui/retui/form.go:304.16,306.3 1 0
github.com/subhasundardass/retui/retui/form.go:306.8,308.3 1 0
github.com/subhasundardass/retui/retui/form.go:309.2,310.17 2 0
github.com/subhasundardass/retui/retui/form.go:314.44,318.2 3 0
github.com/subhasundardass/retui/retui/form.go:321.45,325.29 4 0
github.com/subhasundardass/retui/retui/form.go:325.29,327.3 1 0
github.com/subhasundardass/retui/retui/form.go:328.2,328.12 1 0
github.com/subhasundardass/retui/retui/form.go:332.34,336.2 3 0
github.com/subhasundardass/retui/retui/form.go:341.62,348.2 6 0
github.com/subhasundardass/retui/retui/form.go:358.50,360.23 2 0
github.com/subhasundardass/retui/retui/form.go:360.23,364.3 3 0
github.com/subhasundardass/retui/retui/form.go:365.2,368.33 3 0
github.com/subhasundardass/retui/retui/form.go:368.33,370.3 1 0
github.com/subhasundardass/retui/retui/form.go:372.2,373.12 2 0
github.com/subhasundardass/retui/retui/hooks.go:91.20,99.2 4 0
github.com/subhasundardass/retui/retui/hooks.go:111.24,114.28 3 0
github.com/subhasundardass/retui/retui/hooks.go:114.28,115.23 1 0
github.com/subhasundardass/retui/retui/hooks.go:115.23,117.4 1 0
github.com/subhasundardass/retui/retui/hooks.go:129.29,135.2 5 0
github.com/subhasundardass/retui/retui/hooks.go:150.23,161.2 8 0
github.com/subhasundardass/retui/retui/hooks.go:184.46,193.23 4 0
github.com/subhasundardass/retui/retui/hooks.go:193.23,195.3 1 0
github.com/subhasundardass/retui/retui/hooks.go:195.8,198.35 1 0
github.com/subhasundardass/retui/retui/hooks.go:198.35,200.4 1 0
github.com/subhasundardass/retui/retui/hooks.go:202.2,205.25 3 0
github.com/subhasundardass/retui/retui/hooks.go:205.25,209.16 4 0
github.com/subhasundardass/retui/retui/hooks.go:209.16,211.4 1 0
github.com/subhasundardass/retui/retui/hooks.go:214.2,214.24 1 0
github.com/subhasundardass/retui/retui/hooks.go:232.63,237.43 3 0
github.com/subhasundardass/retui/retui/hooks.go:237.43,239.3 1 0
github.com/subhasundardass/retui/retui/hooks.go:240.2,243.25 3 0
github.com/subhasundardass/retui/retui/hooks.go:243.25,247.16 4 0
github.com/subhasundardass/retui/retui/hooks.go:247.16,249.4 1 0
github.com/subhasundardass/retui/retui/hooks.go:252.2,252.24 1 0
github.com/subhasundardass/retui/retui/hooks.go:278.77,283.23 4 0
github.com/subhasundardass/retui/retui/hooks.go:283.23,285.3 1 0
github.com/subhasundardass/retui/retui/hooks.go:285.8,285.41 1 0
github.com/subhasundardass/retui/retui/hooks.go:285.41,287.3 1 0
github.com/subhasundardass/retui/retui/hooks.go:288.2,291.29 3 0
github.com/subhasundardass/retui/retui/hooks.go:291.29,300.16 7 0
github.com/subhasundardass/retui/retui/hooks.go:300.16,302.4 1 0
github.com/subhasundardass/retui/retui/hooks.go:303.3,303.19 1 0
github.com/subhasundardass/retui/retui/hooks.go:306.2,306.26 1 0
github.com/subhasundardass/retui/retui/hooks.go:330.53,334.22 3 0
github.com/subhasundardass/retui/retui/hooks.go:334.22,336.72 2 0
github.com/subhasundardass/retui/retui/hooks.go:336.72,338.4 1 0
github.com/subhasundardass/retui/retui/hooks.go:341.2,343.23 2 0
github.com/subhasundardass/retui/retui/hooks.go:343.23,345.3 1 0
github.com/subhasundardass/retui/retui/hooks.go:345.8,347.3 1 0
github.com/subhasundardass/retui/retui/hooks.go:349.2,349.15 1 0
github.com/subhasundardass/retui/retui/hooks.go:372.26,376.2 3 0
github.com/subhasundardass/retui/retui/hooks.go:380.27,384.2 3 0
github.com/subhasundardass/retui/retui/hooks.go:392.39,399.23 5 0
github.com/subhasundardass/retui/retui/hooks.go:399.23,403.3 3 0
github.com/subhasundardass/retui/retui/hooks.go:405.2,405.39 1 0
github.com/subhasundardass/retui/retui/hooks.go:405.39,407.3 1 0
github.com/subhasundardass/retui/retui/hooks.go:410.2,412.10 3 0
github.com/subhasundardass/retui/retui/hooks.go:445.46,449.25 3 0
github.com/subhasundardass/retui/retui/hooks.go:449.25,452.3 2 0
github.com/subhasundardass/retui/retui/hooks.go:454.2,455.37 2 0
github.com/subhasundardass/retui/retui/hooks.go:455.37,459.3 3 0
github.com/subhasundardass/retui/retui/hooks.go:474.19,486.56 4 0
github.com/subhasundardass/retui/retui/hooks.go:486.56,487.23 1 0
github.com/subhasundardass/retui/retui/hooks.go:487.23,494.4 2 0
github.com/subhasundardass/retui/retui/hooks.go:498.2,499.33 2 0
github.com/subhasundardass/retui/retui/hooks.go:499.33,500.48 1 0
github.com/subhasundardass/retui/retui/hooks.go:500.48,501.33 1 0
github.com/subhasundardass/retui/retui/hooks.go:501.33,503.5 1 0
github.com/subhasundardass/retui/retui/hooks.go:505.3,505.35 1 0
github.com/subhasundardass/retui/retui/hooks.go:513.2,513.30 1 0
github.com/subhasundardass/retui/retui/hooks.go:513.30,515.3 1 0
github.com/subhasundardass/retui/retui/hooks.go:516.2,516.30 1 0
github.com/subhasundardass/retui/retui/hooks.go:516.30,518.3 1 0
github.com/subhasundardass/retui/retui/hooks.go:519.2,522.25 2 0
github.com/subhasundardass/retui/retui/hooks.go:522.25,527.27 4 0
github.com/subhasundardass/retui/retui/hooks.go:527.27,530.4 2 0
github.com/subhasundardass/retui/retui/hooks.go:531.3,531.19 1 0
github.com/subhasundardass/retui/retui/hooks.go:534.2,534.33 1 0
github.com/subhasundardass/retui/retui/hooks.go:534.33,536.3 1 0
github.com/subhasundardass/retui/retui/hooks.go:566.55,568.2 1 0
github.com/subhasundardass/retui/retui/hooks.go:572.70,574.15 2 0
github.com/subhasundardass/retui/retui/hooks.go:574.15,574.53 1 0
github.com/subhasundardass/retui/retui/hooks.go:575.2,575.17 1 0
github.com/subhasundardass/retui/retui/hooks.go:579.41,580.23 1 0
github.com/subhasundardass/retui/retui/hooks.go:580.23,582.3 1 0
github.com/subhasundardass/retui/retui/hooks.go:583.2,583.32 1 0
github.com/subhasundardass/retui/retui/hooks.go:597.28,611.2 11 0
github.com/subhasundardass/retui/retui/hooks.go:620.33,621.22 1 0
github.com/subhasundardass/retui/retui/hooks.go:621.22,623.3 1 0
github.com/subhasundardass/retui/retui/hooks.go:624.2,624.19 1 0
github.com/subhasundardass/retui/retui/hooks.go:624.19,625.33 1 0
github.com/subhasundardass/retui/retui/hooks.go:625.33,627.4 1 0
github.com/subhasundardass/retui/retui/hooks.go:629.2,629.13 1 0
github.com/subhasundardass/retui/retui/hooks.go:632.43,633.15 1 0
github.com/subhasundardass/retui/retui/hooks.go:633.15,634.31 1 0
github.com/subhasundardass/retui/retui/hooks.go:634.31,636.4 1 0
github.com/subhasundardass/retui/retui/hooks.go:638.2,638.32 1 0
github.com/subhasundardass/retui/retui/hooks.go:645.26,646.15 1 0
github.com/subhasundardass/retui/retui/hooks.go:646.15,648.3 1 0
github.com/subhasundardass/retui/retui/hooks.go:649.2,649.15 1 0
github.com/subhasundardass/retui/retui/hooks.go:649.15,650.31 1 0
github.com/subhasundardass/retui/retui/hooks.go:650.31,652.4 1 0
github.com/subhasundardass/retui/retui/hooks.go:654.2,654.6 1 0
github.com/subhasundardass/retui/retui/hooks.go:660.51,661.15 1 0
github.com/subhasundardass/retui/retui/hooks.go:661.15,663.3 1 0
github.com/subhasundardass/retui/retui/hooks.go:664.2,664.15 1 0
github.com/subhasundardass/retui/retui/hooks.go:664.15,665.31 1 0
github.com/subhasundardass/retui/retui/hooks.go:665.31,667.4 1 0
github.com/subhasundardass/retui/retui/hooks.go:669.2,669.13 1 0
github.com/subhasundardass/retui/retui/key.go:117.29,118.17 1 0
github.com/subhasundardass/retui/retui/key.go:118.17,120.3 1 0
github.com/subhasundardass/retui/retui/key.go:124.2,124.48 1 0
github.com/subhasundardass/retui/retui/key.go:124.48,125.15 1 0
github.com/subhasundardass/retui/retui/key.go:127.12,128.27 1 0
github.com/subhasundardass/retui/retui/key.go:129.12,130.29 1 0
github.com/subhasundardass/retui/retui/key.go:131.12,132.30 1 0
github.com/subhasundardass/retui/retui/key.go:133.12,134.29 1 0
github.com/subhasundardass/retui/retui/key.go:135.12,136.33 1 0
github.com/subhasundardass/retui/retui/key.go:139.12,140.27 1 0
github.com/subhasundardass/retui/retui/key.go:141.12,142.27 1 0
github.com/subhasundardass/retui/retui/key.go:143.12,144.27 1 0
github.com/subhasundardass/retui/retui/key.go:145.12,146.27 1 0
github.com/subhasundardass/retui/retui/key.go:149.12,150.29 1 0
github.com/subhasundardass/retui/retui/key.go:151.12,152.28 1 0
github.com/subhasundardass/retui/retui/key.go:155.27,156.34 1 0
github.com/subhasundardass/retui/retui/key.go:156.34,157.17 1 0
github.com/subhasundardass/retui/retui/key.go:158.14,159.33 1 0
github.com/subhasundardass/retui/retui/key.go:160.14,161.33 1 0
github.com/subhasundardass/retui/retui/key.go:162.14,163.33 1 0
github.com/subhasundardass/retui/retui/key.go:164.14,165.35 1 0
github.com/subhasundardass/retui/retui/key.go:172.2,172.48 1 0
github.com/subhasundardass/retui/retui/key.go:172.48,173.15 1 0
github.com/subhasundardass/retui/retui/key.go:174.12,175.27 1 0
github.com/subhasundardass/retui/retui/key.go:176.12,177.27 1 0
github.com/subhasundardass/retui/retui/key.go:178.12,179.27 1 0
github.com/subhasundardass/retui/retui/key.go:180.12,181.27 1 0
github.com/subhasundardass/retui/retui/key.go:184.2,184.63 1 0
github.com/subhasundardass/retui/retui/key.go:184.63,185.15 1 0
github.com/subhasundardass/retui/retui/key.go:186.12,187.19 1 0
github.com/subhasundardass/retui/retui/key.go:187.19,189.5 1 0
github.com/subhasundardass/retui/retui/key.go:190.12,191.19 1 0
github.com/subhasundardass/retui/retui/key.go:191.19,193.5 1 0
github.com/subhasundardass/retui/retui/key.go:194.12,195.19 1 0
github.com/subhasundardass/retui/retui/key.go:195.19,197.5 1 0
github.com/subhasundardass/retui/retui/key.go:198.12,199.19 1 0
github.com/subhasundardass/retui/retui/key.go:199.19,201.5 1 0
github.com/subhasundardass/retui/retui/key.go:205.2,205.63 1 0
github.com/subhasundardass/retui/retui/key.go:205.63,206.15 1 0
github.com/subhasundardass/retui/retui/key.go:207.12,208.19 1 0
github.com/subhasundardass/retui/retui/key.go:208.19,210.5 1 0
github.com/subhasundardass/retui/retui/key.go:211.12,212.19 1 0
github.com/subhasundardass/retui/retui/key.go:212.19,214.5 1 0
github.com/subhasundardass/retui/retui/key.go:215.12,216.19 1 0
github.com/subhasundardass/retui/retui/key.go:216.19,218.5 1 0
github.com/subhasundardass/retui/retui/key.go:219.12,220.19 1 0
github.com/subhasundardass/retui/retui/key.go:220.19,222.5 1 0
github.com/subhasundardass/retui/retui/key.go:228.2,228.33 1 0
github.com/subhasundardass/retui/retui/key.go:228.33,229.35 1 0
github.com/subhasundardass/retui/retui/key.go:229.35,231.4 1 0
github.com/subhasundardass/retui/retui/key.go:232.3,232.35 1 0
github.com/subhasundardass/retui/retui/key.go:232.35,234.4 1 0
github.com/subhasundardass/retui/retui/key.go:239.2,239.14 1 0
github.com/subhasundardass/retui/retui/key.go:240.12,241.30 1 0
github.com/subhasundardass/retui/retui/key.go:242.18,243.29 1 0
github.com/subhasundardass/retui/retui/key.go:244.18,245.33 1 0
github.com/subhasundardass/retui/retui/key.go:246.12,247.27 1 0
github.com/subhasundardass/retui/retui/key.go:248.12,249.29 1 0
github.com/subhasundardass/retui/retui/key.go:250.12,251.29 1 0
github.com/subhasundardass/retui/retui/key.go:257.12,258.29 1 0
github.com/subhasundardass/retui/retui/key.go:259.12,260.29 1 0
github.com/subhasundardass/retui/retui/key.go:261.12,262.29 1 0
github.com/subhasundardass/retui/retui/key.go:263.12,264.29 1 0
github.com/subhasundardass/retui/retui/key.go:265.12,266.29 1 0
github.com/subhasundardass/retui/retui/key.go:267.12,268.29 1 0
github.com/subhasundardass/retui/retui/key.go:272.12,273.29 1 0
github.com/subhasundardass/retui/retui/key.go:274.12,275.29 1 0
github.com/subhasundardass/retui/retui/key.go:277.12,278.29 1 0
github.com/subhasundardass/retui/retui/key.go:279.12,280.29 1 0
github.com/subhasundardass/retui/retui/key.go:281.12,282.29 1 0
github.com/subhasundardass/retui/retui/key.go:283.12,284.29 1 0
github.com/subhasundardass/retui/retui/key.go:285.12,286.29 1 0
github.com/subhasundardass/retui/retui/key.go:287.12,288.29 1 0
github.com/subhasundardass/retui/retui/key.go:289.12,290.29 1 0
github.com/subhasundardass/retui/retui/key.go:291.12,292.29 1 0
github.com/subhasundardass/retui/retui/key.go:293.12,294.29 1 0
github.com/subhasundardass/retui/retui/key.go:295.12,296.29 1 0
github.com/subhasundardass/retui/retui/key.go:297.12,298.29 1 0
github.com/subhasundardass/retui/retui/key.go:299.12,300.29 1 0
github.com/subhasundardass/retui/retui/key.go:301.12,302.29 1 0
github.com/subhasundardass/retui/retui/key.go:307.2,307.30 1 0
github.com/subhasundardass/retui/retui/key.go:324.43,325.17 1 0
github.com/subhasundardass/retui/retui/key.go:325.17,327.3 1 0
github.com/subhasundardass/retui/retui/key.go:330.2,330.18 1 0
github.com/subhasundardass/retui/retui/key.go:330.18,332.3 1 0
github.com/subhasundardass/retui/retui/key.go:335.2,335.17 1 0
github.com/subhasundardass/retui/retui/key.go:335.17,337.3 1 0
github.com/subhasundardass/retui/retui/key.go:340.2,340.32 1 0
github.com/subhasundardass/retui/retui/key.go:340.32,342.3 1 0
github.com/subhasundardass/retui/retui/key.go:345.2,345.30 1 0
github.com/subhasundardass/retui/retui/key.go:345.30,349.41 2 0
github.com/subhasundardass/retui/retui/key.go:349.41,351.4 1 0
github.com/subhasundardass/retui/retui/key.go:355.2,355.15 1 0
github.com/subhasundardass/retui/retui/key.go:359.43,362.17 2 0
github.com/subhasundardass/retui/retui/key.go:362.17,365.16 1 0
github.com/subhasundardass/retui/retui/key.go:365.16,370.15 4 0
github.com/subhasundardass/retui/retui/key.go:370.15,372.5 1 0
github.com/subhasundardass/retui/retui/key.go:374.4,386.12 7 0
github.com/subhasundardass/retui/retui/key.go:389.3,389.37 1 0
github.com/subhasundardass/retui/retui/key.go:389.37,392.12 3 0
github.com/subhasundardass/retui/retui/key.go:395.3,396.13 2 0
github.com/subhasundardass/retui/retui/key.go:396.13,397.9 1 0
github.com/subhasundardass/retui/retui/key.go:400.3,401.12 2 0
github.com/subhasundardass/retui/retui/key.go:404.2,404.13 1 0
github.com/subhasundardass/retui/retui/key.go:410.33,412.2 1 0
github.com/subhasundardass/retui/retui/key.go:415.32,417.2 1 0
github.com/subhasundardass/retui/retui/key.go:420.35,422.2 1 0
github.com/subhasundardass/retui/retui/key.go:425.37,426.16 1 0
github.com/subhasundardass/retui/retui/key.go:427.82,428.14 1 0
github.com/subhasundardass/retui/retui/key.go:429.10,430.15 1 0
github.com/subhasundardass/retui/retui/key.go:435.30,436.17 1 0
github.com/subhasundardass/retui/retui/key.go:436.17,438.3 1 0
github.com/subhasundardass/retui/retui/key.go:439.2,439.16 1 0
github.com/subhasundardass/retui/retui/key.go:440.15,441.16 1 0
github.com/subhasundardass/retui/retui/key.go:442.16,443.17 1 0
github.com/subhasundardass/retui/retui/key.go:444.20,445.21 1 0
github.com/subhasundardass/retui/retui/key.go:446.17,447.18 1 0
github.com/subhasundardass/retui/retui/key.go:448.14,449.15 1 0
github.com/subhasundardass/retui/retui/key.go:450.19,451.20 1 0
github.com/subhasundardass/retui/retui/key.go:452.13,453.14 1 0
github.com/subhasundardass/retui/retui/key.go:454.15,455.16 1 0
github.com/subhasundardass/retui/retui/key.go:456.15,457.16 1 0
github.com/subhasundardass/retui/retui/key.go:458.16,459.17 1 0
github.com/subhasundardass/retui/retui/key.go:460.16,461.17 1 0
github.com/subhasundardass/retui/retui/key.go:462.16,463.17 1 0
github.com/subhasundardass/retui/retui/key.go:464.16,465.17 1 0
github.com/subhasundardass/retui/retui/key.go:466.15,467.16 1 0
github.com/subhasundardass/retui/retui/key.go:468.14,469.15 1 0
github.com/subhasundardass/retui/retui/key.go:470.17,471.18 1 0
github.com/subhasundardass/retui/retui/key.go:472.19,473.20 1 0
github.com/subhasundardass/retui/retui/key.go:474.17,475.18 1 0
github.com/subhasundardass/retui/retui/key.go:476.17,477.18 1 0
github.com/subhasundardass/retui/retui/key.go:478.13,479.14 1 0
github.com/subhasundardass/retui/retui/key.go:480.13,481.14 1 0
github.com/subhasundardass/retui/retui/key.go:482.13,483.14 1 0
github.com/subhasundardass/retui/retui/key.go:484.13,485.14 1 0
github.com/subhasundardass/retui/retui/key.go:486.13,487.14 1 0
github.com/subhasundardass/retui/retui/key.go:488.13,489.14 1 0
github.com/subhasundardass/retui/retui/key.go:490.13,491.14 1 0
github.com/subhasundardass/retui/retui/key.go:492.13,493.14 1 0
github.com/subhasundardass/retui/retui/key.go:494.13,495.14 1 0
github.com/subhasundardass/retui/retui/key.go:496.14,497.15 1 0
github.com/subhasundardass/retui/retui/key.go:498.14,499.15 1 0
github.com/subhasundardass/retui/retui/key.go:500.14,501.15 1 0
github.com/subhasundardass/retui/retui/key.go:502.10,503.47 1 0
github.com/subhasundardass/retui/retui/key.go:503.47,505.4 1 0
github.com/subhasundardass/retui/retui/key.go:506.3,506.45 1 0
github.com/subhasundardass/retui/retui/key.go:506.45,508.4 1 0
github.com/subhasundardass/retui/retui/key.go:509.3,509.19 1 0
github.com/subhasundardass/retui/retui/layout.go:192.34,193.12 1 0
github.com/subhasundardass/retui/retui/layout.go:193.12,195.3 1 0
github.com/subhasundardass/retui/retui/layout.go:196.2,196.12 1 0
github.com/subhasundardass/retui/retui/layout.go:196.12,198.3 1 0
github.com/subhasundardass/retui/retui/layout.go:199.2,199.10 1 0
github.com/subhasundardass/retui/retui/layout.go:208.30,210.2 1 0
github.com/subhasundardass/retui/retui/layout.go:214.59,217.2 2 0
github.com/subhasundardass/retui/retui/layout.go:221.55,225.2 3 0
github.com/subhasundardass/retui/retui/layout.go:230.40,232.2 1 0
github.com/subhasundardass/retui/retui/layout.go:236.63,239.2 2 0
github.com/subhasundardass/retui/retui/layout.go:247.54,250.2 2 0
github.com/subhasundardass/retui/retui/layout.go:253.26,255.2 1 0
github.com/subhasundardass/retui/retui/layout.go:262.25,264.2 1 0
github.com/subhasundardass/retui/retui/layout.go:269.19,271.2 1 0
github.com/subhasundardass/retui/retui/layout.go:283.28,285.2 1 0
github.com/subhasundardass/retui/retui/layout.go:288.56,292.2 3 0
github.com/subhasundardass/retui/retui/layout.go:295.54,298.2 2 0
github.com/subhasundardass/retui/retui/layout.go:301.55,304.2 2 0
github.com/subhasundardass/retui/retui/layout.go:307.72,310.2 2 0
github.com/subhasundardass/retui/retui/layout.go:314.76,320.2 5 0
github.com/subhasundardass/retui/retui/layout.go:323.66,329.2 5 0
github.com/subhasundardass/retui/retui/layout.go:335.75,341.2 5 0
github.com/subhasundardass/retui/retui/layout.go:344.64,350.2 5 0
github.com/subhasundardass/retui/retui/layout.go:354.53,357.2 2 0
github.com/subhasundardass/retui/retui/layout.go:362.65,365.2 2 0
github.com/subhasundardass/retui/retui/layout.go:370.61,373.2 2 0
github.com/subhasundardass/retui/retui/layout.go:390.77,393.2 2 0
github.com/subhasundardass/retui/retui/layout.go:409.58,411.2 1 0
github.com/subhasundardass/retui/retui/layout.go:429.61,436.21 4 0
github.com/subhasundardass/retui/retui/layout.go:436.21,440.3 3 0
github.com/subhasundardass/retui/retui/layout.go:441.2,441.12 1 0
github.com/subhasundardass/retui/retui/layout.go:450.36,451.31 1 0
github.com/subhasundardass/retui/retui/layout.go:451.31,453.3 1 0
github.com/subhasundardass/retui/retui/layout.go:454.2,454.31 1 0
github.com/subhasundardass/retui/retui/layout.go:454.31,455.19 1 0
github.com/subhasundardass/retui/retui/layout.go:455.19,457.4 1 0
github.com/subhasundardass/retui/retui/layout.go:459.2,459.14 1 0
github.com/subhasundardass/retui/retui/layout.go:472.40,473.35 1 0
github.com/subhasundardass/retui/retui/layout.go:473.35,475.3 1 0
github.com/subhasundardass/retui/retui/layout.go:477.2,480.25 3 0
github.com/subhasundardass/retui/retui/layout.go:480.25,482.3 1 0
github.com/subhasundardass/retui/retui/layout.go:484.2,484.28 1 0
github.com/subhasundardass/retui/retui/layout.go:485.19,486.30 1 0
github.com/subhasundardass/retui/retui/layout.go:488.17,489.25 1 0
github.com/subhasundardass/retui/retui/layout.go:489.25,490.37 1 0
github.com/subhasundardass/retui/retui/layout.go:490.37,492.5 1 0
github.com/subhasundardass/retui/retui/layout.go:493.4,493.17 1 0
github.com/subhasundardass/retui/retui/layout.go:494.9,495.37 1 0
github.com/subhasundardass/retui/retui/layout.go:495.37,497.19 2 0
github.com/subhasundardass/retui/retui/layout.go:497.19,499.6 1 0
github.com/subhasundardass/retui/retui/layout.go:503.33,504.12 1 0
github.com/subhasundardass/retui/retui/layout.go:507.2,507.29 1 0
github.com/subhasundardass/retui/retui/layout.go:508.19,509.32 1 0
github.com/subhasundardass/retui/retui/layout.go:511.17,512.25 1 0
github.com/subhasundardass/retui/retui/layout.go:512.25,513.37 1 0
github.com/subhasundardass/retui/retui/layout.go:513.37,515.5 1 0
github.com/subhasundardass/retui/retui/layout.go:516.4,516.18 1 0
github.com/subhasundardass/retui/retui/layout.go:517.9,518.37 1 0
github.com/subhasundardass/retui/retui/layout.go:518.37,520.20 2 0
github.com/subhasundardass/retui/retui/layout.go:520.20,522.6 1 0
github.com/subhasundardass/retui/retui/layout.go:526.33,527.13 1 0
github.com/subhasundardass/retui/retui/layout.go:530.2,530.37 1 0
github.com/subhasundardass/retui/retui/layout.go:530.37,532.3 1 0
github.com/subhasundardass/retui/retui/layout.go:533.2,533.38 1 0
github.com/subhasundardass/retui/retui/layout.go:533.38,535.3 1 0
github.com/subhasundardass/retui/retui/layout.go:537.2,537.63 1 0
github.com/subhasundardass/retui/retui/layout.go:537.63,539.3 1 0
github.com/subhasundardass/retui/retui/layout.go:541.2,541.22 1 0
github.com/subhasundardass/retui/retui/layout.go:545.42,546.16 1 0
github.com/subhasundardass/retui/retui/layout.go:546.16,548.3 1 0
github.com/subhasundardass/retui/retui/layout.go:549.2,549.17 1 0
github.com/subhasundardass/retui/retui/layout.go:553.53,554.16 1 0
github.com/subhasundardass/retui/retui/layout.go:554.16,556.3 1 0
github.com/subhasundardass/retui/retui/layout.go:556.8,558.3 1 0
github.com/subhasundardass/retui/retui/layout.go:562.54,563.16 1 0
github.com/subhasundardass/retui/retui/layout.go:563.16,565.3 1 0
github.com/subhasundardass/retui/retui/layout.go:565.8,567.3 1 0
github.com/subhasundardass/retui/retui/layout.go:571.43,572.16 1 0
github.com/subhasundardass/retui/retui/layout.go:572.16,574.3 1 0
github.com/subhasundardass/retui/retui/layout.go:575.2,575.12 1 0
github.com/subhasundardass/retui/retui/layout.go:579.52,580.16 1 0
github.com/subhasundardass/retui/retui/layout.go:580.16,582.3 1 0
github.com/subhasundardass/retui/retui/layout.go:583.2,583.16 1 0
github.com/subhasundardass/retui/retui/layout.go:587.24,588.11 1 0
github.com/subhasundardass/retui/retui/layout.go:588.11,590.3 1 0
github.com/subhasundardass/retui/retui/layout.go:591.2,591.10 1 0
github.com/subhasundardass/retui/retui/layout.go:596.56,597.16 1 0
github.com/subhasundardass/retui/retui/layout.go:597.16,599.3 1 0
github.com/subhasundardass/retui/retui/layout.go:600.2,600.20 1 0
github.com/subhasundardass/retui/retui/layout.go:605.54,606.16 1 0
github.com/subhasundardass/retui/retui/layout.go:606.16,608.3 1 0
github.com/subhasundardass/retui/retui/layout.go:609.2,609.23 1 0
github.com/subhasundardass/retui/retui/layout.go:614.57,615.16 1 0
github.com/subhasundardass/retui/retui/layout.go:615.16,617.3 1 0
github.com/subhasundardass/retui/retui/layout.go:618.2,618.21 1 0
github.com/subhasundardass/retui/retui/layout.go:623.55,624.16 1 0
github.com/subhasundardass/retui/retui/layout.go:624.16,626.3 1 0
github.com/subhasundardass/retui/retui/layout.go:627.2,627.22 1 0
github.com/subhasundardass/retui/retui/layout.go:633.77,636.24 3 0
github.com/subhasundardass/retui/retui/layout.go:636.24,638.3 1 0
github.com/subhasundardass/retui/retui/layout.go:640.2,640.38 1 0
github.com/subhasundardass/retui/retui/layout.go:640.38,642.3 1 0
github.com/subhasundardass/retui/retui/layout.go:644.2,644.29 1 0
github.com/subhasundardass/retui/retui/layout.go:644.29,645.34 1 0
github.com/subhasundardass/retui/retui/layout.go:646.31,647.58 1 0
github.com/subhasundardass/retui/retui/layout.go:648.22,649.53 1 0
github.com/subhasundardass/retui/retui/layout.go:650.19,651.25 1 0
github.com/subhasundardass/retui/retui/layout.go:655.2,655.32 1 0
github.com/subhasundardass/retui/retui/layout.go:656.30,657.56 1 0
github.com/subhasundardass/retui/retui/layout.go:658.21,659.51 1 0
github.com/subhasundardass/retui/retui/layout.go:660.18,661.24 1 0
github.com/subhasundardass/retui/retui/layout.go:664.2,664.10 1 0
github.com/subhasundardass/retui/retui/layout.go:669.93,670.29 1 0
github.com/subhasundardass/retui/retui/layout.go:670.29,673.27 3 0
github.com/subhasundardass/retui/retui/layout.go:674.20,675.95 1 0
github.com/subhasundardass/retui/retui/layout.go:676.17,677.69 1 0
github.com/subhasundardass/retui/retui/layout.go:678.11,679.38 1 0
github.com/subhasundardass/retui/retui/layout.go:681.3,681.9 1 0
github.com/subhasundardass/retui/retui/layout.go:684.2,686.26 3 0
github.com/subhasundardass/retui/retui/layout.go:687.19,688.92 1 0
github.com/subhasundardass/retui/retui/layout.go:689.16,690.66 1 0
github.com/subhasundardass/retui/retui/layout.go:691.10,692.37 1 0
github.com/subhasundardass/retui/retui/layout.go:699.106,700.21 1 0
github.com/subhasundardass/retui/retui/layout.go:700.21,702.3 1 0
github.com/subhasundardass/retui/retui/layout.go:705.2,706.20 2 0
github.com/subhasundardass/retui/retui/layout.go:706.20,708.3 1 0
github.com/subhasundardass/retui/retui/layout.go:711.2,712.20 2 0
github.com/subhasundardass/retui/retui/layout.go:712.20,714.3 1 0
github.com/subhasundardass/retui/retui/layout.go:716.2,720.17 3 0
github.com/subhasundardass/retui/retui/layout.go:721.18,722.23 1 0
github.com/subhasundardass/retui/retui/layout.go:723.21,724.27 1 0
github.com/subhasundardass/retui/retui/layout.go:725.27,726.21 1 0
github.com/subhasundardass/retui/retui/layout.go:726.21,728.4 1 0
github.com/subhasundardass/retui/retui/layout.go:729.26,732.21 3 0
github.com/subhasundardass/retui/retui/layout.go:735.2,735.20 1 0
github.com/subhasundardass/retui/retui/layout.go:755.52,763.20 6 0
github.com/subhasundardass/retui/retui/layout.go:763.20,765.3 1 0
github.com/subhasundardass/retui/retui/layout.go:766.2,766.21 1 0
github.com/subhasundardass/retui/retui/layout.go:766.21,768.3 1 0
github.com/subhasundardass/retui/retui/layout.go:770.2,770.26 1 0
github.com/subhasundardass/retui/retui/layout.go:770.26,772.3 1 0
github.com/subhasundardass/retui/retui/layout.go:773.2,773.34 1 0
github.com/subhasundardass/retui/retui/layout.go:773.34,776.3 2 0
github.com/subhasundardass/retui/retui/layout.go:778.2,785.35 4 0
github.com/subhasundardass/retui/retui/layout.go:785.35,787.3 1 0
github.com/subhasundardass/retui/retui/layout.go:789.2,794.35 5 0
github.com/subhasundardass/retui/retui/layout.go:794.35,799.51 3 0
github.com/subhasundardass/retui/retui/layout.go:799.51,801.4 1 0
github.com/subhasundardass/retui/retui/layout.go:803.3,803.25 1 0
github.com/subhasundardass/retui/retui/layout.go:803.25,804.34 1 0
github.com/subhasundardass/retui/retui/layout.go:805.32,807.38 2 0
github.com/subhasundardass/retui/retui/layout.go:807.38,810.6 2 0
github.com/subhasundardass/retui/retui/layout.go:811.5,811.36 1 0
github.com/subhasundardass/retui/retui/layout.go:812.23,814.36 2 0
github.com/subhasundardass/retui/retui/layout.go:815.20,817.55 2 0
github.com/subhasundardass/retui/retui/layout.go:819.9,820.35 1 0
github.com/subhasundardass/retui/retui/layout.go:821.32,823.38 2 0
github.com/subhasundardass/retui/retui/layout.go:823.38,826.6 2 0
github.com/subhasundardass/retui/retui/layout.go:827.5,827.37 1 0
github.com/subhasundardass/retui/retui/layout.go:828.23,830.37 2 0
github.com/subhasundardass/retui/retui/layout.go:831.20,833.55 2 0
github.com/subhasundardass/retui/retui/layout.go:837.3,837.45 1 0
github.com/subhasundardass/retui/retui/layout.go:840.2,842.25 2 0
github.com/subhasundardass/retui/retui/layout.go:842.25,846.35 3 0
github.com/subhasundardass/retui/retui/layout.go:846.35,849.29 3 0
github.com/subhasundardass/retui/retui/layout.go:849.29,851.5 1 0
github.com/subhasundardass/retui/retui/layout.go:853.4,854.32 2 0
github.com/subhasundardass/retui/retui/layout.go:854.32,856.5 1 0
github.com/subhasundardass/retui/retui/layout.go:858.4,860.29 3 0
github.com/subhasundardass/retui/retui/layout.go:864.2,864.24 1 0
github.com/subhasundardass/retui/retui/layout.go:864.24,865.36 1 0
github.com/subhasundardass/retui/retui/layout.go:865.36,866.27 1 0
github.com/subhasundardass/retui/retui/layout.go:866.27,867.13 1 0
github.com/subhasundardass/retui/retui/layout.go:869.4,870.44 2 0
github.com/subhasundardass/retui/retui/layout.go:870.44,872.5 1 0
github.com/subhasundardass/retui/retui/layout.go:878.2,879.39 2 0
github.com/subhasundardass/retui/retui/layout.go:879.39,881.3 1 0
github.com/subhasundardass/retui/retui/layout.go:882.2,893.34 3 0
github.com/subhasundardass/retui/retui/layout.go:893.34,896.25 3 0
github.com/subhasundardass/retui/retui/layout.go:896.25,898.4 1 0
github.com/subhasundardass/retui/retui/layout.go:899.3,899.40 1 0
github.com/subhasundardass/retui/retui/layout.go:902.2,902.35 1 0
github.com/subhasundardass/retui/retui/layout.go:902.35,909.25 5 0
github.com/subhasundardass/retui/retui/layout.go:909.25,911.4 1 0
github.com/subhasundardass/retui/retui/layout.go:911.9,913.4 1 0
github.com/subhasundardass/retui/retui/layout.go:915.3,920.28 4 0
github.com/subhasundardass/retui/retui/layout.go:920.28,922.4 1 0
github.com/subhasundardass/retui/retui/layout.go:930.31,931.25 1 0
github.com/subhasundardass/retui/retui/layout.go:931.25,933.3 1 0
github.com/subhasundardass/retui/retui/layout.go:934.2,934.10 1 0
github.com/subhasundardass/retui/retui/layout.go:949.59,961.35 6 0
github.com/subhasundardass/retui/retui/layout.go:961.35,963.46 2 0
github.com/subhasundardass/retui/retui/layout.go:963.46,965.4 1 0
github.com/subhasundardass/retui/retui/layout.go:966.3,966.21 1 0
github.com/subhasundardass/retui/retui/layout.go:966.21,968.4 1 0
github.com/subhasundardass/retui/retui/layout.go:969.3,972.23 3 0
github.com/subhasundardass/retui/retui/layout.go:972.23,974.4 1 0
github.com/subhasundardass/retui/retui/layout.go:975.3,975.53 1 0
github.com/subhasundardass/retui/retui/layout.go:975.53,980.4 4 0
github.com/subhasundardass/retui/retui/layout.go:982.3,983.19 2 0
github.com/subhasundardass/retui/retui/layout.go:985.2,985.22 1 0
github.com/subhasundardass/retui/retui/layout.go:985.22,987.3 1 0
github.com/subhasundardass/retui/retui/layout.go:989.2,992.30 3 0
github.com/subhasundardass/retui/retui/layout.go:992.30,995.27 3 0
github.com/subhasundardass/retui/retui/layout.go:995.27,996.25 1 0
github.com/subhasundardass/retui/retui/layout.go:996.25,998.5 1 0
github.com/subhasundardass/retui/retui/layout.go:999.4,1000.13 2 0
github.com/subhasundardass/retui/retui/layout.go:1000.13,1002.5 1 0
github.com/subhasundardass/retui/retui/layout.go:1005.3,1007.27 2 0
github.com/subhasundardass/retui/retui/layout.go:1007.27,1009.23 2 0
github.com/subhasundardass/retui/retui/layout.go:1010.22,1011.34 1 0
github.com/subhasundardass/retui/retui/layout.go:1012.21,1013.48 1 0
github.com/subhasundardass/retui/retui/layout.go:1014.18,1015.46 1 0
github.com/subhasundardass/retui/retui/layout.go:1017.4,1018.25 2 0
github.com/subhasundardass/retui/retui/layout.go:1021.3,1023.24 3 0
github.com/subhasundardass/retui/retui/layout.go:1023.24,1026.4 2 0
github.com/subhasundardass/retui/retui/layout.go:1029.2,1029.38 1 0
github.com/subhasundardass/retui/retui/layout.go:1029.38,1031.3 1 0
github.com/subhasundardass/retui/retui/logger.go:40.35,41.11 1 10
github.com/subhasundardass/retui/retui/logger.go:42.20,43.19 1 0
github.com/subhasundardass/retui/retui/logger.go:44.18,45.17 1 0
github.com/subhasundardass/retui/retui/logger.go:46.17,47.16 1 10
github.com/subhasundardass/retui/retui/logger.go:48.17,49.16 1 0
github.com/subhasundardass/retui/retui/logger.go:50.18,51.17 1 0
github.com/subhasundardass/retui/retui/logger.go:52.18,53.17 1 0
github.com/subhasundardass/retui/retui/logger.go:54.10,55.19 1 0
github.com/subhasundardass/retui/retui/logger.go:71.13,77.39 3 1
github.com/subhasundardass/retui/retui/logger.go:77.39,81.3 2 0
github.com/subhasundardass/retui/retui/logger.go:85.27,90.50 4 1
github.com/subhasundardass/retui/retui/logger.go:90.50,92.3 1 0
github.com/subhasundardass/retui/retui/logger.go:97.2,104.16 4 1
github.com/subhasundardass/retui/retui/logger.go:104.16,106.3 1 0
github.com/subhasundardass/retui/retui/logger.go:109.2,111.12 2 1
github.com/subhasundardass/retui/retui/logger.go:115.25,117.16 2 1
github.com/subhasundardass/retui/retui/logger.go:117.16,119.3 1 0
github.com/subhasundardass/retui/retui/logger.go:120.2,120.11 1 1
github.com/subhasundardass/retui/retui/logger.go:124.33,128.13 4 0
github.com/subhasundardass/retui/retui/logger.go:128.13,130.3 1 0
github.com/subhasundardass/retui/retui/logger.go:130.8,132.3 1 0
github.com/subhasundardass/retui/retui/logger.go:136.34,140.2 3 0
github.com/subhasundardass/retui/retui/logger.go:143.29,147.2 3 0
github.com/subhasundardass/retui/retui/logger.go:150.25,154.2 3 0
github.com/subhasundardass/retui/retui/logger.go:157.23,161.20 3 0
github.com/subhasundardass/retui/retui/logger.go:161.20,163.3 1 0
github.com/subhasundardass/retui/retui/logger.go:164.2,164.12 1 0
github.com/subhasundardass/retui/retui/logger.go:168.68,173.22 3 10
github.com/subhasundardass/retui/retui/logger.go:173.22,175.3 1 0
github.com/subhasundardass/retui/retui/logger.go:177.2,177.19 1 10
github.com/subhasundardass/retui/retui/logger.go:177.19,179.3 1 0
github.com/subhasundardass/retui/retui/logger.go:182.2,184.8 3 10
github.com/subhasundardass/retui/retui/logger.go:184.8,189.3 3 10
github.com/subhasundardass/retui/retui/logger.go:191.2,206.26 5 10
github.com/subhasundardass/retui/retui/logger.go:215.33,216.15 1 0
github.com/subhasundardass/retui/retui/logger.go:216.15,218.3 1 0
github.com/subhasundardass/retui/retui/logger.go:222.49,223.15 1 0
github.com/subhasundardass/retui/retui/logger.go:223.15,225.3 1 0
github.com/subhasundardass/retui/retui/logger.go:229.32,231.2 1 0
github.com/subhasundardass/retui/retui/logger.go:234.48,236.2 1 10
github.com/subhasundardass/retui/retui/logger.go:239.32,241.2 1 0
github.com/subhasundardass/retui/retui/logger.go:244.48,246.2 1 0
github.com/subhasundardass/retui/retui/logger.go:249.33,251.2 1 0
github.com/subhasundardass/retui/retui/logger.go:254.49,256.2 1 0
github.com/subhasundardass/retui/retui/logger.go:259.33,262.2 2 0
github.com/subhasundardass/retui/retui/logger.go:265.49,268.2 2 0
github.com/subhasundardass/retui/retui/logger.go:271.35,273.2 1 0
github.com/subhasundardass/retui/retui/logger.go:276.51,278.2 1 0
github.com/subhasundardass/retui/retui/logger.go:281.83,282.22 1 0
github.com/subhasundardass/retui/retui/logger.go:282.22,284.3 1 0
github.com/subhasundardass/retui/retui/logger.go:286.2,287.21 2 0
github.com/subhasundardass/retui/retui/logger.go:287.21,289.3 1 0
github.com/subhasundardass/retui/retui/logger.go:291.2,291.49 1 0
github.com/subhasundardass/retui/retui/logger.go:300.55,302.2 1 0
github.com/subhasundardass/retui/retui/logger.go:305.40,306.15 1 0
github.com/subhasundardass/retui/retui/logger.go:306.15,308.3 1 0
github.com/subhasundardass/retui/retui/logger.go:312.39,314.2 1 0
github.com/subhasundardass/retui/retui/logger.go:317.39,319.2 1 0
github.com/subhasundardass/retui/retui/logger.go:322.40,324.2 1 0
github.com/subhasundardass/retui/retui/logger.go:327.66,328.21 1 0
github.com/subhasundardass/retui/retui/logger.go:328.21,330.3 1 0
github.com/subhasundardass/retui/retui/logger.go:331.2,332.10 2 0
github.com/subhasundardass/retui/retui/logger.go:336.56,338.2 1 0
github.com/subhasundardass/retui/retui/markdown.go:52.18,53.16 1 0
github.com/subhasundardass/retui/retui/markdown.go:53.16,55.3 1 0
github.com/subhasundardass/retui/retui/markdown.go:57.2,59.31 3 0
github.com/subhasundardass/retui/retui/markdown.go:59.31,60.58 1 0
github.com/subhasundardass/retui/retui/markdown.go:60.58,62.4 1 0
github.com/subhasundardass/retui/retui/markdown.go:63.3,63.68 1 0
github.com/subhasundardass/retui/retui/markdown.go:65.2,65.21 1 0
github.com/subhasundardass/retui/retui/markdown.go:65.21,67.3 1 0
github.com/subhasundardass/retui/retui/markdown.go:68.2,68.14 1 0
github.com/subhasundardass/retui/retui/markdown.go:71.60,72.68 1 0
github.com/subhasundardass/retui/retui/markdown.go:72.68,74.3 1 0
github.com/subhasundardass/retui/retui/markdown.go:75.2,75.62 1 0
github.com/subhasundardass/retui/retui/markdown.go:75.62,77.3 1 0
github.com/subhasundardass/retui/retui/markdown.go:78.2,78.13 1 0
github.com/subhasundardass/retui/retui/markdown.go:81.59,88.30 6 0
github.com/subhasundardass/retui/retui/markdown.go:88.30,91.20 3 0
github.com/subhasundardass/retui/retui/markdown.go:91.20,94.12 3 0
github.com/subhasundardass/retui/retui/markdown.go:97.3,97.40 1 0
github.com/subhasundardass/retui/retui/markdown.go:97.40,102.23 5 0
github.com/subhasundardass/retui/retui/markdown.go:102.23,104.47 2 0
github.com/subhasundardass/retui/retui/markdown.go:104.47,107.11 3 0
github.com/subhasundardass/retui/retui/markdown.go:109.5,110.8 2 0
github.com/subhasundardass/retui/retui/markdown.go:114.4,114.21 1 0
github.com/subhasundardass/retui/retui/markdown.go:114.21,120.13 2 0
github.com/subhasundardass/retui/retui/markdown.go:122.4,126.12 2 0
github.com/subhasundardass/retui/retui/markdown.go:129.3,129.30 1 0
github.com/subhasundardass/retui/retui/markdown.go:129.30,132.12 3 0
github.com/subhasundardass/retui/retui/markdown.go:135.3,135.59 1 0
github.com/subhasundardass/retui/retui/markdown.go:135.59,141.12 3 0
github.com/subhasundardass/retui/retui/markdown.go:144.3,144.37 1 0
github.com/subhasundardass/retui/retui/markdown.go:144.37,148.95 4 0
github.com/subhasundardass/retui/retui/markdown.go:148.95,151.5 2 0
github.com/subhasundardass/retui/retui/markdown.go:152.4,160.12 2 0
github.com/subhasundardass/retui/retui/markdown.go:163.3,163.50 1 0
github.com/subhasundardass/retui/retui/markdown.go:163.50,166.23 3 0
github.com/subhasundardass/retui/retui/markdown.go:166.23,167.72 1 0
github.com/subhasundardass/retui/retui/markdown.go:167.72,170.14 3 0
github.com/subhasundardass/retui/retui/markdown.go:172.5,172.10 1 0
github.com/subhasundardass/retui/retui/markdown.go:174.4,181.12 2 0
github.com/subhasundardass/retui/retui/markdown.go:184.3,184.63 1 0
github.com/subhasundardass/retui/retui/markdown.go:184.63,188.12 4 0
github.com/subhasundardass/retui/retui/markdown.go:190.3,194.22 4 0
github.com/subhasundardass/retui/retui/markdown.go:194.22,197.26 2 0
github.com/subhasundardass/retui/retui/markdown.go:197.26,198.10 1 0
github.com/subhasundardass/retui/retui/markdown.go:200.4,200.50 1 0
github.com/subhasundardass/retui/retui/markdown.go:200.50,201.10 1 0
github.com/subhasundardass/retui/retui/markdown.go:203.4,203.38 1 0
github.com/subhasundardass/retui/retui/markdown.go:203.38,204.10 1 0
github.com/subhasundardass/retui/retui/markdown.go:206.4,206.45 1 0
github.com/subhasundardass/retui/retui/markdown.go:206.45,207.10 1 0
github.com/subhasundardass/retui/retui/markdown.go:209.4,209.59 1 0
github.com/subhasundardass/retui/retui/markdown.go:209.59,210.10 1 0
github.com/subhasundardass/retui/retui/markdown.go:212.4,213.7 2 0
github.com/subhasundardass/retui/retui/markdown.go:215.3,221.4 1 0
github.com/subhasundardass/retui/retui/markdown.go:224.2,224.15 1 0
github.com/subhasundardass/retui/retui/markdown.go:227.60,229.59 2 0
github.com/subhasundardass/retui/retui/markdown.go:229.59,231.3 1 0
github.com/subhasundardass/retui/retui/markdown.go:232.2,232.60 1 0
github.com/subhasundardass/retui/retui/markdown.go:232.60,234.3 1 0
github.com/subhasundardass/retui/retui/markdown.go:235.2,235.55 1 0
github.com/subhasundardass/retui/retui/markdown.go:238.43,240.46 2 0
github.com/subhasundardass/retui/retui/markdown.go:240.46,242.3 1 0
github.com/subhasundardass/retui/retui/markdown.go:243.2,243.14 1 0
github.com/subhasundardass/retui/retui/markdown.go:246.63,247.46 1 0
github.com/subhasundardass/retui/retui/markdown.go:247.46,249.3 1 0
github.com/subhasundardass/retui/retui/markdown.go:250.2,250.34 1 0
github.com/subhasundardass/retui/retui/markdown.go:250.34,251.21 1 0
github.com/subhasundardass/retui/retui/markdown.go:251.21,253.4 1 0
github.com/subhasundardass/retui/retui/markdown.go:255.2,255.51 1 0
github.com/subhasundardass/retui/retui/markdown.go:258.39,259.19 1 0
github.com/subhasundardass/retui/retui/markdown.go:259.19,261.3 1 0
github.com/subhasundardass/retui/retui/markdown.go:262.2,264.25 3 0
github.com/subhasundardass/retui/retui/markdown.go:264.25,265.25 1 0
github.com/subhasundardass/retui/retui/markdown.go:265.25,266.12 1 0
github.com/subhasundardass/retui/retui/markdown.go:268.3,268.18 1 0
github.com/subhasundardass/retui/retui/markdown.go:268.18,269.40 1 0
github.com/subhasundardass/retui/retui/markdown.go:269.40,271.5 1 0
github.com/subhasundardass/retui/retui/markdown.go:272.4,272.14 1 0
github.com/subhasundardass/retui/retui/markdown.go:274.3,274.18 1 0
github.com/subhasundardass/retui/retui/markdown.go:274.18,276.4 1 0
github.com/subhasundardass/retui/retui/markdown.go:277.3,277.10 1 0
github.com/subhasundardass/retui/retui/markdown.go:279.2,279.19 1 0
github.com/subhasundardass/retui/retui/markdown.go:282.53,283.35 1 0
github.com/subhasundardass/retui/retui/markdown.go:283.35,285.3 1 0
github.com/subhasundardass/retui/retui/markdown.go:286.2,286.63 1 0
github.com/subhasundardass/retui/retui/markdown.go:289.76,291.48 2 0
github.com/subhasundardass/retui/retui/markdown.go:291.48,293.3 1 0
github.com/subhasundardass/retui/retui/markdown.go:294.2,294.27 1 0
github.com/subhasundardass/retui/retui/markdown.go:294.27,296.3 1 0
github.com/subhasundardass/retui/retui/markdown.go:297.2,300.18 2 0
github.com/subhasundardass/retui/retui/markdown.go:300.18,309.3 3 0
github.com/subhasundardass/retui/retui/markdown.go:311.2,312.62 2 0
github.com/subhasundardass/retui/retui/markdown.go:312.62,314.3 1 0
github.com/subhasundardass/retui/retui/markdown.go:315.2,316.22 1 0
github.com/subhasundardass/retui/retui/markdown.go:316.22,318.3 1 0
github.com/subhasundardass/retui/retui/markdown.go:319.2,320.25 2 0
github.com/subhasundardass/retui/retui/markdown.go:320.25,322.3 1 0
github.com/subhasundardass/retui/retui/markdown.go:323.2,332.9 3 0
github.com/subhasundardass/retui/retui/markdown.go:335.51,336.74 1 0
github.com/subhasundardass/retui/retui/markdown.go:336.74,337.18 1 0
github.com/subhasundardass/retui/retui/markdown.go:338.12,339.41 1 0
github.com/subhasundardass/retui/retui/markdown.go:340.17,341.41 1 0
github.com/subhasundardass/retui/retui/markdown.go:344.2,344.17 1 0
github.com/subhasundardass/retui/retui/markdown.go:347.55,348.59 1 0
github.com/subhasundardass/retui/retui/markdown.go:348.59,350.3 1 0
github.com/subhasundardass/retui/retui/markdown.go:351.2,352.21 2 0
github.com/subhasundardass/retui/retui/markdown.go:352.21,354.3 1 0
github.com/subhasundardass/retui/retui/markdown.go:355.2,356.25 2 0
github.com/subhasundardass/retui/retui/markdown.go:356.25,358.3 1 0
github.com/subhasundardass/retui/retui/markdown.go:359.2,359.33 1 0
github.com/subhasundardass/retui/retui/markdown.go:359.33,362.20 3 0
github.com/subhasundardass/retui/retui/markdown.go:362.20,364.4 1 0
github.com/subhasundardass/retui/retui/markdown.go:365.3,365.26 1 0
github.com/subhasundardass/retui/retui/markdown.go:365.26,366.16 1 0
github.com/subhasundardass/retui/retui/markdown.go:366.16,368.5 1 0
github.com/subhasundardass/retui/retui/markdown.go:371.2,371.13 1 0
github.com/subhasundardass/retui/retui/markdown.go:374.50,380.29 6 0
github.com/subhasundardass/retui/retui/markdown.go:380.29,382.3 1 0
github.com/subhasundardass/retui/retui/markdown.go:383.2,383.14 1 0
github.com/subhasundardass/retui/retui/markdown.go:390.18,391.20 1 0
github.com/subhasundardass/retui/retui/markdown.go:392.23,399.4 2 0
github.com/subhasundardass/retui/retui/markdown.go:400.25,406.4 1 0
github.com/subhasundardass/retui/retui/markdown.go:407.21,415.4 3 0
github.com/subhasundardass/retui/retui/markdown.go:416.24,423.4 2 0
github.com/subhasundardass/retui/retui/markdown.go:424.20,430.4 1 0
github.com/subhasundardass/retui/retui/markdown.go:431.20,432.54 1 0
github.com/subhasundardass/retui/retui/markdown.go:433.21,434.49 1 0
github.com/subhasundardass/retui/retui/markdown.go:435.10,436.28 1 0
github.com/subhasundardass/retui/retui/markdown.go:440.53,442.19 2 0
github.com/subhasundardass/retui/retui/markdown.go:442.19,444.3 1 0
github.com/subhasundardass/retui/retui/markdown.go:445.2,445.20 1 0
github.com/subhasundardass/retui/retui/markdown.go:446.9,447.19 1 0
github.com/subhasundardass/retui/retui/markdown.go:448.9,449.19 1 0
github.com/subhasundardass/retui/retui/markdown.go:451.2,451.15 1 0
github.com/subhasundardass/retui/retui/markdown.go:454.79,457.21 3 0
github.com/subhasundardass/retui/retui/markdown.go:457.21,459.3 1 0
github.com/subhasundardass/retui/retui/markdown.go:460.2,460.29 1 0
github.com/subhasundardass/retui/retui/markdown.go:460.29,465.3 1 0
github.com/subhasundardass/retui/retui/markdown.go:466.2,466.12 1 0
github.com/subhasundardass/retui/retui/markdown.go:473.18,475.33 2 0
github.com/subhasundardass/retui/retui/markdown.go:475.33,476.22 1 0
github.com/subhasundardass/retui/retui/markdown.go:476.22,478.4 1 0
github.com/subhasundardass/retui/retui/markdown.go:480.2,480.15 1 0
github.com/subhasundardass/retui/retui/markdown.go:480.15,482.3 1 0
github.com/subhasundardass/retui/retui/markdown.go:484.2,485.37 2 0
github.com/subhasundardass/retui/retui/markdown.go:485.37,487.3 1 0
github.com/subhasundardass/retui/retui/markdown.go:488.2,488.33 1 0
github.com/subhasundardass/retui/retui/markdown.go:488.33,489.28 1 0
github.com/subhasundardass/retui/retui/markdown.go:489.28,494.4 1 0
github.com/subhasundardass/retui/retui/markdown.go:497.2,514.33 4 0
github.com/subhasundardass/retui/retui/markdown.go:514.33,516.3 1 0
github.com/subhasundardass/retui/retui/markdown.go:517.2,517.12 1 0
github.com/subhasundardass/retui/retui/markdown.go:525.16,528.27 3 0
github.com/subhasundardass/retui/retui/markdown.go:528.27,530.21 2 0
github.com/subhasundardass/retui/retui/markdown.go:530.21,532.4 1 0
github.com/subhasundardass/retui/retui/markdown.go:533.3,536.24 4 0
github.com/subhasundardass/retui/retui/markdown.go:538.2,538.73 1 0
github.com/subhasundardass/retui/retui/markdown.go:541.50,544.27 3 0
github.com/subhasundardass/retui/retui/markdown.go:544.27,545.12 1 0
github.com/subhasundardass/retui/retui/markdown.go:545.12,547.4 1 0
github.com/subhasundardass/retui/retui/markdown.go:548.3,548.44 1 0
github.com/subhasundardass/retui/retui/markdown.go:550.2,551.19 2 0
github.com/subhasundardass/retui/retui/markdown.go:554.66,556.20 2 0
github.com/subhasundardass/retui/retui/markdown.go:556.20,557.35 1 0
github.com/subhasundardass/retui/retui/markdown.go:557.35,558.53 1 0
github.com/subhasundardass/retui/retui/markdown.go:558.53,569.13 4 0
github.com/subhasundardass/retui/retui/markdown.go:572.3,572.36 1 0
github.com/subhasundardass/retui/retui/markdown.go:572.36,573.54 1 0
github.com/subhasundardass/retui/retui/markdown.go:573.54,584.13 4 0
github.com/subhasundardass/retui/retui/markdown.go:587.3,587.36 1 0
github.com/subhasundardass/retui/retui/markdown.go:587.36,588.54 1 0
github.com/subhasundardass/retui/retui/markdown.go:588.54,595.13 4 0
github.com/subhasundardass/retui/retui/markdown.go:598.3,598.36 1 0
github.com/subhasundardass/retui/retui/markdown.go:598.36,599.54 1 0
github.com/subhasundardass/retui/retui/markdown.go:599.54,606.13 4 0
github.com/subhasundardass/retui/retui/markdown.go:609.3,609.35 1 0
github.com/subhasundardass/retui/retui/markdown.go:609.35,610.53 1 0
github.com/subhasundardass/retui/retui/markdown.go:610.53,617.13 4 0
github.com/subhasundardass/retui/retui/markdown.go:620.3,620.35 1 0
github.com/subhasundardass/retui/retui/markdown.go:620.35,621.53 1 0
github.com/subhasundardass/retui/retui/markdown.go:621.53,628.13 4 0
github.com/subhasundardass/retui/retui/markdown.go:631.3,631.35 1 0
github.com/subhasundardass/retui/retui/markdown.go:631.35,632.59 1 0
github.com/subhasundardass/retui/retui/markdown.go:632.59,635.13 3 0
github.com/subhasundardass/retui/retui/markdown.go:639.3,641.21 3 0
github.com/subhasundardass/retui/retui/markdown.go:643.2,643.14 1 0
github.com/subhasundardass/retui/retui/markdown.go:646.78,649.29 2 0
github.com/subhasundardass/retui/retui/markdown.go:649.29,651.3 1 0
github.com/subhasundardass/retui/retui/markdown.go:652.2,653.18 2 0
github.com/subhasundardass/retui/retui/markdown.go:653.18,655.3 1 0
github.com/subhasundardass/retui/retui/markdown.go:656.2,659.34 4 0
github.com/subhasundardass/retui/retui/markdown.go:659.34,661.3 1 0
github.com/subhasundardass/retui/retui/markdown.go:662.2,665.39 1 0
github.com/subhasundardass/retui/retui/markdown.go:668.45,670.72 2 0
github.com/subhasundardass/retui/retui/markdown.go:670.72,671.71 1 0
github.com/subhasundardass/retui/retui/markdown.go:671.71,673.4 1 0
github.com/subhasundardass/retui/retui/markdown.go:675.2,675.15 1 0
github.com/subhasundardass/retui/retui/markdown.go:675.15,677.3 1 0
github.com/subhasundardass/retui/retui/markdown.go:678.2,678.13 1 0
github.com/subhasundardass/retui/retui/markdown.go:681.46,684.29 3 0
github.com/subhasundardass/retui/retui/markdown.go:684.29,686.3 1 0
github.com/subhasundardass/retui/retui/markdown.go:687.2,687.19 1 0
github.com/subhasundardass/retui/retui/markdown.go:694.18,695.16 1 0
github.com/subhasundardass/retui/retui/markdown.go:695.16,697.3 1 0
github.com/subhasundardass/retui/retui/markdown.go:699.2,707.29 8 0
github.com/subhasundardass/retui/retui/markdown.go:707.29,709.30 2 0
github.com/subhasundardass/retui/retui/markdown.go:709.30,712.52 2 0
github.com/subhasundardass/retui/retui/markdown.go:712.52,716.5 3 0
github.com/subhasundardass/retui/retui/markdown.go:717.4,717.53 1 0
github.com/subhasundardass/retui/retui/markdown.go:717.53,719.23 2 0
github.com/subhasundardass/retui/retui/markdown.go:719.23,724.6 4 0
github.com/subhasundardass/retui/retui/markdown.go:725.5,732.22 8 0
github.com/subhasundardass/retui/retui/markdown.go:734.4,736.21 3 0
github.com/subhasundardass/retui/retui/markdown.go:736.21,738.5 1 0
github.com/subhasundardass/retui/retui/markdown.go:742.2,743.12 2 0
github.com/subhasundardass/retui/retui/markdown.go:746.59,749.30 3 0
github.com/subhasundardass/retui/retui/markdown.go:749.30,751.25 2 0
github.com/subhasundardass/retui/retui/markdown.go:751.25,752.24 1 0
github.com/subhasundardass/retui/retui/markdown.go:752.24,755.5 2 0
github.com/subhasundardass/retui/retui/markdown.go:756.4,757.37 1 0
github.com/subhasundardass/retui/retui/markdown.go:757.37,759.5 1 0
github.com/subhasundardass/retui/retui/markdown.go:760.4,760.12 1 0
github.com/subhasundardass/retui/retui/markdown.go:762.3,762.34 1 0
github.com/subhasundardass/retui/retui/markdown.go:764.2,764.22 1 0
github.com/subhasundardass/retui/retui/markdown.go:764.22,766.3 1 0
github.com/subhasundardass/retui/retui/markdown.go:767.2,767.14 1 0
github.com/subhasundardass/retui/retui/markdown.go:773.32,774.16 1 0
github.com/subhasundardass/retui/retui/markdown.go:774.16,776.3 1 0
github.com/subhasundardass/retui/retui/markdown.go:777.2,778.28 2 0
github.com/subhasundardass/retui/retui/markdown.go:778.28,780.21 2 0
github.com/subhasundardass/retui/retui/markdown.go:780.21,782.4 1 0
github.com/subhasundardass/retui/retui/markdown.go:783.3,783.12 1 0
github.com/subhasundardass/retui/retui/markdown.go:785.2,785.18 1 0
github.com/subhasundardass/retui/retui/markdown.go:788.60,790.38 2 0
github.com/subhasundardass/retui/retui/markdown.go:790.38,792.3 1 0
github.com/subhasundardass/retui/retui/markdown.go:793.2,793.19 1 0
github.com/subhasundardass/retui/retui/markdown.go:796.62,798.25 2 0
github.com/subhasundardass/retui/retui/markdown.go:798.25,800.3 1 0
github.com/subhasundardass/retui/retui/markdown.go:801.2,801.13 1 0
github.com/subhasundardass/retui/retui/markdown.go:804.51,806.28 2 0
github.com/subhasundardass/retui/retui/markdown.go:806.28,808.3 1 0
github.com/subhasundardass/retui/retui/markdown.go:809.2,809.14 1 0
github.com/subhasundardass/retui/retui/markdown.go:812.39,814.25 2 0
github.com/subhasundardass/retui/retui/markdown.go:814.25,816.3 1 0
github.com/subhasundardass/retui/retui/markdown.go:817.2,817.14 1 0
github.com/subhasundardass/retui/retui/markdown.go:820.58,821.16 1 0
github.com/subhasundardass/retui/retui/markdown.go:821.16,823.3 1 0
github.com/subhasundardass/retui/retui/markdown.go:824.2,826.25 3 0
github.com/subhasundardass/retui/retui/markdown.go:826.25,828.21 2 0
github.com/subhasundardass/retui/retui/markdown.go:828.21,829.9 1 0
github.com/subhasundardass/retui/retui/markdown.go:831.3,832.12 2 0
github.com/subhasundardass/retui/retui/markdown.go:834.2,834.19 1 0
github.com/subhasundardass/retui/retui/navigation.go:42.53,52.2 2 1
github.com/subhasundardass/retui/retui/navigation.go:63.72,74.2 5 0
github.com/subhasundardass/retui/retui/navigation.go:77.47,81.41 3 0
github.com/subhasundardass/retui/retui/navigation.go:81.41,82.26 1 0
github.com/subhasundardass/retui/retui/navigation.go:82.26,86.4 3 0
github.com/subhasundardass/retui/retui/navigation.go:89.2,89.23 1 0
github.com/subhasundardass/retui/retui/navigation.go:89.23,91.3 1 0
github.com/subhasundardass/retui/retui/navigation.go:93.2,93.25 1 0
github.com/subhasundardass/retui/retui/navigation.go:99.42,103.23 3 0
github.com/subhasundardass/retui/retui/navigation.go:103.23,105.3 1 0
github.com/subhasundardass/retui/retui/navigation.go:107.2,110.25 3 0
github.com/subhasundardass/retui/retui/navigation.go:116.75,125.23 4 0
github.com/subhasundardass/retui/retui/navigation.go:125.23,127.3 1 0
github.com/subhasundardass/retui/retui/navigation.go:127.8,129.3 1 0
github.com/subhasundardass/retui/retui/navigation.go:131.2,131.23 1 0
github.com/subhasundardass/retui/retui/navigation.go:135.40,139.23 3 0
github.com/subhasundardass/retui/retui/navigation.go:139.23,141.3 1 0
github.com/subhasundardass/retui/retui/navigation.go:143.2,143.25 1 0
github.com/subhasundardass/retui/retui/navigation.go:149.52,153.23 3 0
github.com/subhasundardass/retui/retui/navigation.go:153.23,155.3 1 0
github.com/subhasundardass/retui/retui/navigation.go:157.2,157.29 1 0
github.com/subhasundardass/retui/retui/navigation.go:163.40,169.32 4 0
github.com/subhasundardass/retui/retui/navigation.go:169.32,171.3 1 0
github.com/subhasundardass/retui/retui/navigation.go:173.2,173.11 1 0
github.com/subhasundardass/retui/retui/navigation.go:177.34,182.2 3 0
github.com/subhasundardass/retui/retui/navigation.go:185.37,190.2 3 0
github.com/subhasundardass/retui/retui/navigation.go:193.50,203.2 5 0
github.com/subhasundardass/retui/retui/navigation.go:206.38,211.2 3 0
github.com/subhasundardass/retui/retui/navigation.go:216.31,222.2 4 0
github.com/subhasundardass/retui/retui/navigation.go:227.34,229.2 1 0
github.com/subhasundardass/retui/retui/navigation.go:242.52,245.21 2 0
github.com/subhasundardass/retui/retui/navigation.go:245.21,247.3 1 0
github.com/subhasundardass/retui/retui/navigation.go:249.2,250.19 2 0
github.com/subhasundardass/retui/retui/navigation.go:254.25,258.19 3 0
github.com/subhasundardass/retui/retui/navigation.go:258.19,260.3 1 0
github.com/subhasundardass/retui/retui/navigation.go:262.2,262.12 1 0
github.com/subhasundardass/retui/retui/navigation.go:266.30,270.19 3 0
github.com/subhasundardass/retui/retui/navigation.go:270.19,272.3 1 0
github.com/subhasundardass/retui/retui/navigation.go:274.2,274.12 1 0
github.com/subhasundardass/retui/retui/navigation.go:278.55,281.21 2 0
github.com/subhasundardass/retui/retui/navigation.go:281.21,283.3 1 0
github.com/subhasundardass/retui/retui/navigation.go:285.2,286.19 2 0
github.com/subhasundardass/retui/retui/navigation.go:290.38,293.2 2 0
github.com/subhasundardass/retui/retui/navigation.go:296.29,298.2 1 0
github.com/subhasundardass/retui/retui/navigation.go:309.41,311.2 1 0
github.com/subhasundardass/retui/retui/navigation.go:314.37,316.2 1 0
github.com/subhasundardass/retui/retui/navigation.go:319.28,321.2 1 0
github.com/subhasundardass/retui/retui/navigation.go:324.26,326.2 1 0
github.com/subhasundardass/retui/retui/navigation.go:328.24,331.2 2 0
github.com/subhasundardass/retui/retui/node.go:299.36,300.21 1 0
github.com/subhasundardass/retui/retui/node.go:300.21,302.3 1 0
github.com/subhasundardass/retui/retui/node.go:303.2,303.22 1 0
github.com/subhasundardass/retui/retui/node.go:321.23,328.2 1 0
github.com/subhasundardass/retui/retui/overlay.go:15.29,18.47 3 0
github.com/subhasundardass/retui/retui/overlay.go:18.47,19.21 1 0
github.com/subhasundardass/retui/retui/overlay.go:19.21,21.4 1 0
github.com/subhasundardass/retui/retui/overlay.go:23.2,23.55 1 0
github.com/subhasundardass/retui/retui/overlay.go:26.30,29.47 3 0
github.com/subhasundardass/retui/retui/overlay.go:29.47,30.21 1 0
github.com/subhasundardass/retui/retui/overlay.go:30.21,33.4 2 0
github.com/subhasundardass/retui/retui/overlay.go:36.26,39.35 3 0
github.com/subhasundardass/retui/retui/overlay.go:39.35,41.3 1 0
github.com/subhasundardass/retui/retui/overlay.go:42.2,42.56 1 0
github.com/subhasundardass/retui/retui/overlay.go:45.24,48.34 3 0
github.com/subhasundardass/retui/retui/overlay.go:48.34,50.3 1 0
github.com/subhasundardass/retui/retui/overlay.go:53.30,57.2 3 0
github.com/subhasundardass/retui/retui/overlay.go:59.79,63.2 3 0
github.com/subhasundardass/retui/retui/overlay.go:65.22,69.2 3 0
github.com/subhasundardass/retui/retui/renderer.go:23.37,25.2 1 0
github.com/subhasundardass/retui/retui/renderer.go:35.55,37.37 2 0
github.com/subhasundardass/retui/retui/renderer.go:37.37,39.3 1 0
github.com/subhasundardass/retui/retui/renderer.go:40.2,40.12 1 0
github.com/subhasundardass/retui/retui/renderer.go:57.51,58.19 1 0
github.com/subhasundardass/retui/retui/renderer.go:58.19,60.3 1 0
github.com/subhasundardass/retui/retui/renderer.go:62.2,63.21 2 0
github.com/subhasundardass/retui/retui/renderer.go:63.21,65.3 1 0
github.com/subhasundardass/retui/retui/renderer.go:67.2,71.29 4 0
github.com/subhasundardass/retui/retui/renderer.go:71.29,74.21 2 0
github.com/subhasundardass/retui/retui/renderer.go:74.21,76.29 1 0
github.com/subhasundardass/retui/retui/renderer.go:76.29,83.5 6 0
github.com/subhasundardass/retui/retui/renderer.go:84.4,85.25 2 0
github.com/subhasundardass/retui/retui/renderer.go:86.9,86.47 1 0
github.com/subhasundardass/retui/retui/renderer.go:86.47,91.4 3 0
github.com/subhasundardass/retui/retui/renderer.go:91.9,98.29 3 0
github.com/subhasundardass/retui/retui/renderer.go:98.29,105.5 6 0
github.com/subhasundardass/retui/retui/renderer.go:106.4,107.25 2 0
github.com/subhasundardass/retui/retui/renderer.go:112.2,113.14 2 0
github.com/subhasundardass/retui/retui/renderer.go:118.38,120.25 2 0
github.com/subhasundardass/retui/retui/renderer.go:120.25,122.3 1 0
github.com/subhasundardass/retui/retui/renderer.go:123.2,123.14 1 0
github.com/subhasundardass/retui/retui/renderer.go:128.79,130.58 2 0
github.com/subhasundardass/retui/retui/renderer.go:130.58,133.3 2 0
github.com/subhasundardass/retui/retui/renderer.go:154.53,155.19 1 1
github.com/subhasundardass/retui/retui/renderer.go:155.19,156.38 1 0
github.com/subhasundardass/retui/retui/renderer.go:158.2,158.43 1 1
github.com/subhasundardass/retui/retui/renderer.go:188.50,200.24 5 0
github.com/subhasundardass/retui/retui/renderer.go:200.24,202.3 1 0
github.com/subhasundardass/retui/retui/renderer.go:207.2,209.67 3 0
github.com/subhasundardass/retui/retui/renderer.go:209.67,211.3 1 0
github.com/subhasundardass/retui/retui/renderer.go:212.2,212.68 1 0
github.com/subhasundardass/retui/retui/renderer.go:212.68,214.3 1 0
github.com/subhasundardass/retui/retui/renderer.go:217.2,224.32 4 0
github.com/subhasundardass/retui/retui/renderer.go:224.32,227.3 2 0
github.com/subhasundardass/retui/retui/renderer.go:229.2,241.29 5 0
github.com/subhasundardass/retui/retui/renderer.go:241.29,243.3 1 0
github.com/subhasundardass/retui/retui/renderer.go:247.2,247.29 1 0
github.com/subhasundardass/retui/retui/renderer.go:256.40,257.35 1 0
github.com/subhasundardass/retui/retui/renderer.go:257.35,259.3 1 0
github.com/subhasundardass/retui/retui/renderer.go:260.2,260.37 1 0
github.com/subhasundardass/retui/retui/renderer.go:260.37,261.21 1 0
github.com/subhasundardass/retui/retui/renderer.go:261.21,263.4 1 0
github.com/subhasundardass/retui/retui/renderer.go:265.2,265.14 1 0
github.com/subhasundardass/retui/retui/renderer.go:288.67,289.27 1 0
github.com/subhasundardass/retui/retui/renderer.go:289.27,291.3 1 0
github.com/subhasundardass/retui/retui/renderer.go:294.2,299.36 5 0
github.com/subhasundardass/retui/retui/renderer.go:299.36,303.30 3 0
github.com/subhasundardass/retui/retui/renderer.go:303.30,310.4 2 0
github.com/subhasundardass/retui/retui/renderer.go:312.3,312.27 1 0
github.com/subhasundardass/retui/retui/renderer.go:312.27,314.4 1 0
github.com/subhasundardass/retui/retui/renderer.go:317.3,318.32 2 0
github.com/subhasundardass/retui/retui/renderer.go:318.32,320.4 1 0
github.com/subhasundardass/retui/retui/renderer.go:321.3,322.11 2 0
github.com/subhasundardass/retui/retui/renderer.go:325.2,325.25 1 0
github.com/subhasundardass/retui/retui/renderer.go:354.51,360.11 4 0
github.com/subhasundardass/retui/retui/renderer.go:360.11,362.3 1 0
github.com/subhasundardass/retui/retui/renderer.go:363.2,363.13 1 0
github.com/subhasundardass/retui/retui/renderer.go:363.13,365.3 1 0
github.com/subhasundardass/retui/retui/renderer.go:366.2,366.14 1 0
github.com/subhasundardass/retui/retui/renderer.go:366.14,368.3 1 0
github.com/subhasundardass/retui/retui/renderer.go:369.2,369.12 1 0
github.com/subhasundardass/retui/retui/renderer.go:369.12,371.3 1 0
github.com/subhasundardass/retui/retui/renderer.go:373.2,394.22 2 0
github.com/subhasundardass/retui/retui/renderer.go:395.22,399.28 2 0
github.com/subhasundardass/retui/retui/renderer.go:401.19,405.28 3 0
github.com/subhasundardass/retui/retui/renderer.go:407.28,408.19 1 0
github.com/subhasundardass/retui/retui/renderer.go:408.19,413.35 4 0
github.com/subhasundardass/retui/retui/renderer.go:413.35,414.19 1 0
github.com/subhasundardass/retui/retui/renderer.go:414.19,416.6 1 0
github.com/subhasundardass/retui/retui/renderer.go:417.5,417.42 1 0
github.com/subhasundardass/retui/retui/renderer.go:419.9,423.31 3 0
github.com/subhasundardass/retui/retui/renderer.go:423.31,425.19 2 0
github.com/subhasundardass/retui/retui/renderer.go:425.19,427.6 1 0
github.com/subhasundardass/retui/retui/renderer.go:429.4,430.38 2 0
github.com/subhasundardass/retui/retui/renderer.go:433.23,439.34 5 0
github.com/subhasundardass/retui/retui/renderer.go:439.34,440.40 1 0
github.com/subhasundardass/retui/retui/renderer.go:440.40,442.5 1 0
github.com/subhasundardass/retui/retui/renderer.go:443.4,444.21 2 0
github.com/subhasundardass/retui/retui/renderer.go:447.3,448.38 2 0
github.com/subhasundardass/retui/retui/renderer.go:448.38,450.4 1 0
github.com/subhasundardass/retui/retui/renderer.go:454.2,454.41 1 0
github.com/subhasundardass/retui/retui/renderer.go:454.41,456.3 1 0
github.com/subhasundardass/retui/retui/renderer.go:457.2,457.10 1 0
github.com/subhasundardass/retui/retui/renderer.go:483.129,490.22 4 0
github.com/subhasundardass/retui/retui/renderer.go:491.22,493.88 1 0
github.com/subhasundardass/retui/retui/renderer.go:495.18,497.47 1 0
github.com/subhasundardass/retui/retui/renderer.go:497.47,498.49 1 0
github.com/subhasundardass/retui/retui/renderer.go:498.49,499.27 1 0
github.com/subhasundardass/retui/retui/renderer.go:499.27,501.6 1 0
github.com/subhasundardass/retui/retui/renderer.go:504.3,504.67 1 0
github.com/subhasundardass/retui/retui/renderer.go:506.19,509.35 2 0
github.com/subhasundardass/retui/retui/renderer.go:509.35,510.30 1 0
github.com/subhasundardass/retui/retui/renderer.go:510.30,511.10 1 0
github.com/subhasundardass/retui/retui/renderer.go:513.4,513.31 1 0
github.com/subhasundardass/retui/retui/renderer.go:513.31,515.5 1 0
github.com/subhasundardass/retui/retui/renderer.go:516.4,516.22 1 0
github.com/subhasundardass/retui/retui/renderer.go:519.28,522.19 2 0
github.com/subhasundardass/retui/retui/renderer.go:522.19,524.4 1 0
github.com/subhasundardass/retui/retui/renderer.go:524.9,526.4 1 0
github.com/subhasundardass/retui/retui/renderer.go:527.3,527.30 1 0
github.com/subhasundardass/retui/retui/renderer.go:527.30,529.31 2 0
github.com/subhasundardass/retui/retui/renderer.go:529.31,530.10 1 0
github.com/subhasundardass/retui/retui/renderer.go:532.4,533.28 2 0
github.com/subhasundardass/retui/retui/renderer.go:533.28,534.31 1 0
github.com/subhasundardass/retui/retui/renderer.go:534.31,535.11 1 0
github.com/subhasundardass/retui/retui/renderer.go:537.5,537.27 1 0
github.com/subhasundardass/retui/retui/renderer.go:537.27,539.6 1 0
github.com/subhasundardass/retui/retui/renderer.go:540.5,540.23 1 0
github.com/subhasundardass/retui/retui/renderer.go:544.23,547.51 2 0
github.com/subhasundardass/retui/retui/renderer.go:547.51,549.4 1 0
github.com/subhasundardass/retui/retui/renderer.go:550.3,550.30 1 0
github.com/subhasundardass/retui/retui/renderer.go:550.30,552.31 2 0
github.com/subhasundardass/retui/retui/renderer.go:552.31,553.10 1 0
github.com/subhasundardass/retui/retui/renderer.go:555.4,556.30 2 0
github.com/subhasundardass/retui/retui/renderer.go:556.30,557.31 1 0
github.com/subhasundardass/retui/retui/renderer.go:557.31,558.11 1 0
github.com/subhasundardass/retui/retui/renderer.go:560.5,560.27 1 0
github.com/subhasundardass/retui/retui/renderer.go:560.27,563.6 2 0
github.com/subhasundardass/retui/retui/renderer.go:564.5,564.27 1 0
github.com/subhasundardass/retui/retui/renderer.go:573.2,574.48 2 0
github.com/subhasundardass/retui/retui/renderer.go:574.48,576.3 1 0
github.com/subhasundardass/retui/retui/renderer.go:580.2,580.36 1 0
github.com/subhasundardass/retui/retui/renderer.go:580.36,581.42 1 0
github.com/subhasundardass/retui/retui/renderer.go:581.42,583.4 1 0
github.com/subhasundardass/retui/retui/renderer.go:584.8,588.3 1 0
github.com/subhasundardass/retui/retui/renderer.go:589.2,589.12 1 0
github.com/subhasundardass/retui/retui/renderer.go:597.46,598.41 1 0
github.com/subhasundardass/retui/retui/renderer.go:598.41,601.3 2 0
github.com/subhasundardass/retui/retui/renderer.go:602.2,602.12 1 0
github.com/subhasundardass/retui/retui/renderer.go:622.79,623.32 1 0
github.com/subhasundardass/retui/retui/renderer.go:623.32,625.3 1 0
github.com/subhasundardass/retui/retui/renderer.go:628.2,648.14 6 0
github.com/subhasundardass/retui/retui/renderer.go:648.14,650.3 1 0
github.com/subhasundardass/retui/retui/renderer.go:651.2,651.14 1 0
github.com/subhasundardass/retui/retui/renderer.go:651.14,653.3 1 0
github.com/subhasundardass/retui/retui/renderer.go:654.2,654.21 1 0
github.com/subhasundardass/retui/retui/renderer.go:654.21,656.3 1 0
github.com/subhasundardass/retui/retui/renderer.go:657.2,657.21 1 0
github.com/subhasundardass/retui/retui/renderer.go:657.21,659.3 1 0
github.com/subhasundardass/retui/retui/renderer.go:661.2,678.35 6 0
github.com/subhasundardass/retui/retui/renderer.go:678.35,680.3 1 0
github.com/subhasundardass/retui/retui/renderer.go:695.78,696.53 1 0
github.com/subhasundardass/retui/retui/renderer.go:696.53,698.3 1 0
github.com/subhasundardass/retui/retui/renderer.go:700.2,701.31 2 0
github.com/subhasundardass/retui/retui/renderer.go:701.31,703.3 1 0
github.com/subhasundardass/retui/retui/renderer.go:704.2,711.41 4 0
github.com/subhasundardass/retui/retui/renderer.go:711.41,712.25 1 0
github.com/subhasundardass/retui/retui/renderer.go:712.25,714.4 1 0
github.com/subhasundardass/retui/retui/renderer.go:718.2,718.11 1 0
github.com/subhasundardass/retui/retui/renderer.go:718.11,720.32 1 0
github.com/subhasundardass/retui/retui/renderer.go:720.32,722.4 1 0
github.com/subhasundardass/retui/retui/renderer.go:725.3,725.43 1 0
github.com/subhasundardass/retui/retui/renderer.go:725.43,727.18 2 0
github.com/subhasundardass/retui/retui/renderer.go:727.18,732.28 3 0
github.com/subhasundardass/retui/retui/renderer.go:732.28,734.6 1 0
github.com/subhasundardass/retui/retui/renderer.go:736.5,739.26 3 0
github.com/subhasundardass/retui/retui/renderer.go:740.21,741.30 1 0
github.com/subhasundardass/retui/retui/renderer.go:743.19,744.39 1 0
github.com/subhasundardass/retui/retui/renderer.go:746.22,747.17 1 0
github.com/subhasundardass/retui/retui/renderer.go:748.13,749.44 1 0
github.com/subhasundardass/retui/retui/renderer.go:753.5,756.25 3 0
github.com/subhasundardass/retui/retui/renderer.go:756.25,758.6 1 0
github.com/subhasundardass/retui/retui/renderer.go:759.5,759.25 1 0
github.com/subhasundardass/retui/retui/renderer.go:759.25,761.6 1 0
github.com/subhasundardass/retui/retui/renderer.go:763.5,765.29 2 0
github.com/subhasundardass/retui/retui/renderer.go:765.29,767.6 1 0
github.com/subhasundardass/retui/retui/renderer.go:773.2,773.26 1 0
github.com/subhasundardass/retui/retui/renderer.go:773.26,774.32 1 0
github.com/subhasundardass/retui/retui/renderer.go:774.32,776.4 1 0
github.com/subhasundardass/retui/retui/renderer.go:780.2,780.12 1 0
github.com/subhasundardass/retui/retui/renderer.go:780.12,781.32 1 0
github.com/subhasundardass/retui/retui/renderer.go:781.32,783.4 1 0
github.com/subhasundardass/retui/retui/renderer.go:787.2,787.25 1 0
github.com/subhasundardass/retui/retui/renderer.go:787.25,788.32 1 0
github.com/subhasundardass/retui/retui/renderer.go:788.32,790.4 1 0
github.com/subhasundardass/retui/retui/renderer.go:794.2,794.71 1 0
github.com/subhasundardass/retui/retui/renderer.go:794.71,796.3 1 0
github.com/subhasundardass/retui/retui/renderer.go:797.2,797.74 1 0
github.com/subhasundardass/retui/retui/renderer.go:797.74,799.3 1 0
github.com/subhasundardass/retui/retui/renderer.go:800.2,800.80 1 0
github.com/subhasundardass/retui/retui/renderer.go:800.80,802.3 1 0
github.com/subhasundardass/retui/retui/renderer.go:803.2,803.83 1 0
github.com/subhasundardass/retui/retui/renderer.go:803.83,805.3 1 0
github.com/subhasundardass/retui/retui/renderer.go:814.71,815.9 1 0
github.com/subhasundardass/retui/retui/renderer.go:816.20,817.20 1 0
github.com/subhasundardass/retui/retui/renderer.go:818.12,819.15 1 0
github.com/subhasundardass/retui/retui/renderer.go:820.12,821.15 1 0
github.com/subhasundardass/retui/retui/renderer.go:822.10,823.11 1 0
github.com/subhasundardass/retui/retui/renderer.go:835.39,837.2 1 0
github.com/subhasundardass/retui/retui/renderer.go:843.36,846.13 3 0
github.com/subhasundardass/retui/retui/renderer.go:846.13,848.3 1 0
github.com/subhasundardass/retui/retui/renderer.go:849.2,849.13 1 0
github.com/subhasundardass/retui/retui/renderer.go:849.13,851.3 1 0
github.com/subhasundardass/retui/retui/renderer.go:852.2,852.60 1 0
github.com/subhasundardass/retui/retui/renderer.go:857.27,858.11 1 0
github.com/subhasundardass/retui/retui/renderer.go:858.11,860.3 1 0
github.com/subhasundardass/retui/retui/renderer.go:861.2,861.10 1 0
github.com/subhasundardass/retui/retui/resize_unix.go:11.47,14.24 3 0
github.com/subhasundardass/retui/retui/resize_unix.go:14.24,14.47 1 0
github.com/subhasundardass/retui/retui/runtime.go:72.37,80.48 3 0
github.com/subhasundardass/retui/retui/runtime.go:80.48,82.3 1 0
github.com/subhasundardass/retui/retui/runtime.go:82.8,84.3 1 0
github.com/subhasundardass/retui/retui/runtime.go:86.2,92.3 2 0
github.com/subhasundardass/retui/retui/runtime.go:152.13,153.9 1 0
github.com/subhasundardass/retui/retui/runtime.go:154.28,154.28 0 0
github.com/subhasundardass/retui/retui/runtime.go:155.10,155.10 0 0
github.com/subhasundardass/retui/retui/runtime.go:237.62,248.24 5 0
github.com/subhasundardass/retui/retui/runtime.go:248.24,249.22 1 0
github.com/subhasundardass/retui/retui/runtime.go:249.22,249.37 1 0
github.com/subhasundardass/retui/retui/runtime.go:256.2,262.12 4 0
github.com/subhasundardass/retui/retui/runtime.go:262.12,264.7 2 0
github.com/subhasundardass/retui/retui/runtime.go:264.7,267.11 3 0
github.com/subhasundardass/retui/retui/runtime.go:268.26,268.26 0 0
github.com/subhasundardass/retui/retui/runtime.go:270.16,272.11 1 0
github.com/subhasundardass/retui/retui/runtime.go:273.12,273.12 0 0
github.com/subhasundardass/retui/retui/runtime.go:281.2,281.12 1 0
github.com/subhasundardass/retui/retui/runtime.go:281.12,284.7 3 0
github.com/subhasundardass/retui/retui/runtime.go:284.7,286.18 2 0
github.com/subhasundardass/retui/retui/runtime.go:286.18,290.5 2 0
github.com/subhasundardass/retui/retui/runtime.go:291.4,291.46 1 0
github.com/subhasundardass/retui/retui/runtime.go:291.46,292.29 1 0
github.com/subhasundardass/retui/retui/runtime.go:292.29,296.6 2 0
github.com/subhasundardass/retui/retui/runtime.go:297.5,297.16 1 0
github.com/subhasundardass/retui/retui/runtime.go:303.2,306.6 2 0
github.com/subhasundardass/retui/retui/runtime.go:306.6,307.10 1 0
github.com/subhasundardass/retui/retui/runtime.go:308.15,310.10 1 0
github.com/subhasundardass/retui/retui/runtime.go:312.17,314.17 1 0
github.com/subhasundardass/retui/retui/runtime.go:316.22,321.39 2 0
github.com/subhasundardass/retui/retui/runtime.go:321.39,322.33 1 0
github.com/subhasundardass/retui/retui/runtime.go:322.33,324.6 1 0
github.com/subhasundardass/retui/retui/runtime.go:325.5,326.10 2 0
github.com/subhasundardass/retui/retui/runtime.go:330.4,334.32 3 0
github.com/subhasundardass/retui/retui/runtime.go:334.32,336.5 1 0
github.com/subhasundardass/retui/retui/runtime.go:339.4,339.16 1 0
github.com/subhasundardass/retui/retui/runtime.go:339.16,341.5 1 0
github.com/subhasundardass/retui/retui/runtime.go:343.4,343.23 1 0
github.com/subhasundardass/retui/retui/runtime.go:345.27,348.23 2 0
github.com/subhasundardass/retui/retui/runtime.go:350.17,354.23 3 0
github.com/subhasundardass/retui/retui/runtime.go:392.65,405.15 7 0
github.com/subhasundardass/retui/retui/runtime.go:405.15,408.3 1 0
github.com/subhasundardass/retui/retui/runtime.go:409.2,410.27 2 0
github.com/subhasundardass/retui/retui/runtime.go:410.27,414.3 2 0
github.com/subhasundardass/retui/retui/runtime.go:419.2,424.27 5 0
github.com/subhasundardass/retui/retui/runtime.go:424.27,426.3 1 0
github.com/subhasundardass/retui/retui/runtime.go:428.2,438.19 5 0
github.com/subhasundardass/retui/retui/runtime.go:438.19,443.28 5 0
github.com/subhasundardass/retui/retui/runtime.go:443.28,445.4 1 0
github.com/subhasundardass/retui/retui/runtime.go:446.3,447.19 2 0
github.com/subhasundardass/retui/retui/screen.go:110.58,119.2 4 1
github.com/subhasundardass/retui/retui/screen.go:129.32,131.94 2 1
github.com/subhasundardass/retui/retui/screen.go:131.94,133.3 1 0
github.com/subhasundardass/retui/retui/screen.go:134.2,134.35 1 1
github.com/subhasundardass/retui/retui/screen.go:145.29,146.29 1 1
github.com/subhasundardass/retui/retui/screen.go:146.29,148.3 1 1
github.com/subhasundardass/retui/retui/screen.go:149.2,149.21 1 1
github.com/subhasundardass/retui/retui/screen.go:153.31,156.2 2 1
github.com/subhasundardass/retui/retui/screen.go:159.43,161.22 2 2
github.com/subhasundardass/retui/retui/screen.go:161.22,163.3 1 48
github.com/subhasundardass/retui/retui/screen.go:164.2,164.13 1 2
github.com/subhasundardass/retui/retui/screen.go:182.26,184.69 1 0
github.com/subhasundardass/retui/retui/screen.go:184.69,186.3 1 0
github.com/subhasundardass/retui/retui/screen.go:188.2,189.16 2 0
github.com/subhasundardass/retui/retui/screen.go:189.16,191.3 1 0
github.com/subhasundardass/retui/retui/screen.go:194.2,194.94 1 0
github.com/subhasundardass/retui/retui/screen.go:194.94,199.42 4 0
github.com/subhasundardass/retui/retui/screen.go:199.42,204.4 4 0
github.com/subhasundardass/retui/retui/screen.go:205.3,205.16 1 0
github.com/subhasundardass/retui/retui/screen.go:208.2,211.41 3 0
github.com/subhasundardass/retui/retui/screen.go:221.25,225.23 4 0
github.com/subhasundardass/retui/retui/screen.go:225.23,226.70 1 0
github.com/subhasundardass/retui/retui/screen.go:226.70,228.4 1 0
github.com/subhasundardass/retui/retui/screen.go:237.30,237.48 1 0
github.com/subhasundardass/retui/retui/screen.go:240.31,240.50 1 0
github.com/subhasundardass/retui/retui/screen.go:250.33,252.42 2 0
github.com/subhasundardass/retui/retui/screen.go:252.42,254.3 1 0
github.com/subhasundardass/retui/retui/screen.go:256.2,268.23 11 0
github.com/subhasundardass/retui/retui/screen.go:277.44,285.2 7 0
github.com/subhasundardass/retui/retui/screen.go:304.61,305.53 1 0
github.com/subhasundardass/retui/retui/screen.go:305.53,307.3 1 0
github.com/subhasundardass/retui/retui/screen.go:309.2,312.27 3 0
github.com/subhasundardass/retui/retui/screen.go:312.27,314.3 1 0
github.com/subhasundardass/retui/retui/screen.go:316.2,320.27 3 0
github.com/subhasundardass/retui/retui/screen.go:320.27,322.34 2 0
github.com/subhasundardass/retui/retui/screen.go:322.34,325.4 2 0
github.com/subhasundardass/retui/retui/screen.go:334.41,335.53 1 0
github.com/subhasundardass/retui/retui/screen.go:335.53,337.3 1 0
github.com/subhasundardass/retui/retui/screen.go:338.2,338.22 1 0
github.com/subhasundardass/retui/retui/screen.go:346.26,347.32 1 0
github.com/subhasundardass/retui/retui/screen.go:347.32,348.32 1 0
github.com/subhasundardass/retui/retui/screen.go:348.32,349.30 1 0
github.com/subhasundardass/retui/retui/screen.go:349.30,350.13 1 0
github.com/subhasundardass/retui/retui/screen.go:352.4,353.21 2 0
github.com/subhasundardass/retui/retui/screen.go:389.87,399.2 3 0
github.com/subhasundardass/retui/retui/screen.go:413.63,414.43 1 0
github.com/subhasundardass/retui/retui/screen.go:414.43,416.41 2 0
github.com/subhasundardass/retui/retui/screen.go:416.41,417.12 1 0
github.com/subhasundardass/retui/retui/screen.go:419.3,419.43 1 0
github.com/subhasundardass/retui/retui/screen.go:419.43,421.41 2 0
github.com/subhasundardass/retui/retui/screen.go:421.41,422.13 1 0
github.com/subhasundardass/retui/retui/screen.go:424.4,425.41 2 0
github.com/subhasundardass/retui/retui/screen.go:425.41,426.13 1 0
github.com/subhasundardass/retui/retui/screen.go:428.4,429.27 2 0
github.com/subhasundardass/retui/retui/screen.go:447.26,448.37 1 0
github.com/subhasundardass/retui/retui/screen.go:448.37,450.3 1 0
github.com/subhasundardass/retui/retui/screen.go:452.2,458.50 5 0
github.com/subhasundardass/retui/retui/screen.go:458.50,459.22 1 0
github.com/subhasundardass/retui/retui/screen.go:459.22,460.12 1 0
github.com/subhasundardass/retui/retui/screen.go:463.3,464.40 2 0
github.com/subhasundardass/retui/retui/screen.go:464.40,465.12 1 0
github.com/subhasundardass/retui/retui/screen.go:468.3,468.32 1 0
github.com/subhasundardass/retui/retui/screen.go:468.32,470.28 2 0
github.com/subhasundardass/retui/retui/screen.go:470.28,471.13 1 0
github.com/subhasundardass/retui/retui/screen.go:475.4,475.45 1 0
github.com/subhasundardass/retui/retui/screen.go:475.45,478.5 2 0
github.com/subhasundardass/retui/retui/screen.go:481.4,481.50 1 0
github.com/subhasundardass/retui/retui/screen.go:481.50,485.5 3 0
github.com/subhasundardass/retui/retui/screen.go:487.4,488.14 2 0
github.com/subhasundardass/retui/retui/screen.go:488.14,490.5 1 0
github.com/subhasundardass/retui/retui/screen.go:491.4,494.14 3 0
github.com/subhasundardass/retui/retui/screen.go:494.14,496.5 1 0
github.com/subhasundardass/retui/retui/screen.go:497.4,499.23 2 0
github.com/subhasundardass/retui/retui/screen.go:503.2,503.17 1 0
github.com/subhasundardass/retui/retui/screen.go:503.17,505.3 1 0
github.com/subhasundardass/retui/retui/screen.go:507.2,508.16 2 0
github.com/subhasundardass/retui/retui/screen.go:520.43,521.21 1 0
github.com/subhasundardass/retui/retui/screen.go:521.21,523.3 1 0
github.com/subhasundardass/retui/retui/screen.go:524.2,525.26 2 0
github.com/subhasundardass/retui/retui/screen.go:525.26,527.3 1 0
github.com/subhasundardass/retui/retui/screen.go:528.2,531.16 3 0
github.com/subhasundardass/retui/retui/screen.go:531.16,533.3 1 0
github.com/subhasundardass/retui/retui/screen.go:535.2,539.21 4 0
github.com/subhasundardass/retui/retui/screen.go:539.21,541.3 1 0
github.com/subhasundardass/retui/retui/screen.go:543.2,543.37 1 0
github.com/subhasundardass/retui/retui/screen.go:543.37,547.32 3 0
github.com/subhasundardass/retui/retui/screen.go:547.32,549.47 2 0
github.com/subhasundardass/retui/retui/screen.go:549.47,550.20 1 0
github.com/subhasundardass/retui/retui/screen.go:550.20,552.6 1 0
github.com/subhasundardass/retui/retui/screen.go:553.5,555.23 3 0
github.com/subhasundardass/retui/retui/screen.go:557.4,558.14 2 0
github.com/subhasundardass/retui/retui/screen.go:558.14,560.5 1 0
github.com/subhasundardass/retui/retui/screen.go:561.4,561.37 1 0
github.com/subhasundardass/retui/retui/screen.go:564.3,564.18 1 0
github.com/subhasundardass/retui/retui/screen.go:564.18,566.4 1 0
github.com/subhasundardass/retui/retui/screen.go:567.3,567.21 1 0
github.com/subhasundardass/retui/retui/screen.go:567.21,569.4 1 0
github.com/subhasundardass/retui/retui/screen.go:572.2,575.37 2 0
github.com/subhasundardass/retui/retui/screen.go:575.37,577.27 2 0
github.com/subhasundardass/retui/retui/screen.go:577.27,579.4 1 0
github.com/subhasundardass/retui/retui/screen.go:582.2,583.26 2 0
github.com/subhasundardass/retui/retui/screen.go:590.38,591.36 1 0
github.com/subhasundardass/retui/retui/screen.go:591.36,593.3 1 0
github.com/subhasundardass/retui/retui/screen.go:594.2,596.46 3 0
github.com/subhasundardass/retui/retui/screen.go:596.46,598.3 1 0
github.com/subhasundardass/retui/retui/screen.go:599.2,599.23 1 0
github.com/subhasundardass/retui/retui/screen.go:599.23,601.3 1 0
github.com/subhasundardass/retui/retui/screen.go:604.31,609.2 4 1
github.com/subhasundardass/retui/retui/screen.go:611.31,615.29 4 0
github.com/subhasundardass/retui/retui/screen.go:615.29,617.3 1 0
github.com/subhasundardass/retui/retui/screen.go:620.41,622.32 2 0
github.com/subhasundardass/retui/retui/screen.go:622.32,623.9 1 0
github.com/subhasundardass/retui/retui/screen.go:623.9,624.12 1 0
github.com/subhasundardass/retui/retui/screen.go:626.3,626.26 1 0
github.com/subhasundardass/retui/retui/screen.go:626.26,628.4 1 0
github.com/subhasundardass/retui/retui/screen.go:629.3,629.20 1 0
github.com/subhasundardass/retui/retui/screen.go:631.2,631.31 1 0
github.com/subhasundardass/retui/retui/screen.go:636.38,640.29 4 0
github.com/subhasundardass/retui/retui/screen.go:640.29,642.3 1 0
github.com/subhasundardass/retui/retui/screen.go:651.28,653.2 1 0
github.com/subhasundardass/retui/retui/style.go:20.23,22.2 1 31
github.com/subhasundardass/retui/retui/style.go:24.38,27.2 2 0
github.com/subhasundardass/retui/retui/style.go:29.46,32.2 2 0
github.com/subhasundardass/retui/retui/style.go:34.46,37.2 2 0
github.com/subhasundardass/retui/retui/style.go:39.42,42.2 2 0
github.com/subhasundardass/retui/retui/style.go:44.48,47.2 2 0
github.com/subhasundardass/retui/retui/style.go:92.28,94.2 1 0
github.com/subhasundardass/retui/retui/style.go:96.39,97.32 1 0
github.com/subhasundardass/retui/retui/style.go:97.32,99.3 1 0
github.com/subhasundardass/retui/retui/style.go:100.2,101.10 2 0
github.com/subhasundardass/retui/retui/style.go:119.44,121.2 1 0
github.com/subhasundardass/retui/retui/style.go:124.30,126.2 1 0
github.com/subhasundardass/retui/retui/style.go:130.29,131.24 1 0
github.com/subhasundardass/retui/retui/style.go:131.24,133.3 1 0
github.com/subhasundardass/retui/retui/style.go:134.2,134.52 1 0
github.com/subhasundardass/retui/retui/style.go:137.35,138.11 1 0
github.com/subhasundardass/retui/retui/style.go:138.11,140.3 1 0
github.com/subhasundardass/retui/retui/style.go:141.2,141.11 1 0
github.com/subhasundardass/retui/retui/style.go:141.11,143.3 1 0
github.com/subhasundardass/retui/retui/style.go:144.2,144.10 1 0
github.com/subhasundardass/retui/retui/style.go:147.41,149.2 1 0
github.com/subhasundardass/retui/retui/style.go:153.46,154.24 1 0
github.com/subhasundardass/retui/retui/style.go:154.24,156.3 1 0
github.com/subhasundardass/retui/retui/style.go:157.2,163.3 2 0
github.com/subhasundardass/retui/retui/style.go:168.45,169.24 1 0
github.com/subhasundardass/retui/retui/style.go:169.24,171.3 1 0
github.com/subhasundardass/retui/retui/style.go:172.2,178.3 2 0
github.com/subhasundardass/retui/retui/style.go:184.39,185.46 1 0
github.com/subhasundardass/retui/retui/style.go:185.46,187.3 1 0
github.com/subhasundardass/retui/retui/style.go:188.2,188.24 1 0
github.com/subhasundardass/retui/retui/style.go:188.24,190.3 1 0
github.com/subhasundardass/retui/retui/style.go:191.2,191.24 1 0
github.com/subhasundardass/retui/retui/style.go:191.24,193.3 1 0
github.com/subhasundardass/retui/retui/style.go:194.2,200.3 2 0
github.com/subhasundardass/retui/retui/style.go:257.30,260.21 2 0
github.com/subhasundardass/retui/retui/style.go:260.21,262.3 1 0
github.com/subhasundardass/retui/retui/style.go:264.2,267.47 4 0
github.com/subhasundardass/retui/retui/style.go:267.47,269.3 1 0
github.com/subhasundardass/retui/retui/style.go:271.2,276.3 1 0
github.com/subhasundardass/retui/retui/style.go:281.31,283.2 1 0
github.com/subhasundardass/retui/retui/style.go:286.33,291.2 1 20
github.com/subhasundardass/retui/retui/style.go:296.24,297.11 1 1
github.com/subhasundardass/retui/retui/style.go:297.11,299.3 1 0
github.com/subhasundardass/retui/retui/style.go:300.2,300.12 1 1
github.com/subhasundardass/retui/retui/style.go:300.12,302.3 1 0
github.com/subhasundardass/retui/retui/style.go:303.2,303.56 1 1
github.com/subhasundardass/retui/retui/style.go:306.36,312.12 3 0
github.com/subhasundardass/retui/retui/style.go:312.12,314.3 1 0
github.com/subhasundardass/retui/retui/style.go:315.2,315.14 1 0
github.com/subhasundardass/retui/retui/style.go:315.14,317.3 1 0
github.com/subhasundardass/retui/retui/style.go:318.2,318.17 1 0
github.com/subhasundardass/retui/retui/style.go:318.17,320.3 1 0
github.com/subhasundardass/retui/retui/style.go:323.2,323.27 1 0
github.com/subhasundardass/retui/retui/style.go:324.19,325.52 1 0
github.com/subhasundardass/retui/retui/style.go:326.20,327.54 1 0
github.com/subhasundardass/retui/retui/style.go:328.16,329.89 1 0
github.com/subhasundardass/retui/retui/style.go:333.2,333.27 1 0
github.com/subhasundardass/retui/retui/style.go:334.19,335.52 1 0
github.com/subhasundardass/retui/retui/style.go:336.20,337.54 1 0
github.com/subhasundardass/retui/retui/style.go:338.16,339.89 1 0
github.com/subhasundardass/retui/retui/style.go:342.2,342.19 1 0
github.com/subhasundardass/retui/retui/style.go:345.30,347.2 1 0
github.com/subhasundardass/retui/retui/style.go:354.45,355.40 1 0
github.com/subhasundardass/retui/retui/style.go:355.40,357.3 1 0
github.com/subhasundardass/retui/retui/style.go:359.2,359.40 1 0
github.com/subhasundardass/retui/retui/style.go:359.40,361.3 1 0
github.com/subhasundardass/retui/retui/style.go:363.2,363.32 1 0
github.com/subhasundardass/retui/retui/style.go:363.32,365.3 1 0
github.com/subhasundardass/retui/retui/style.go:367.2,367.14 1 0
github.com/subhasundardass/retui/retui/components/badge.go:6.72,11.2 1 0
github.com/subhasundardass/retui/retui/components/button.go:36.28,57.2 1 0
github.com/subhasundardass/retui/retui/components/button.go:59.49,62.2 2 0
github.com/subhasundardass/retui/retui/components/button.go:64.52,67.2 2 0
github.com/subhasundardass/retui/retui/components/button.go:69.49,72.2 2 0
github.com/subhasundardass/retui/retui/components/button.go:74.53,77.2 2 0
github.com/subhasundardass/retui/retui/components/button.go:79.53,82.2 2 0
github.com/subhasundardass/retui/retui/components/button.go:84.57,87.2 2 0
github.com/subhasundardass/retui/retui/components/button.go:89.62,92.2 2 0
github.com/subhasundardass/retui/retui/components/button.go:94.63,97.2 2 0
github.com/subhasundardass/retui/retui/components/button.go:99.52,102.2 2 0
github.com/subhasundardass/retui/retui/components/button.go:104.51,107.2 2 0
github.com/subhasundardass/retui/retui/components/button.go:110.52,113.2 2 0
github.com/subhasundardass/retui/retui/components/button.go:115.51,118.2 2 0
github.com/subhasundardass/retui/retui/components/button.go:122.61,125.2 2 0
github.com/subhasundardass/retui/retui/components/button.go:127.80,130.2 2 0
github.com/subhasundardass/retui/retui/components/button.go:132.61,135.2 2 0
github.com/subhasundardass/retui/retui/components/button.go:137.60,140.2 2 0
github.com/subhasundardass/retui/retui/components/button.go:144.46,146.2 1 0
github.com/subhasundardass/retui/retui/components/button.go:150.82,153.19 1 0
github.com/subhasundardass/retui/retui/components/button.go:153.19,155.3 1 0
github.com/subhasundardass/retui/retui/components/button.go:157.2,160.24 2 0
github.com/subhasundardass/retui/retui/components/button.go:160.24,162.3 1 0
github.com/subhasundardass/retui/retui/components/button.go:165.2,165.77 1 0
github.com/subhasundardass/retui/retui/components/button.go:165.77,167.3 1 0
github.com/subhasundardass/retui/retui/components/button.go:169.2,169.77 1 0
github.com/subhasundardass/retui/retui/components/button.go:169.77,171.3 1 0
github.com/subhasundardass/retui/retui/components/button.go:174.2,174.33 1 0
github.com/subhasundardass/retui/retui/components/button.go:174.33,177.50 2 0
github.com/subhasundardass/retui/retui/components/button.go:177.50,178.41 1 0
github.com/subhasundardass/retui/retui/components/button.go:178.41,179.16 1 0
github.com/subhasundardass/retui/retui/components/button.go:183.3,183.19 1 0
github.com/subhasundardass/retui/retui/components/button.go:184.39,186.48 2 0
github.com/subhasundardass/retui/retui/components/button.go:186.48,188.5 1 0
github.com/subhasundardass/retui/retui/components/button.go:190.4,190.14 1 0
github.com/subhasundardass/retui/retui/components/button.go:190.14,192.5 1 0
github.com/subhasundardass/retui/retui/components/button.go:198.2,199.14 2 0
github.com/subhasundardass/retui/retui/components/button.go:199.14,201.3 1 0
github.com/subhasundardass/retui/retui/components/button.go:201.8,201.20 1 0
github.com/subhasundardass/retui/retui/components/button.go:201.20,203.3 1 0
github.com/subhasundardass/retui/retui/components/button.go:203.8,205.3 1 0
github.com/subhasundardass/retui/retui/components/button.go:208.2,209.19 2 0
github.com/subhasundardass/retui/retui/components/button.go:209.19,211.3 1 0
github.com/subhasundardass/retui/retui/components/button.go:214.2,217.22 2 0
github.com/subhasundardass/retui/retui/components/button.go:217.22,219.32 2 0
github.com/subhasundardass/retui/retui/components/button.go:219.32,222.4 2 0
github.com/subhasundardass/retui/retui/components/button.go:226.2,227.25 2 0
github.com/subhasundardass/retui/retui/components/button.go:227.25,229.3 1 0
github.com/subhasundardass/retui/retui/components/button.go:229.8,231.3 1 0
github.com/subhasundardass/retui/retui/components/button.go:233.2,234.25 2 0
github.com/subhasundardass/retui/retui/components/button.go:234.25,236.3 1 0
github.com/subhasundardass/retui/retui/components/button.go:236.8,238.3 1 0
github.com/subhasundardass/retui/retui/components/button.go:241.2,243.25 2 0
github.com/subhasundardass/retui/retui/components/button.go:243.25,245.3 1 0
github.com/subhasundardass/retui/retui/components/button.go:247.2,249.25 2 0
github.com/subhasundardass/retui/retui/components/button.go:249.25,251.3 1 0
github.com/subhasundardass/retui/retui/components/button.go:254.2,260.3 1 0
github.com/subhasundardass/retui/retui/components/checkbox.go:44.32,64.2 1 0
github.com/subhasundardass/retui/retui/components/checkbox.go:66.53,69.2 2 0
github.com/subhasundardass/retui/retui/components/checkbox.go:71.56,74.2 2 0
github.com/subhasundardass/retui/retui/components/checkbox.go:76.56,79.2 2 0
github.com/subhasundardass/retui/retui/components/checkbox.go:81.53,84.2 2 0
github.com/subhasundardass/retui/retui/components/checkbox.go:86.61,89.2 2 0
github.com/subhasundardass/retui/retui/components/checkbox.go:91.68,94.2 2 0
github.com/subhasundardass/retui/retui/components/checkbox.go:96.70,99.2 2 0
github.com/subhasundardass/retui/retui/components/checkbox.go:101.56,104.2 2 0
github.com/subhasundardass/retui/retui/components/checkbox.go:107.56,110.2 2 0
github.com/subhasundardass/retui/retui/components/checkbox.go:111.57,114.2 2 0
github.com/subhasundardass/retui/retui/components/checkbox.go:115.55,118.2 2 0
github.com/subhasundardass/retui/retui/components/checkbox.go:122.72,125.2 2 0
github.com/subhasundardass/retui/retui/components/checkbox.go:127.84,130.2 2 0
github.com/subhasundardass/retui/retui/components/checkbox.go:132.65,135.2 2 0
github.com/subhasundardass/retui/retui/components/checkbox.go:137.64,140.2 2 0
github.com/subhasundardass/retui/retui/components/checkbox.go:144.48,146.2 1 0
github.com/subhasundardass/retui/retui/components/checkbox.go:150.73,152.19 1 0
github.com/subhasundardass/retui/retui/components/checkbox.go:152.19,154.3 1 0
github.com/subhasundardass/retui/retui/components/checkbox.go:156.2,159.31 2 0
github.com/subhasundardass/retui/retui/components/checkbox.go:159.31,161.3 1 0
github.com/subhasundardass/retui/retui/components/checkbox.go:164.2,164.77 1 0
github.com/subhasundardass/retui/retui/components/checkbox.go:164.77,166.3 1 0
github.com/subhasundardass/retui/retui/components/checkbox.go:168.2,168.77 1 0
github.com/subhasundardass/retui/retui/components/checkbox.go:168.77,170.3 1 0
github.com/subhasundardass/retui/retui/components/checkbox.go:173.2,173.33 1 0
github.com/subhasundardass/retui/retui/components/checkbox.go:173.33,176.50 2 0
github.com/subhasundardass/retui/retui/components/checkbox.go:176.50,177.41 1 0
github.com/subhasundardass/retui/retui/components/checkbox.go:177.41,178.16 1 0
github.com/subhasundardass/retui/retui/components/checkbox.go:182.3,182.19 1 0
github.com/subhasundardass/retui/retui/components/checkbox.go:183.23,187.49 4 0
github.com/subhasundardass/retui/retui/components/checkbox.go:187.49,189.5 1 0
github.com/subhasundardass/retui/retui/components/checkbox.go:191.23,196.49 4 0
github.com/subhasundardass/retui/retui/components/checkbox.go:196.49,198.5 1 0
github.com/subhasundardass/retui/retui/components/checkbox.go:204.2,205.13 2 0
github.com/subhasundardass/retui/retui/components/checkbox.go:205.13,207.3 1 0
github.com/subhasundardass/retui/retui/components/checkbox.go:210.2,211.13 2 0
github.com/subhasundardass/retui/retui/components/checkbox.go:211.13,215.3 1 0
github.com/subhasundardass/retui/retui/components/checkbox.go:215.8,218.3 1 0
github.com/subhasundardass/retui/retui/components/checkbox.go:221.2,221.13 1 0
github.com/subhasundardass/retui/retui/components/checkbox.go:221.13,225.3 1 0
github.com/subhasundardass/retui/retui/components/checkbox.go:228.2,229.24 2 0
github.com/subhasundardass/retui/retui/components/checkbox.go:229.24,231.3 1 0
github.com/subhasundardass/retui/retui/components/checkbox.go:234.2,234.22 1 0
github.com/subhasundardass/retui/retui/components/checkbox.go:234.22,236.32 2 0
github.com/subhasundardass/retui/retui/components/checkbox.go:236.32,239.4 2 0
github.com/subhasundardass/retui/retui/components/checkbox.go:243.2,243.38 1 0
github.com/subhasundardass/retui/retui/components/date.go:64.34,88.2 1 0
github.com/subhasundardass/retui/retui/components/date.go:90.55,93.2 2 0
github.com/subhasundardass/retui/retui/components/date.go:95.58,98.2 2 0
github.com/subhasundardass/retui/retui/components/date.go:100.59,103.2 2 0
github.com/subhasundardass/retui/retui/components/date.go:105.64,108.2 2 0
github.com/subhasundardass/retui/retui/components/date.go:110.55,113.2 2 0
github.com/subhasundardass/retui/retui/components/date.go:115.59,118.2 2 0
github.com/subhasundardass/retui/retui/components/date.go:120.59,123.2 2 0
github.com/subhasundardass/retui/retui/components/date.go:125.63,128.2 2 0
github.com/subhasundardass/retui/retui/components/date.go:131.58,134.2 2 0
github.com/subhasundardass/retui/retui/components/date.go:135.59,138.2 2 0
github.com/subhasundardass/retui/retui/components/date.go:139.57,142.2 2 0
github.com/subhasundardass/retui/retui/components/date.go:147.56,150.2 2 0
github.com/subhasundardass/retui/retui/components/date.go:153.56,156.2 2 0
github.com/subhasundardass/retui/retui/components/date.go:158.58,161.2 2 0
github.com/subhasundardass/retui/retui/components/date.go:163.76,166.2 2 0
github.com/subhasundardass/retui/retui/components/date.go:168.86,171.2 2 0
github.com/subhasundardass/retui/retui/components/date.go:173.67,176.2 2 0
github.com/subhasundardass/retui/retui/components/date.go:178.66,181.2 2 0
github.com/subhasundardass/retui/retui/components/date.go:183.76,186.2 2 0
github.com/subhasundardass/retui/retui/components/date.go:190.49,192.2 1 0
github.com/subhasundardass/retui/retui/components/date.go:197.45,199.27 2 0
github.com/subhasundardass/retui/retui/components/date.go:199.27,200.29 1 0
github.com/subhasundardass/retui/retui/components/date.go:200.29,202.4 1 0
github.com/subhasundardass/retui/retui/components/date.go:204.2,204.24 1 0
github.com/subhasundardass/retui/retui/components/date.go:208.41,210.26 2 0
github.com/subhasundardass/retui/retui/components/date.go:210.26,211.42 1 0
github.com/subhasundardass/retui/retui/components/date.go:211.42,213.4 1 0
github.com/subhasundardass/retui/retui/components/date.go:215.2,215.14 1 0
github.com/subhasundardass/retui/retui/components/date.go:220.60,221.21 1 0
github.com/subhasundardass/retui/retui/components/date.go:221.21,223.3 1 0
github.com/subhasundardass/retui/retui/components/date.go:225.2,229.32 4 0
github.com/subhasundardass/retui/retui/components/date.go:229.32,230.60 1 0
github.com/subhasundardass/retui/retui/components/date.go:230.60,231.29 1 0
github.com/subhasundardass/retui/retui/components/date.go:231.29,234.5 2 0
github.com/subhasundardass/retui/retui/components/date.go:234.10,236.5 1 0
github.com/subhasundardass/retui/retui/components/date.go:237.9,239.4 1 0
github.com/subhasundardass/retui/retui/components/date.go:242.2,242.24 1 0
github.com/subhasundardass/retui/retui/components/date.go:247.69,251.32 3 0
github.com/subhasundardass/retui/retui/components/date.go:251.32,252.60 1 0
github.com/subhasundardass/retui/retui/components/date.go:252.60,253.36 1 0
github.com/subhasundardass/retui/retui/components/date.go:253.36,255.5 1 0
github.com/subhasundardass/retui/retui/components/date.go:256.4,256.16 1 0
github.com/subhasundardass/retui/retui/components/date.go:258.3,258.15 1 0
github.com/subhasundardass/retui/retui/components/date.go:261.2,261.19 1 0
github.com/subhasundardass/retui/retui/components/date.go:266.116,267.21 1 0
github.com/subhasundardass/retui/retui/components/date.go:267.21,269.20 2 0
github.com/subhasundardass/retui/retui/components/date.go:269.20,271.4 1 0
github.com/subhasundardass/retui/retui/components/date.go:272.3,272.14 1 0
github.com/subhasundardass/retui/retui/components/date.go:272.14,274.4 1 0
github.com/subhasundardass/retui/retui/components/date.go:275.3,275.17 1 0
github.com/subhasundardass/retui/retui/components/date.go:278.2,280.13 2 0
github.com/subhasundardass/retui/retui/components/date.go:280.13,284.36 3 0
github.com/subhasundardass/retui/retui/components/date.go:284.36,286.4 1 0
github.com/subhasundardass/retui/retui/components/date.go:287.3,287.31 1 0
github.com/subhasundardass/retui/retui/components/date.go:290.2,290.18 1 0
github.com/subhasundardass/retui/retui/components/date.go:302.58,308.44 5 0
github.com/subhasundardass/retui/retui/components/date.go:308.44,309.13 1 0
github.com/subhasundardass/retui/retui/components/date.go:310.12,311.36 1 0
github.com/subhasundardass/retui/retui/components/date.go:312.12,313.36 1 0
github.com/subhasundardass/retui/retui/components/date.go:314.12,315.36 1 0
github.com/subhasundardass/retui/retui/components/date.go:319.2,319.26 1 0
github.com/subhasundardass/retui/retui/components/date.go:319.26,320.42 1 0
github.com/subhasundardass/retui/retui/components/date.go:320.42,321.19 1 0
github.com/subhasundardass/retui/retui/components/date.go:321.19,324.5 2 0
github.com/subhasundardass/retui/retui/components/date.go:324.10,324.28 1 0
github.com/subhasundardass/retui/retui/components/date.go:324.28,329.5 4 0
github.com/subhasundardass/retui/retui/components/date.go:330.4,331.14 2 0
github.com/subhasundardass/retui/retui/components/date.go:332.9,332.24 1 0
github.com/subhasundardass/retui/retui/components/date.go:332.24,335.4 2 0
github.com/subhasundardass/retui/retui/components/date.go:337.2,337.16 1 0
github.com/subhasundardass/retui/retui/components/date.go:337.16,339.3 1 0
github.com/subhasundardass/retui/retui/components/date.go:340.2,340.8 1 0
github.com/subhasundardass/retui/retui/components/date.go:345.85,349.46 3 0
github.com/subhasundardass/retui/retui/components/date.go:349.46,350.62 1 0
github.com/subhasundardass/retui/retui/components/date.go:350.62,352.4 1 0
github.com/subhasundardass/retui/retui/components/date.go:353.3,354.17 2 0
github.com/subhasundardass/retui/retui/components/date.go:354.17,356.4 1 0
github.com/subhasundardass/retui/retui/components/date.go:357.3,357.17 1 0
github.com/subhasundardass/retui/retui/components/date.go:360.2,365.8 6 0
github.com/subhasundardass/retui/retui/components/date.go:372.53,373.52 1 0
github.com/subhasundardass/retui/retui/components/date.go:373.52,375.3 1 0
github.com/subhasundardass/retui/retui/components/date.go:376.2,377.70 2 0
github.com/subhasundardass/retui/retui/components/date.go:382.44,384.2 1 0
github.com/subhasundardass/retui/retui/components/date.go:388.77,391.48 3 0
github.com/subhasundardass/retui/retui/components/date.go:391.48,393.3 1 0
github.com/subhasundardass/retui/retui/components/date.go:394.2,394.22 1 0
github.com/subhasundardass/retui/retui/components/date.go:402.85,404.15 2 0
github.com/subhasundardass/retui/retui/components/date.go:404.15,406.3 1 0
github.com/subhasundardass/retui/retui/components/date.go:407.2,407.44 1 0
github.com/subhasundardass/retui/retui/components/date.go:407.44,409.3 1 0
github.com/subhasundardass/retui/retui/components/date.go:411.2,413.22 2 0
github.com/subhasundardass/retui/retui/components/date.go:413.22,414.102 1 0
github.com/subhasundardass/retui/retui/components/date.go:414.102,416.4 1 0
github.com/subhasundardass/retui/retui/components/date.go:418.2,418.22 1 0
github.com/subhasundardass/retui/retui/components/date.go:418.22,419.102 1 0
github.com/subhasundardass/retui/retui/components/date.go:419.102,421.4 1 0
github.com/subhasundardass/retui/retui/components/date.go:424.2,424.17 1 0
github.com/subhasundardass/retui/retui/components/date.go:429.70,432.19 1 0
github.com/subhasundardass/retui/retui/components/date.go:432.19,434.3 1 0
github.com/subhasundardass/retui/retui/components/date.go:436.2,437.16 2 0
github.com/subhasundardass/retui/retui/components/date.go:437.16,439.3 1 0
github.com/subhasundardass/retui/retui/components/date.go:443.2,457.33 5 0
github.com/subhasundardass/retui/retui/components/date.go:457.33,462.3 4 0
github.com/subhasundardass/retui/retui/components/date.go:466.2,466.58 1 0
github.com/subhasundardass/retui/retui/components/date.go:466.58,469.3 2 0
github.com/subhasundardass/retui/retui/components/date.go:470.2,470.19 1 0
github.com/subhasundardass/retui/retui/components/date.go:470.19,473.3 2 0
github.com/subhasundardass/retui/retui/components/date.go:476.2,476.77 1 0
github.com/subhasundardass/retui/retui/components/date.go:476.77,478.3 1 0
github.com/subhasundardass/retui/retui/components/date.go:479.2,479.77 1 0
github.com/subhasundardass/retui/retui/components/date.go:479.77,481.3 1 0
github.com/subhasundardass/retui/retui/components/date.go:484.2,484.33 1 0
github.com/subhasundardass/retui/retui/components/date.go:484.33,487.50 2 0
github.com/subhasundardass/retui/retui/components/date.go:487.50,488.41 1 0
github.com/subhasundardass/retui/retui/components/date.go:488.41,489.16 1 0
github.com/subhasundardass/retui/retui/components/date.go:493.3,493.19 1 0
github.com/subhasundardass/retui/retui/components/date.go:494.22,495.21 1 0
github.com/subhasundardass/retui/retui/components/date.go:495.21,497.5 1 0
github.com/subhasundardass/retui/retui/components/date.go:499.23,500.42 1 0
github.com/subhasundardass/retui/retui/components/date.go:500.42,502.5 1 0
github.com/subhasundardass/retui/retui/components/date.go:504.27,505.43 1 0
github.com/subhasundardass/retui/retui/components/date.go:505.43,511.50 6 0
github.com/subhasundardass/retui/retui/components/date.go:511.50,513.6 1 0
github.com/subhasundardass/retui/retui/components/date.go:516.22,517.19 1 0
github.com/subhasundardass/retui/retui/components/date.go:519.21,520.40 1 0
github.com/subhasundardass/retui/retui/components/date.go:522.24,524.30 2 0
github.com/subhasundardass/retui/retui/components/date.go:524.30,528.50 4 0
github.com/subhasundardass/retui/retui/components/date.go:528.50,530.6 1 0
github.com/subhasundardass/retui/retui/components/date.go:533.23,535.11 2 0
github.com/subhasundardass/retui/retui/components/date.go:535.11,536.18 1 0
github.com/subhasundardass/retui/retui/components/date.go:536.18,538.6 1 0
github.com/subhasundardass/retui/retui/components/date.go:540.5,540.10 1 0
github.com/subhasundardass/retui/retui/components/date.go:542.4,542.49 1 0
github.com/subhasundardass/retui/retui/components/date.go:542.49,544.5 1 0
github.com/subhasundardass/retui/retui/components/date.go:546.11,548.80 1 0
github.com/subhasundardass/retui/retui/components/date.go:548.80,559.50 9 0
github.com/subhasundardass/retui/retui/components/date.go:559.50,561.6 1 0
github.com/subhasundardass/retui/retui/components/date.go:569.2,570.68 2 0
github.com/subhasundardass/retui/retui/components/date.go:570.68,572.3 1 0
github.com/subhasundardass/retui/retui/components/date.go:575.2,580.31 4 0
github.com/subhasundardass/retui/retui/components/date.go:580.31,583.3 2 0
github.com/subhasundardass/retui/retui/components/date.go:586.2,587.13 2 0
github.com/subhasundardass/retui/retui/components/date.go:587.13,592.3 1 0
github.com/subhasundardass/retui/retui/components/date.go:592.8,595.3 1 0
github.com/subhasundardass/retui/retui/components/date.go:599.2,600.13 2 0
github.com/subhasundardass/retui/retui/components/date.go:600.13,601.14 1 0
github.com/subhasundardass/retui/retui/components/date.go:601.14,603.4 1 0
github.com/subhasundardass/retui/retui/components/date.go:603.9,605.4 1 0
github.com/subhasundardass/retui/retui/components/date.go:618.2,620.13 3 0
github.com/subhasundardass/retui/retui/components/date.go:620.13,623.3 2 0
github.com/subhasundardass/retui/retui/components/date.go:626.2,628.25 2 0
github.com/subhasundardass/retui/retui/components/date.go:628.25,630.3 1 0
github.com/subhasundardass/retui/retui/components/date.go:632.2,634.25 2 0
github.com/subhasundardass/retui/retui/components/date.go:634.25,636.3 1 0
github.com/subhasundardass/retui/retui/components/date.go:639.2,645.3 1 0
github.com/subhasundardass/retui/retui/components/date.go:650.68,656.2 1 0
github.com/subhasundardass/retui/retui/components/list.go:49.24,69.2 1 0
github.com/subhasundardass/retui/retui/components/list.go:71.45,74.2 2 0
github.com/subhasundardass/retui/retui/components/list.go:76.50,79.2 2 0
github.com/subhasundardass/retui/retui/components/list.go:81.48,84.2 2 0
github.com/subhasundardass/retui/retui/components/list.go:86.45,89.2 2 0
github.com/subhasundardass/retui/retui/components/list.go:91.49,94.2 2 0
github.com/subhasundardass/retui/retui/components/list.go:96.49,99.2 2 0
github.com/subhasundardass/retui/retui/components/list.go:101.53,104.2 2 0
github.com/subhasundardass/retui/retui/components/list.go:106.61,109.2 2 0
github.com/subhasundardass/retui/retui/components/list.go:111.63,114.2 2 0
github.com/subhasundardass/retui/retui/components/list.go:116.48,119.2 2 0
github.com/subhasundardass/retui/retui/components/list.go:121.71,124.2 2 0
github.com/subhasundardass/retui/retui/components/list.go:126.76,129.2 2 0
github.com/subhasundardass/retui/retui/components/list.go:131.57,134.2 2 0
github.com/subhasundardass/retui/retui/components/list.go:136.56,139.2 2 0
github.com/subhasundardass/retui/retui/components/list.go:141.71,144.2 2 0
github.com/subhasundardass/retui/retui/components/list.go:148.44,150.2 1 0
github.com/subhasundardass/retui/retui/components/list.go:154.65,159.33 2 0
github.com/subhasundardass/retui/retui/components/list.go:159.33,161.3 1 0
github.com/subhasundardass/retui/retui/components/list.go:164.2,164.18 1 0
github.com/subhasundardass/retui/retui/components/list.go:164.18,167.3 2 0
github.com/subhasundardass/retui/retui/components/list.go:168.2,168.35 1 0
github.com/subhasundardass/retui/retui/components/list.go:168.35,171.3 2 0
github.com/subhasundardass/retui/retui/components/list.go:174.2,174.57 1 0
github.com/subhasundardass/retui/retui/components/list.go:174.57,176.3 1 0
github.com/subhasundardass/retui/retui/components/list.go:178.2,178.57 1 0
github.com/subhasundardass/retui/retui/components/list.go:178.57,180.3 1 0
github.com/subhasundardass/retui/retui/components/list.go:183.2,183.13 1 0
github.com/subhasundardass/retui/retui/components/list.go:183.13,186.50 2 0
github.com/subhasundardass/retui/retui/components/list.go:186.50,187.41 1 0
github.com/subhasundardass/retui/retui/components/list.go:187.41,188.16 1 0
github.com/subhasundardass/retui/retui/components/list.go:192.3,192.19 1 0
github.com/subhasundardass/retui/retui/components/list.go:193.22,194.38 1 0
github.com/subhasundardass/retui/retui/components/list.go:194.38,197.50 3 0
github.com/subhasundardass/retui/retui/components/list.go:197.50,199.6 1 0
github.com/subhasundardass/retui/retui/components/list.go:202.20,203.20 1 0
github.com/subhasundardass/retui/retui/components/list.go:203.20,206.50 3 0
github.com/subhasundardass/retui/retui/components/list.go:206.50,208.6 1 0
github.com/subhasundardass/retui/retui/components/list.go:211.22,214.49 3 0
github.com/subhasundardass/retui/retui/components/list.go:214.49,216.5 1 0
github.com/subhasundardass/retui/retui/components/list.go:218.21,221.49 3 0
github.com/subhasundardass/retui/retui/components/list.go:221.49,223.5 1 0
github.com/subhasundardass/retui/retui/components/list.go:225.23,226.49 1 0
github.com/subhasundardass/retui/retui/components/list.go:226.49,228.5 1 0
github.com/subhasundardass/retui/retui/components/list.go:234.2,236.36 2 0
github.com/subhasundardass/retui/retui/components/list.go:236.36,242.17 3 0
github.com/subhasundardass/retui/retui/components/list.go:242.17,244.4 1 0
github.com/subhasundardass/retui/retui/components/list.go:247.3,248.17 2 0
github.com/subhasundardass/retui/retui/components/list.go:248.17,249.15 1 0
github.com/subhasundardass/retui/retui/components/list.go:249.15,254.5 1 0
github.com/subhasundardass/retui/retui/components/list.go:254.10,258.5 1 0
github.com/subhasundardass/retui/retui/components/list.go:259.9,261.4 1 0
github.com/subhasundardass/retui/retui/components/list.go:264.3,265.23 2 0
github.com/subhasundardass/retui/retui/components/list.go:265.23,267.33 2 0
github.com/subhasundardass/retui/retui/components/list.go:267.33,270.5 2 0
github.com/subhasundardass/retui/retui/components/list.go:273.3,273.47 1 0
github.com/subhasundardass/retui/retui/components/list.go:277.2,279.25 2 0
github.com/subhasundardass/retui/retui/components/list.go:279.25,281.14 2 0
github.com/subhasundardass/retui/retui/components/list.go:281.14,283.4 1 0
github.com/subhasundardass/retui/retui/components/list.go:283.9,285.4 1 0
github.com/subhasundardass/retui/retui/components/list.go:286.3,286.70 1 0
github.com/subhasundardass/retui/retui/components/list.go:290.2,295.25 2 0
github.com/subhasundardass/retui/retui/components/list.go:295.25,297.14 2 0
github.com/subhasundardass/retui/retui/components/list.go:297.14,299.4 1 0
github.com/subhasundardass/retui/retui/components/list.go:299.9,301.4 1 0
github.com/subhasundardass/retui/retui/components/list.go:302.3,302.70 1 0
github.com/subhasundardass/retui/retui/components/list.go:306.2,312.3 1 0
github.com/subhasundardass/retui/retui/components/number.go:89.38,119.2 1 0
github.com/subhasundardass/retui/retui/components/number.go:121.59,124.2 2 0
github.com/subhasundardass/retui/retui/components/number.go:128.63,132.2 3 0
github.com/subhasundardass/retui/retui/components/number.go:136.60,139.2 2 0
github.com/subhasundardass/retui/retui/components/number.go:141.68,144.2 2 0
github.com/subhasundardass/retui/retui/components/number.go:146.59,149.2 2 0
github.com/subhasundardass/retui/retui/components/number.go:151.63,154.2 2 0
github.com/subhasundardass/retui/retui/components/number.go:156.63,159.2 2 0
github.com/subhasundardass/retui/retui/components/number.go:161.67,164.2 2 0
github.com/subhasundardass/retui/retui/components/number.go:169.62,172.2 2 0
github.com/subhasundardass/retui/retui/components/number.go:178.63,181.2 2 0
github.com/subhasundardass/retui/retui/components/number.go:183.61,186.2 2 0
github.com/subhasundardass/retui/retui/components/number.go:190.61,194.2 3 0
github.com/subhasundardass/retui/retui/components/number.go:198.61,202.2 3 0
github.com/subhasundardass/retui/retui/components/number.go:206.62,207.12 1 0
github.com/subhasundardass/retui/retui/components/number.go:207.12,209.3 1 0
github.com/subhasundardass/retui/retui/components/number.go:210.2,211.10 2 0
github.com/subhasundardass/retui/retui/components/number.go:216.62,217.11 1 0
github.com/subhasundardass/retui/retui/components/number.go:217.11,219.3 1 0
github.com/subhasundardass/retui/retui/components/number.go:220.2,221.10 2 0
github.com/subhasundardass/retui/retui/components/number.go:228.64,231.2 2 0
github.com/subhasundardass/retui/retui/components/number.go:235.71,238.2 2 0
github.com/subhasundardass/retui/retui/components/number.go:240.62,243.2 2 0
github.com/subhasundardass/retui/retui/components/number.go:245.81,248.2 2 0
github.com/subhasundardass/retui/retui/components/number.go:250.90,253.2 2 0
github.com/subhasundardass/retui/retui/components/number.go:255.71,258.2 2 0
github.com/subhasundardass/retui/retui/components/number.go:260.70,263.2 2 0
github.com/subhasundardass/retui/retui/components/number.go:265.81,268.2 2 0
github.com/subhasundardass/retui/retui/components/number.go:272.51,274.2 1 0
github.com/subhasundardass/retui/retui/components/number.go:281.55,282.16 1 0
github.com/subhasundardass/retui/retui/components/number.go:282.16,284.3 1 0
github.com/subhasundardass/retui/retui/components/number.go:285.2,285.54 1 0
github.com/subhasundardass/retui/retui/components/number.go:290.59,291.19 1 0
github.com/subhasundardass/retui/retui/components/number.go:291.19,293.3 1 0
github.com/subhasundardass/retui/retui/components/number.go:294.2,295.40 2 0
github.com/subhasundardass/retui/retui/components/number.go:300.44,301.50 1 0
github.com/subhasundardass/retui/retui/components/number.go:301.50,303.3 1 0
github.com/subhasundardass/retui/retui/components/number.go:304.2,305.16 2 0
github.com/subhasundardass/retui/retui/components/number.go:305.16,307.3 1 0
github.com/subhasundardass/retui/retui/components/number.go:308.2,308.18 1 0
github.com/subhasundardass/retui/retui/components/number.go:313.92,314.27 1 0
github.com/subhasundardass/retui/retui/components/number.go:314.27,316.3 1 0
github.com/subhasundardass/retui/retui/components/number.go:317.2,317.27 1 0
github.com/subhasundardass/retui/retui/components/number.go:317.27,319.3 1 0
github.com/subhasundardass/retui/retui/components/number.go:320.2,320.14 1 0
github.com/subhasundardass/retui/retui/components/number.go:325.49,326.50 1 0
github.com/subhasundardass/retui/retui/components/number.go:326.50,328.3 1 0
github.com/subhasundardass/retui/retui/components/number.go:330.2,330.53 1 0
github.com/subhasundardass/retui/retui/components/number.go:330.53,332.3 1 0
github.com/subhasundardass/retui/retui/components/number.go:334.2,334.30 1 0
github.com/subhasundardass/retui/retui/components/number.go:334.30,336.50 2 0
github.com/subhasundardass/retui/retui/components/number.go:336.50,338.4 1 0
github.com/subhasundardass/retui/retui/components/number.go:341.2,341.13 1 0
github.com/subhasundardass/retui/retui/components/number.go:349.63,350.16 1 0
github.com/subhasundardass/retui/retui/components/number.go:350.16,351.41 1 0
github.com/subhasundardass/retui/retui/components/number.go:351.41,354.49 3 0
github.com/subhasundardass/retui/retui/components/number.go:354.49,356.5 1 0
github.com/subhasundardass/retui/retui/components/number.go:358.3,358.9 1 0
github.com/subhasundardass/retui/retui/components/number.go:361.2,362.9 2 0
github.com/subhasundardass/retui/retui/components/number.go:362.9,364.3 1 0
github.com/subhasundardass/retui/retui/components/number.go:366.2,367.45 2 0
github.com/subhasundardass/retui/retui/components/number.go:367.45,370.48 3 0
github.com/subhasundardass/retui/retui/components/number.go:370.48,372.4 1 0
github.com/subhasundardass/retui/retui/components/number.go:378.79,381.19 1 0
github.com/subhasundardass/retui/retui/components/number.go:381.19,383.3 1 0
github.com/subhasundardass/retui/retui/components/number.go:385.2,386.19 2 0
github.com/subhasundardass/retui/retui/components/number.go:386.19,387.24 1 0
github.com/subhasundardass/retui/retui/components/number.go:387.24,389.4 1 0
github.com/subhasundardass/retui/retui/components/number.go:393.2,406.14 5 0
github.com/subhasundardass/retui/retui/components/number.go:406.14,408.20 2 0
github.com/subhasundardass/retui/retui/components/number.go:408.20,410.4 1 0
github.com/subhasundardass/retui/retui/components/number.go:411.3,411.27 1 0
github.com/subhasundardass/retui/retui/components/number.go:411.27,414.4 2 0
github.com/subhasundardass/retui/retui/components/number.go:415.3,416.24 2 0
github.com/subhasundardass/retui/retui/components/number.go:416.24,419.4 2 0
github.com/subhasundardass/retui/retui/components/number.go:424.2,424.52 1 0
github.com/subhasundardass/retui/retui/components/number.go:424.52,426.3 1 0
github.com/subhasundardass/retui/retui/components/number.go:427.2,427.13 1 0
github.com/subhasundardass/retui/retui/components/number.go:427.13,429.3 1 0
github.com/subhasundardass/retui/retui/components/number.go:444.2,446.28 2 0
github.com/subhasundardass/retui/retui/components/number.go:446.28,448.50 2 0
github.com/subhasundardass/retui/retui/components/number.go:448.50,451.4 2 0
github.com/subhasundardass/retui/retui/components/number.go:452.8,452.35 1 0
github.com/subhasundardass/retui/retui/components/number.go:452.35,456.3 3 0
github.com/subhasundardass/retui/retui/components/number.go:459.2,459.77 1 0
github.com/subhasundardass/retui/retui/components/number.go:459.77,461.3 1 0
github.com/subhasundardass/retui/retui/components/number.go:462.2,462.77 1 0
github.com/subhasundardass/retui/retui/components/number.go:462.77,464.3 1 0
github.com/subhasundardass/retui/retui/components/number.go:469.2,469.53 1 0
github.com/subhasundardass/retui/retui/components/number.go:469.53,472.50 2 0
github.com/subhasundardass/retui/retui/components/number.go:472.50,473.41 1 0
github.com/subhasundardass/retui/retui/components/number.go:473.41,474.16 1 0
github.com/subhasundardass/retui/retui/components/number.go:492.3,492.63 1 0
github.com/subhasundardass/retui/retui/components/number.go:492.63,493.20 1 0
github.com/subhasundardass/retui/retui/components/number.go:494.38,498.23 4 0
github.com/subhasundardass/retui/retui/components/number.go:500.38,504.23 4 0
github.com/subhasundardass/retui/retui/components/number.go:506.45,507.24 1 0
github.com/subhasundardass/retui/retui/components/number.go:507.24,510.17 3 0
github.com/subhasundardass/retui/retui/components/number.go:512.5,519.16 8 0
github.com/subhasundardass/retui/retui/components/number.go:521.12,522.59 1 0
github.com/subhasundardass/retui/retui/components/number.go:522.59,530.6 2 0
github.com/subhasundardass/retui/retui/components/number.go:531.5,532.23 2 0
github.com/subhasundardass/retui/retui/components/number.go:536.3,538.19 2 0
github.com/subhasundardass/retui/retui/components/number.go:539.22,540.15 1 0
github.com/subhasundardass/retui/retui/components/number.go:540.15,542.5 1 0
github.com/subhasundardass/retui/retui/components/number.go:544.23,545.24 1 0
github.com/subhasundardass/retui/retui/components/number.go:545.24,547.5 1 0
github.com/subhasundardass/retui/retui/components/number.go:549.27,550.23 1 0
github.com/subhasundardass/retui/retui/components/number.go:550.23,551.10 1 0
github.com/subhasundardass/retui/retui/components/number.go:553.4,553.33 1 0
github.com/subhasundardass/retui/retui/components/number.go:553.33,560.5 6 0
github.com/subhasundardass/retui/retui/components/number.go:562.22,563.13 1 0
github.com/subhasundardass/retui/retui/components/number.go:565.21,566.22 1 0
github.com/subhasundardass/retui/retui/components/number.go:568.24,569.23 1 0
github.com/subhasundardass/retui/retui/components/number.go:569.23,570.10 1 0
github.com/subhasundardass/retui/retui/components/number.go:572.4,572.24 1 0
github.com/subhasundardass/retui/retui/components/number.go:572.24,578.5 5 0
github.com/subhasundardass/retui/retui/components/number.go:580.23,581.23 1 0
github.com/subhasundardass/retui/retui/components/number.go:581.23,582.50 1 0
github.com/subhasundardass/retui/retui/components/number.go:582.50,584.6 1 0
github.com/subhasundardass/retui/retui/components/number.go:585.5,585.10 1 0
github.com/subhasundardass/retui/retui/components/number.go:588.4,588.23 1 0
github.com/subhasundardass/retui/retui/components/number.go:588.23,591.50 3 0
github.com/subhasundardass/retui/retui/components/number.go:591.50,593.6 1 0
github.com/subhasundardass/retui/retui/components/number.go:594.5,594.10 1 0
github.com/subhasundardass/retui/retui/components/number.go:597.4,598.11 2 0
github.com/subhasundardass/retui/retui/components/number.go:598.11,600.5 1 0
github.com/subhasundardass/retui/retui/components/number.go:602.4,613.49 7 0
github.com/subhasundardass/retui/retui/components/number.go:613.49,615.5 1 0
github.com/subhasundardass/retui/retui/components/number.go:617.20,618.44 1 0
github.com/subhasundardass/retui/retui/components/number.go:618.44,619.10 1 0
github.com/subhasundardass/retui/retui/components/number.go:621.4,622.46 2 0
github.com/subhasundardass/retui/retui/components/number.go:622.46,628.50 6 0
github.com/subhasundardass/retui/retui/components/number.go:628.50,630.6 1 0
github.com/subhasundardass/retui/retui/components/number.go:633.22,634.44 1 0
github.com/subhasundardass/retui/retui/components/number.go:634.44,635.10 1 0
github.com/subhasundardass/retui/retui/components/number.go:637.4,638.46 2 0
github.com/subhasundardass/retui/retui/components/number.go:638.46,644.50 6 0
github.com/subhasundardass/retui/retui/components/number.go:644.50,646.6 1 0
github.com/subhasundardass/retui/retui/components/number.go:649.11,650.23 1 0
github.com/subhasundardass/retui/retui/components/number.go:650.23,651.10 1 0
github.com/subhasundardass/retui/retui/components/number.go:655.4,655.58 1 0
github.com/subhasundardass/retui/retui/components/number.go:655.58,659.17 3 0
github.com/subhasundardass/retui/retui/components/number.go:660.59,661.24 1 0
github.com/subhasundardass/retui/retui/components/number.go:662.14,663.66 1 0
github.com/subhasundardass/retui/retui/components/number.go:663.66,665.7 1 0
github.com/subhasundardass/retui/retui/components/number.go:666.14,667.55 1 0
github.com/subhasundardass/retui/retui/components/number.go:667.55,669.7 1 0
github.com/subhasundardass/retui/retui/components/number.go:672.5,672.21 1 0
github.com/subhasundardass/retui/retui/components/number.go:672.21,673.11 1 0
github.com/subhasundardass/retui/retui/components/number.go:676.5,682.49 6 0
github.com/subhasundardass/retui/retui/components/number.go:682.49,683.11 1 0
github.com/subhasundardass/retui/retui/components/number.go:686.5,689.38 4 0
github.com/subhasundardass/retui/retui/components/number.go:696.2,697.47 2 0
github.com/subhasundardass/retui/retui/components/number.go:697.47,699.3 1 0
github.com/subhasundardass/retui/retui/components/number.go:701.2,709.9 3 0
github.com/subhasundardass/retui/retui/components/number.go:710.23,711.54 1 0
github.com/subhasundardass/retui/retui/components/number.go:712.34,713.59 1 0
github.com/subhasundardass/retui/retui/components/number.go:714.15,718.14 1 0
github.com/subhasundardass/retui/retui/components/number.go:719.10,720.59 1 0
github.com/subhasundardass/retui/retui/components/number.go:724.2,725.13 2 0
github.com/subhasundardass/retui/retui/components/number.go:725.13,726.14 1 0
github.com/subhasundardass/retui/retui/components/number.go:726.14,728.4 1 0
github.com/subhasundardass/retui/retui/components/number.go:728.9,730.4 1 0
github.com/subhasundardass/retui/retui/components/number.go:733.2,734.13 2 0
github.com/subhasundardass/retui/retui/components/number.go:734.13,738.3 1 0
github.com/subhasundardass/retui/retui/components/number.go:738.8,741.3 1 0
github.com/subhasundardass/retui/retui/components/number.go:745.2,746.26 2 0
github.com/subhasundardass/retui/retui/components/number.go:746.26,751.22 3 0
github.com/subhasundardass/retui/retui/components/number.go:751.22,753.4 1 0
github.com/subhasundardass/retui/retui/components/number.go:755.3,755.36 1 0
github.com/subhasundardass/retui/retui/components/number.go:755.36,757.4 1 0
github.com/subhasundardass/retui/retui/components/number.go:757.9,759.4 1 0
github.com/subhasundardass/retui/retui/components/number.go:763.2,765.31 3 0
github.com/subhasundardass/retui/retui/components/number.go:765.31,769.3 2 0
github.com/subhasundardass/retui/retui/components/number.go:772.2,774.25 2 0
github.com/subhasundardass/retui/retui/components/number.go:774.25,776.3 1 0
github.com/subhasundardass/retui/retui/components/number.go:779.2,780.26 2 0
github.com/subhasundardass/retui/retui/components/number.go:780.26,782.3 1 0
github.com/subhasundardass/retui/retui/components/number.go:784.2,786.25 2 0
github.com/subhasundardass/retui/retui/components/number.go:786.25,788.3 1 0
github.com/subhasundardass/retui/retui/components/number.go:791.2,797.3 1 0
github.com/subhasundardass/retui/retui/components/number.go:802.77,808.2 1 0
github.com/subhasundardass/retui/retui/components/number.go:812.41,825.43 1 0
github.com/subhasundardass/retui/retui/components/number.go:825.43,827.4 1 0
github.com/subhasundardass/retui/retui/components/number.go:828.43,830.4 1 0
github.com/subhasundardass/retui/retui/components/number.go:834.2,844.43 1 0
github.com/subhasundardass/retui/retui/components/number.go:844.43,846.4 1 0
github.com/subhasundardass/retui/retui/components/number.go:847.43,849.4 1 0
github.com/subhasundardass/retui/retui/components/number.go:852.2,872.3 2 0
github.com/subhasundardass/retui/retui/components/panel.go:88.28,92.2 1 0
github.com/subhasundardass/retui/retui/components/panel.go:107.60,110.2 2 0
github.com/subhasundardass/retui/retui/components/panel.go:120.60,124.2 3 0
github.com/subhasundardass/retui/retui/components/panel.go:133.61,136.2 2 0
github.com/subhasundardass/retui/retui/components/panel.go:151.62,155.2 3 0
github.com/subhasundardass/retui/retui/components/panel.go:163.63,166.2 2 0
github.com/subhasundardass/retui/retui/components/panel.go:176.63,180.2 3 0
github.com/subhasundardass/retui/retui/components/panel.go:188.55,191.2 2 0
github.com/subhasundardass/retui/retui/components/panel.go:199.58,202.2 2 0
github.com/subhasundardass/retui/retui/components/panel.go:217.69,218.25 1 0
github.com/subhasundardass/retui/retui/components/panel.go:218.25,219.60 1 0
github.com/subhasundardass/retui/retui/components/panel.go:219.60,221.4 1 0
github.com/subhasundardass/retui/retui/components/panel.go:223.2,223.10 1 0
github.com/subhasundardass/retui/retui/components/panel.go:238.48,242.21 3 0
github.com/subhasundardass/retui/retui/components/panel.go:242.21,244.21 2 0
github.com/subhasundardass/retui/retui/components/panel.go:244.21,246.4 1 0
github.com/subhasundardass/retui/retui/components/panel.go:247.3,247.66 1 0
github.com/subhasundardass/retui/retui/components/panel.go:248.8,259.3 2 0
github.com/subhasundardass/retui/retui/components/panel.go:261.2,262.10 2 0
github.com/subhasundardass/retui/retui/components/panel.go:277.67,281.21 3 0
github.com/subhasundardass/retui/retui/components/panel.go:281.21,283.21 2 0
github.com/subhasundardass/retui/retui/components/panel.go:283.21,285.4 1 0
github.com/subhasundardass/retui/retui/components/panel.go:286.3,287.27 2 0
github.com/subhasundardass/retui/retui/components/panel.go:287.27,290.4 2 0
github.com/subhasundardass/retui/retui/components/panel.go:291.3,297.4 4 0
github.com/subhasundardass/retui/retui/components/panel.go:298.8,315.3 2 0
github.com/subhasundardass/retui/retui/components/panel.go:317.2,318.10 2 0
github.com/subhasundardass/retui/retui/components/panel.go:327.47,329.2 1 0
github.com/subhasundardass/retui/retui/components/panel.go:336.46,342.21 3 0
github.com/subhasundardass/retui/retui/components/panel.go:342.21,344.21 2 0
github.com/subhasundardass/retui/retui/components/panel.go:344.21,346.4 1 0
github.com/subhasundardass/retui/retui/components/panel.go:349.2,355.35 4 0
github.com/subhasundardass/retui/retui/components/panel.go:355.35,357.32 1 0
github.com/subhasundardass/retui/retui/components/panel.go:357.32,363.4 2 0
github.com/subhasundardass/retui/retui/components/panel.go:365.3,366.22 2 0
github.com/subhasundardass/retui/retui/components/panel.go:366.22,368.4 1 0
github.com/subhasundardass/retui/retui/components/panel.go:368.9,370.4 1 0
github.com/subhasundardass/retui/retui/components/panel.go:372.3,381.5 3 0
github.com/subhasundardass/retui/retui/components/panel.go:386.2,391.21 2 0
github.com/subhasundardass/retui/retui/components/panel.go:391.21,393.20 2 0
github.com/subhasundardass/retui/retui/components/panel.go:393.20,395.4 1 0
github.com/subhasundardass/retui/retui/components/panel.go:396.3,396.59 1 0
github.com/subhasundardass/retui/retui/components/panel.go:396.59,398.23 2 0
github.com/subhasundardass/retui/retui/components/panel.go:398.23,400.5 1 0
github.com/subhasundardass/retui/retui/components/panel.go:400.10,402.5 1 0
github.com/subhasundardass/retui/retui/components/panel.go:403.4,413.30 2 0
github.com/subhasundardass/retui/retui/components/panel.go:418.2,423.21 2 0
github.com/subhasundardass/retui/retui/components/panel.go:423.21,427.3 1 0
github.com/subhasundardass/retui/retui/components/panel.go:429.2,431.26 2 0
github.com/subhasundardass/retui/retui/components/panel.go:431.26,433.22 2 0
github.com/subhasundardass/retui/retui/components/panel.go:433.22,435.4 1 0
github.com/subhasundardass/retui/retui/components/panel.go:436.3,436.79 1 0
github.com/subhasundardass/retui/retui/components/panel.go:439.2,442.21 3 0
github.com/subhasundardass/retui/retui/components/panel.go:442.21,444.3 1 0
github.com/subhasundardass/retui/retui/components/panel.go:445.2,445.53 1 0
github.com/subhasundardass/retui/retui/components/panel.go:449.92,451.17 2 0
github.com/subhasundardass/retui/retui/components/panel.go:451.17,453.3 1 0
github.com/subhasundardass/retui/retui/components/panel.go:453.8,455.22 2 0
github.com/subhasundardass/retui/retui/components/panel.go:455.22,457.4 1 0
github.com/subhasundardass/retui/retui/components/panel.go:457.9,459.4 1 0
github.com/subhasundardass/retui/retui/components/panel.go:460.3,463.4 1 0
github.com/subhasundardass/retui/retui/components/panel.go:466.2,474.15 3 0
github.com/subhasundardass/retui/retui/components/panel.go:480.112,481.21 1 0
github.com/subhasundardass/retui/retui/components/panel.go:481.21,482.21 1 0
github.com/subhasundardass/retui/retui/components/panel.go:482.21,484.4 1 0
github.com/subhasundardass/retui/retui/components/panel.go:485.3,485.69 1 0
github.com/subhasundardass/retui/retui/components/panel.go:487.2,498.3 2 0
github.com/subhasundardass/retui/retui/components/panel.go:502.50,503.20 1 0
github.com/subhasundardass/retui/retui/components/panel.go:503.20,505.3 1 0
github.com/subhasundardass/retui/retui/components/panel.go:506.2,506.51 1 0
github.com/subhasundardass/retui/retui/components/panel.go:521.42,522.60 1 0
github.com/subhasundardass/retui/retui/components/panel.go:522.60,524.3 1 0
github.com/subhasundardass/retui/retui/components/panel.go:525.2,525.17 1 0
github.com/subhasundardass/retui/retui/components/panel.go:526.25,527.20 1 0
github.com/subhasundardass/retui/retui/components/panel.go:527.20,529.4 1 0
github.com/subhasundardass/retui/retui/components/panel.go:530.3,530.42 1 0
github.com/subhasundardass/retui/retui/components/panel.go:531.24,532.30 1 0
github.com/subhasundardass/retui/retui/components/panel.go:533.10,534.11 1 0
github.com/subhasundardass/retui/retui/components/panel.go:541.45,548.54 2 0
github.com/subhasundardass/retui/retui/components/panel.go:548.54,550.3 1 0
github.com/subhasundardass/retui/retui/components/panel.go:552.2,552.27 1 0
github.com/subhasundardass/retui/retui/components/panel.go:552.27,554.3 1 0
github.com/subhasundardass/retui/retui/components/panel.go:556.2,556.38 1 0
github.com/subhasundardass/retui/retui/components/panel.go:556.38,559.33 2 0
github.com/subhasundardass/retui/retui/components/panel.go:559.33,560.38 1 0
github.com/subhasundardass/retui/retui/components/panel.go:560.38,562.5 1 0
github.com/subhasundardass/retui/retui/components/panel.go:564.3,564.19 1 0
github.com/subhasundardass/retui/retui/components/panel.go:568.2,569.32 2 0
github.com/subhasundardass/retui/retui/components/panel.go:569.32,571.3 1 0
github.com/subhasundardass/retui/retui/components/panel.go:572.2,572.20 1 0
github.com/subhasundardass/retui/retui/components/panel.go:581.77,582.17 1 0
github.com/subhasundardass/retui/retui/components/panel.go:582.17,584.3 1 0
github.com/subhasundardass/retui/retui/components/panel.go:585.2,586.23 2 0
github.com/subhasundardass/retui/retui/components/panel.go:586.23,588.3 1 0
github.com/subhasundardass/retui/retui/components/panel.go:589.2,593.3 1 0
github.com/subhasundardass/retui/retui/components/password.go:56.32,81.2 1 0
github.com/subhasundardass/retui/retui/components/password.go:83.53,86.2 2 0
github.com/subhasundardass/retui/retui/components/password.go:88.56,91.2 2 0
github.com/subhasundardass/retui/retui/components/password.go:93.62,96.2 2 0
github.com/subhasundardass/retui/retui/components/password.go:98.53,101.2 2 0
github.com/subhasundardass/retui/retui/components/password.go:103.57,106.2 2 0
github.com/subhasundardass/retui/retui/components/password.go:108.57,111.2 2 0
github.com/subhasundardass/retui/retui/components/password.go:113.61,116.2 2 0
github.com/subhasundardass/retui/retui/components/password.go:118.57,121.2 2 0
github.com/subhasundardass/retui/retui/components/password.go:123.57,126.2 2 0
github.com/subhasundardass/retui/retui/components/password.go:129.56,132.2 2 0
github.com/subhasundardass/retui/retui/components/password.go:133.57,136.2 2 0
github.com/subhasundardass/retui/retui/components/password.go:137.55,140.2 2 0
github.com/subhasundardass/retui/retui/components/password.go:144.59,147.2 2 0
github.com/subhasundardass/retui/retui/components/password.go:149.61,152.2 2 0
github.com/subhasundardass/retui/retui/components/password.go:154.56,157.2 2 0
github.com/subhasundardass/retui/retui/components/password.go:159.74,162.2 2 0
github.com/subhasundardass/retui/retui/components/password.go:164.84,167.2 2 0
github.com/subhasundardass/retui/retui/components/password.go:169.65,172.2 2 0
github.com/subhasundardass/retui/retui/components/password.go:174.64,177.2 2 0
github.com/subhasundardass/retui/retui/components/password.go:179.74,182.2 2 0
github.com/subhasundardass/retui/retui/components/password.go:186.48,188.2 1 0
github.com/subhasundardass/retui/retui/components/password.go:193.57,194.17 1 0
github.com/subhasundardass/retui/retui/components/password.go:194.17,196.3 1 0
github.com/subhasundardass/retui/retui/components/password.go:198.2,200.45 2 0
github.com/subhasundardass/retui/retui/components/password.go:205.73,208.19 1 0
github.com/subhasundardass/retui/retui/components/password.go:208.19,210.3 1 0
github.com/subhasundardass/retui/retui/components/password.go:214.2,221.22 3 0
github.com/subhasundardass/retui/retui/components/password.go:221.22,224.3 2 0
github.com/subhasundardass/retui/retui/components/password.go:225.2,225.13 1 0
github.com/subhasundardass/retui/retui/components/password.go:225.13,228.3 2 0
github.com/subhasundardass/retui/retui/components/password.go:231.2,231.77 1 0
github.com/subhasundardass/retui/retui/components/password.go:231.77,233.3 1 0
github.com/subhasundardass/retui/retui/components/password.go:235.2,235.77 1 0
github.com/subhasundardass/retui/retui/components/password.go:235.77,237.3 1 0
github.com/subhasundardass/retui/retui/components/password.go:240.2,240.33 1 0
github.com/subhasundardass/retui/retui/components/password.go:240.33,243.50 2 0
github.com/subhasundardass/retui/retui/components/password.go:243.50,244.41 1 0
github.com/subhasundardass/retui/retui/components/password.go:244.41,245.16 1 0
github.com/subhasundardass/retui/retui/components/password.go:249.3,249.19 1 0
github.com/subhasundardass/retui/retui/components/password.go:250.22,251.15 1 0
github.com/subhasundardass/retui/retui/components/password.go:251.15,253.5 1 0
github.com/subhasundardass/retui/retui/components/password.go:255.23,256.24 1 0
github.com/subhasundardass/retui/retui/components/password.go:256.24,258.5 1 0
github.com/subhasundardass/retui/retui/components/password.go:260.27,261.33 1 0
github.com/subhasundardass/retui/retui/components/password.go:261.33,265.50 4 0
github.com/subhasundardass/retui/retui/components/password.go:265.50,267.6 1 0
github.com/subhasundardass/retui/retui/components/password.go:268.5,268.20 1 0
github.com/subhasundardass/retui/retui/components/password.go:271.22,272.13 1 0
github.com/subhasundardass/retui/retui/components/password.go:274.21,275.22 1 0
github.com/subhasundardass/retui/retui/components/password.go:277.24,278.24 1 0
github.com/subhasundardass/retui/retui/components/password.go:278.24,282.50 4 0
github.com/subhasundardass/retui/retui/components/password.go:282.50,284.6 1 0
github.com/subhasundardass/retui/retui/components/password.go:287.23,288.61 1 0
github.com/subhasundardass/retui/retui/components/password.go:288.61,291.5 1 0
github.com/subhasundardass/retui/retui/components/password.go:292.4,292.49 1 0
github.com/subhasundardass/retui/retui/components/password.go:292.49,294.5 1 0
github.com/subhasundardass/retui/retui/components/password.go:296.11,298.58 1 0
github.com/subhasundardass/retui/retui/components/password.go:298.58,299.63 1 0
github.com/subhasundardass/retui/retui/components/password.go:299.63,303.51 4 0
github.com/subhasundardass/retui/retui/components/password.go:303.51,305.7 1 0
github.com/subhasundardass/retui/retui/components/password.go:306.6,306.21 1 0
github.com/subhasundardass/retui/retui/components/password.go:314.2,315.22 2 0
github.com/subhasundardass/retui/retui/components/password.go:315.22,317.3 1 0
github.com/subhasundardass/retui/retui/components/password.go:320.2,324.24 3 0
github.com/subhasundardass/retui/retui/components/password.go:324.24,326.3 1 0
github.com/subhasundardass/retui/retui/components/password.go:326.8,326.49 1 0
github.com/subhasundardass/retui/retui/components/password.go:326.49,328.3 1 0
github.com/subhasundardass/retui/retui/components/password.go:331.2,332.13 2 0
github.com/subhasundardass/retui/retui/components/password.go:332.13,337.3 1 0
github.com/subhasundardass/retui/retui/components/password.go:337.8,341.3 1 0
github.com/subhasundardass/retui/retui/components/password.go:344.2,345.13 2 0
github.com/subhasundardass/retui/retui/components/password.go:345.13,346.14 1 0
github.com/subhasundardass/retui/retui/components/password.go:346.14,348.4 1 0
github.com/subhasundardass/retui/retui/components/password.go:348.9,350.4 1 0
github.com/subhasundardass/retui/retui/components/password.go:353.2,354.13 2 0
github.com/subhasundardass/retui/retui/components/password.go:354.13,358.3 1 0
github.com/subhasundardass/retui/retui/components/password.go:358.8,361.3 1 0
github.com/subhasundardass/retui/retui/components/password.go:364.2,365.35 2 0
github.com/subhasundardass/retui/retui/components/password.go:365.35,369.30 2 0
github.com/subhasundardass/retui/retui/components/password.go:369.30,371.4 1 0
github.com/subhasundardass/retui/retui/components/password.go:371.9,373.4 1 0
github.com/subhasundardass/retui/retui/components/password.go:374.8,374.42 1 0
github.com/subhasundardass/retui/retui/components/password.go:374.42,377.3 1 0
github.com/subhasundardass/retui/retui/components/password.go:380.2,382.31 3 0
github.com/subhasundardass/retui/retui/components/password.go:382.31,385.3 2 0
github.com/subhasundardass/retui/retui/components/password.go:388.2,390.25 2 0
github.com/subhasundardass/retui/retui/components/password.go:390.25,392.3 1 0
github.com/subhasundardass/retui/retui/components/password.go:395.2,396.26 2 0
github.com/subhasundardass/retui/retui/components/password.go:396.26,398.3 1 0
github.com/subhasundardass/retui/retui/components/password.go:400.2,402.25 2 0
github.com/subhasundardass/retui/retui/components/password.go:402.25,404.3 1 0
github.com/subhasundardass/retui/retui/components/password.go:407.2,413.3 1 0
github.com/subhasundardass/retui/retui/components/password.go:418.76,424.2 1 0
github.com/subhasundardass/retui/retui/components/progress_bar.go:11.77,12.15 1 0
github.com/subhasundardass/retui/retui/components/progress_bar.go:12.15,14.3 1 0
github.com/subhasundardass/retui/retui/components/progress_bar.go:15.2,15.15 1 0
github.com/subhasundardass/retui/retui/components/progress_bar.go:15.15,17.3 1 0
github.com/subhasundardass/retui/retui/components/progress_bar.go:18.2,22.57 5 0
github.com/subhasundardass/retui/retui/components/select_dropdown.go:61.36,72.2 1 0
github.com/subhasundardass/retui/retui/components/select_dropdown.go:74.62,74.91 2 0
github.com/subhasundardass/retui/retui/components/select_dropdown.go:75.62,75.94 2 0
github.com/subhasundardass/retui/retui/components/select_dropdown.go:76.62,76.96 2 0
github.com/subhasundardass/retui/retui/components/select_dropdown.go:77.62,77.94 2 0
github.com/subhasundardass/retui/retui/components/select_dropdown.go:78.62,78.100 2 0
github.com/subhasundardass/retui/retui/components/select_dropdown.go:79.62,79.94 2 0
github.com/subhasundardass/retui/retui/components/select_dropdown.go:80.62,80.95 2 0
github.com/subhasundardass/retui/retui/components/select_dropdown.go:81.62,81.95 2 0
github.com/subhasundardass/retui/retui/components/select_dropdown.go:82.62,82.97 2 0
github.com/subhasundardass/retui/retui/components/select_dropdown.go:83.62,83.89 2 0
github.com/subhasundardass/retui/retui/components/select_dropdown.go:84.62,84.95 2 0
github.com/subhasundardass/retui/retui/components/select_dropdown.go:85.62,85.95 2 0
github.com/subhasundardass/retui/retui/components/select_dropdown.go:87.70,90.2 2 0
github.com/subhasundardass/retui/retui/components/select_dropdown.go:92.80,95.2 2 0
github.com/subhasundardass/retui/retui/components/select_dropdown.go:97.61,100.2 2 0
github.com/subhasundardass/retui/retui/components/select_dropdown.go:102.60,105.2 2 0
github.com/subhasundardass/retui/retui/components/select_dropdown.go:107.72,110.2 2 0
github.com/subhasundardass/retui/retui/components/select_dropdown.go:116.85,119.2 2 0
github.com/subhasundardass/retui/retui/components/select_dropdown.go:121.60,125.2 3 0
github.com/subhasundardass/retui/retui/components/select_dropdown.go:129.46,131.2 1 0
github.com/subhasundardass/retui/retui/components/select_dropdown.go:157.69,164.21 6 0
github.com/subhasundardass/retui/retui/components/select_dropdown.go:164.21,166.3 1 0
github.com/subhasundardass/retui/retui/components/select_dropdown.go:168.2,168.57 1 0
github.com/subhasundardass/retui/retui/components/select_dropdown.go:168.57,170.3 1 0
github.com/subhasundardass/retui/retui/components/select_dropdown.go:171.2,171.57 1 0
github.com/subhasundardass/retui/retui/components/select_dropdown.go:171.57,173.3 1 0
github.com/subhasundardass/retui/retui/components/select_dropdown.go:184.2,186.44 2 0
github.com/subhasundardass/retui/retui/components/select_dropdown.go:186.44,189.10 3 0
github.com/subhasundardass/retui/retui/components/select_dropdown.go:189.10,191.4 1 0
github.com/subhasundardass/retui/retui/components/select_dropdown.go:193.3,206.52 12 0
github.com/subhasundardass/retui/retui/components/select_dropdown.go:206.52,208.4 1 0
github.com/subhasundardass/retui/retui/components/select_dropdown.go:211.2,211.25 1 0
github.com/subhasundardass/retui/retui/components/select_dropdown.go:211.25,212.14 1 0
github.com/subhasundardass/retui/retui/components/select_dropdown.go:212.14,217.4 1 0
github.com/subhasundardass/retui/retui/components/select_dropdown.go:218.3,227.52 8 0
github.com/subhasundardass/retui/retui/components/select_dropdown.go:227.52,229.4 1 0
github.com/subhasundardass/retui/retui/components/select_dropdown.go:232.2,232.22 1 0
github.com/subhasundardass/retui/retui/components/select_dropdown.go:232.22,238.13 3 0
github.com/subhasundardass/retui/retui/components/select_dropdown.go:238.13,241.4 2 0
github.com/subhasundardass/retui/retui/components/select_dropdown.go:243.3,244.9 2 0
github.com/subhasundardass/retui/retui/components/select_dropdown.go:244.9,247.32 2 0
github.com/subhasundardass/retui/retui/components/select_dropdown.go:247.32,249.5 1 0
github.com/subhasundardass/retui/retui/components/select_dropdown.go:251.4,251.64 1 0
github.com/subhasundardass/retui/retui/components/select_dropdown.go:251.64,252.16 1 0
github.com/subhasundardass/retui/retui/components/select_dropdown.go:252.16,253.22 1 0
github.com/subhasundardass/retui/retui/components/select_dropdown.go:254.57,255.18 1 0
github.com/subhasundardass/retui/retui/components/select_dropdown.go:255.18,257.8 1 0
github.com/subhasundardass/retui/retui/components/select_dropdown.go:259.14,260.72 1 0
github.com/subhasundardass/retui/retui/components/select_dropdown.go:260.72,264.8 1 0
github.com/subhasundardass/retui/retui/components/select_dropdown.go:266.11,267.22 1 0
github.com/subhasundardass/retui/retui/components/select_dropdown.go:269.27,270.21 1 0
github.com/subhasundardass/retui/retui/components/select_dropdown.go:272.26,273.65 1 0
github.com/subhasundardass/retui/retui/components/select_dropdown.go:273.65,275.25 2 0
github.com/subhasundardass/retui/retui/components/select_dropdown.go:275.25,277.54 2 0
github.com/subhasundardass/retui/retui/components/select_dropdown.go:277.54,279.10 1 0
github.com/subhasundardass/retui/retui/components/select_dropdown.go:282.7,282.21 1 0
github.com/subhasundardass/retui/retui/components/select_dropdown.go:284.23,286.34 2 0
github.com/subhasundardass/retui/retui/components/select_dropdown.go:288.25,290.34 2 0
github.com/subhasundardass/retui/retui/components/select_dropdown.go:292.25,294.34 2 0
github.com/subhasundardass/retui/retui/components/select_dropdown.go:296.24,298.34 2 0
github.com/subhasundardass/retui/retui/components/select_dropdown.go:300.30,301.30 1 0
github.com/subhasundardass/retui/retui/components/select_dropdown.go:301.30,309.8 6 0
github.com/subhasundardass/retui/retui/components/select_dropdown.go:311.24,312.21 1 0
github.com/subhasundardass/retui/retui/components/select_dropdown.go:314.14,315.61 1 0
github.com/subhasundardass/retui/retui/components/select_dropdown.go:315.61,323.8 6 0
github.com/subhasundardass/retui/retui/components/select_dropdown.go:334.2,334.24 1 0
github.com/subhasundardass/retui/retui/components/select_dropdown.go:334.24,336.3 1 0
github.com/subhasundardass/retui/retui/components/select_dropdown.go:338.2,338.94 1 0
github.com/subhasundardass/retui/retui/components/select_dropdown.go:350.17,352.33 1 0
github.com/subhasundardass/retui/retui/components/select_dropdown.go:352.33,354.3 1 0
github.com/subhasundardass/retui/retui/components/select_dropdown.go:355.2,355.21 1 0
github.com/subhasundardass/retui/retui/components/select_dropdown.go:355.21,357.3 1 0
github.com/subhasundardass/retui/retui/components/select_dropdown.go:363.2,365.18 3 0
github.com/subhasundardass/retui/retui/components/select_dropdown.go:365.18,366.38 1 0
github.com/subhasundardass/retui/retui/components/select_dropdown.go:366.38,367.46 1 0
github.com/subhasundardass/retui/retui/components/select_dropdown.go:367.46,369.10 2 0
github.com/subhasundardass/retui/retui/components/select_dropdown.go:372.3,372.42 1 0
github.com/subhasundardass/retui/retui/components/select_dropdown.go:372.42,373.32 1 0
github.com/subhasundardass/retui/retui/components/select_dropdown.go:373.32,374.47 1 0
github.com/subhasundardass/retui/retui/components/select_dropdown.go:374.47,376.11 2 0
github.com/subhasundardass/retui/retui/components/select_dropdown.go:382.2,383.12 2 0
github.com/subhasundardass/retui/retui/components/select_dropdown.go:383.12,384.23 1 0
github.com/subhasundardass/retui/retui/components/select_dropdown.go:384.23,386.4 1 0
github.com/subhasundardass/retui/retui/components/select_dropdown.go:386.9,388.4 1 0
github.com/subhasundardass/retui/retui/components/select_dropdown.go:395.2,396.12 2 0
github.com/subhasundardass/retui/retui/components/select_dropdown.go:396.12,398.3 1 0
github.com/subhasundardass/retui/retui/components/select_dropdown.go:403.2,406.22 3 0
github.com/subhasundardass/retui/retui/components/select_dropdown.go:406.22,411.3 1 0
github.com/subhasundardass/retui/retui/components/select_dropdown.go:411.8,414.3 1 0
github.com/subhasundardass/retui/retui/components/select_dropdown.go:416.2,417.22 2 0
github.com/subhasundardass/retui/retui/components/select_dropdown.go:417.22,419.3 1 0
github.com/subhasundardass/retui/retui/components/select_dropdown.go:422.2,428.24 6 0
github.com/subhasundardass/retui/retui/components/select_dropdown.go:428.24,430.3 1 0
github.com/subhasundardass/retui/retui/components/select_dropdown.go:432.2,434.33 3 0
github.com/subhasundardass/retui/retui/components/select_dropdown.go:434.33,436.3 1 0
github.com/subhasundardass/retui/retui/components/select_dropdown.go:439.2,442.25 2 0
github.com/subhasundardass/retui/retui/components/select_dropdown.go:442.25,444.23 2 0
github.com/subhasundardass/retui/retui/components/select_dropdown.go:444.23,446.4 1 0
github.com/subhasundardass/retui/retui/components/select_dropdown.go:447.3,447.80 1 0
github.com/subhasundardass/retui/retui/components/select_dropdown.go:451.2,454.25 2 0
github.com/subhasundardass/retui/retui/components/select_dropdown.go:454.25,456.23 2 0
github.com/subhasundardass/retui/retui/components/select_dropdown.go:456.23,458.4 1 0
github.com/subhasundardass/retui/retui/components/select_dropdown.go:459.3,459.80 1 0
github.com/subhasundardass/retui/retui/components/select_dropdown.go:463.2,475.24 5 0
github.com/subhasundardass/retui/retui/components/select_dropdown.go:475.24,485.3 4 0
github.com/subhasundardass/retui/retui/components/select_dropdown.go:487.2,487.13 1 0
github.com/subhasundardass/retui/retui/components/select_dropdown.go:487.13,489.3 1 0
github.com/subhasundardass/retui/retui/components/select_dropdown.go:491.2,530.3 6 0
github.com/subhasundardass/retui/retui/components/select_dropdown.go:533.100,534.23 1 0
github.com/subhasundardass/retui/retui/components/select_dropdown.go:534.23,544.3 1 0
github.com/subhasundardass/retui/retui/components/select_dropdown.go:546.2,547.34 2 0
github.com/subhasundardass/retui/retui/components/select_dropdown.go:547.34,549.16 2 0
github.com/subhasundardass/retui/retui/components/select_dropdown.go:549.16,551.4 1 0
github.com/subhasundardass/retui/retui/components/select_dropdown.go:552.3,553.25 2 0
github.com/subhasundardass/retui/retui/components/select_dropdown.go:553.25,556.4 2 0
github.com/subhasundardass/retui/retui/components/select_dropdown.go:559.2,560.31 2 0
github.com/subhasundardass/retui/retui/components/select_dropdown.go:560.31,565.10 4 0
github.com/subhasundardass/retui/retui/components/select_dropdown.go:566.21,568.24 2 0
github.com/subhasundardass/retui/retui/components/select_dropdown.go:568.24,571.5 1 0
github.com/subhasundardass/retui/retui/components/select_dropdown.go:572.25,573.86 1 0
github.com/subhasundardass/retui/retui/components/select_dropdown.go:574.34,575.19 1 0
github.com/subhasundardass/retui/retui/components/select_dropdown.go:578.3,579.55 2 0
github.com/subhasundardass/retui/retui/components/select_dropdown.go:582.2,590.3 1 0
github.com/subhasundardass/retui/retui/components/select_dropdown.go:595.71,597.30 2 0
github.com/subhasundardass/retui/retui/components/select_dropdown.go:597.30,598.44 1 0
github.com/subhasundardass/retui/retui/components/select_dropdown.go:598.44,600.4 1 0
github.com/subhasundardass/retui/retui/components/select_dropdown.go:602.2,602.18 1 0
github.com/subhasundardass/retui/retui/components/select_dropdown.go:605.52,606.30 1 0
github.com/subhasundardass/retui/retui/components/select_dropdown.go:606.30,607.20 1 0
github.com/subhasundardass/retui/retui/components/select_dropdown.go:607.20,609.4 1 0
github.com/subhasundardass/retui/retui/components/select_dropdown.go:611.2,611.10 1 0
github.com/subhasundardass/retui/retui/components/select_dropdown.go:614.51,615.41 1 0
github.com/subhasundardass/retui/retui/components/select_dropdown.go:615.41,616.27 1 0
github.com/subhasundardass/retui/retui/components/select_dropdown.go:616.27,618.4 1 0
github.com/subhasundardass/retui/retui/components/select_dropdown.go:620.2,620.10 1 0
github.com/subhasundardass/retui/retui/components/select_dropdown.go:623.79,624.23 1 0
github.com/subhasundardass/retui/retui/components/select_dropdown.go:624.23,626.3 1 0
github.com/subhasundardass/retui/retui/components/select_dropdown.go:627.2,628.33 2 0
github.com/subhasundardass/retui/retui/components/select_dropdown.go:628.33,629.27 1 0
github.com/subhasundardass/retui/retui/components/select_dropdown.go:629.27,631.4 1 0
github.com/subhasundardass/retui/retui/components/select_dropdown.go:632.3,632.17 1 0
github.com/subhasundardass/retui/retui/components/select_dropdown.go:634.2,634.16 1 0
github.com/subhasundardass/retui/retui/components/select_dropdown.go:650.71,651.28 1 0
github.com/subhasundardass/retui/retui/components/select_dropdown.go:651.28,653.3 1 0
github.com/subhasundardass/retui/retui/components/select_dropdown.go:654.2,654.17 1 0
github.com/subhasundardass/retui/retui/components/select_dropdown.go:654.17,656.3 1 0
github.com/subhasundardass/retui/retui/components/select_dropdown.go:657.2,658.37 2 0
github.com/subhasundardass/retui/retui/components/select_dropdown.go:658.37,659.75 1 0
github.com/subhasundardass/retui/retui/components/select_dropdown.go:659.75,661.4 1 0
github.com/subhasundardass/retui/retui/components/select_dropdown.go:663.2,663.12 1 0
github.com/subhasundardass/retui/retui/components/select_dropdown.go:666.53,668.28 2 0
github.com/subhasundardass/retui/retui/components/select_dropdown.go:668.28,670.3 1 0
github.com/subhasundardass/retui/retui/components/select_dropdown.go:671.2,671.19 1 0
github.com/subhasundardass/retui/retui/components/select_dropdown.go:671.19,673.3 1 0
github.com/subhasundardass/retui/retui/components/select_dropdown.go:674.2,674.43 1 0
github.com/subhasundardass/retui/retui/components/select_dropdown.go:681.51,682.15 1 0
github.com/subhasundardass/retui/retui/components/select_dropdown.go:682.15,684.3 1 0
github.com/subhasundardass/retui/retui/components/select_dropdown.go:685.2,688.21 4 0
github.com/subhasundardass/retui/retui/components/select_dropdown.go:688.21,690.3 1 0
github.com/subhasundardass/retui/retui/components/select_dropdown.go:691.2,691.18 1 0
github.com/subhasundardass/retui/retui/components/select_picker.go:46.40,64.2 1 0
github.com/subhasundardass/retui/retui/components/select_picker.go:66.61,69.2 2 0
github.com/subhasundardass/retui/retui/components/select_picker.go:71.68,74.2 2 0
github.com/subhasundardass/retui/retui/components/select_picker.go:76.64,79.2 2 0
github.com/subhasundardass/retui/retui/components/select_picker.go:81.61,84.2 2 0
github.com/subhasundardass/retui/retui/components/select_picker.go:86.65,89.2 2 0
github.com/subhasundardass/retui/retui/components/select_picker.go:91.65,94.2 2 0
github.com/subhasundardass/retui/retui/components/select_picker.go:96.73,99.2 2 0
github.com/subhasundardass/retui/retui/components/select_picker.go:101.64,104.2 2 0
github.com/subhasundardass/retui/retui/components/select_picker.go:106.87,109.2 2 0
github.com/subhasundardass/retui/retui/components/select_picker.go:111.92,114.2 2 0
github.com/subhasundardass/retui/retui/components/select_picker.go:116.73,119.2 2 0
github.com/subhasundardass/retui/retui/components/select_picker.go:121.72,124.2 2 0
github.com/subhasundardass/retui/retui/components/select_picker.go:126.87,129.2 2 0
github.com/subhasundardass/retui/retui/components/select_picker.go:133.52,135.2 1 0
github.com/subhasundardass/retui/retui/components/select_picker.go:139.81,144.33 2 0
github.com/subhasundardass/retui/retui/components/select_picker.go:144.33,146.3 1 0
github.com/subhasundardass/retui/retui/components/select_picker.go:149.2,149.18 1 0
github.com/subhasundardass/retui/retui/components/select_picker.go:149.18,152.3 2 0
github.com/subhasundardass/retui/retui/components/select_picker.go:153.2,153.37 1 0
github.com/subhasundardass/retui/retui/components/select_picker.go:153.37,156.3 2 0
github.com/subhasundardass/retui/retui/components/select_picker.go:159.2,159.57 1 0
github.com/subhasundardass/retui/retui/components/select_picker.go:159.57,161.3 1 0
github.com/subhasundardass/retui/retui/components/select_picker.go:163.2,163.57 1 0
github.com/subhasundardass/retui/retui/components/select_picker.go:163.57,165.3 1 0
github.com/subhasundardass/retui/retui/components/select_picker.go:168.2,168.13 1 0
github.com/subhasundardass/retui/retui/components/select_picker.go:168.13,171.50 2 0
github.com/subhasundardass/retui/retui/components/select_picker.go:171.50,172.41 1 0
github.com/subhasundardass/retui/retui/components/select_picker.go:172.41,173.16 1 0
github.com/subhasundardass/retui/retui/components/select_picker.go:177.3,177.19 1 0
github.com/subhasundardass/retui/retui/components/select_picker.go:178.22,179.20 1 0
github.com/subhasundardass/retui/retui/components/select_picker.go:179.20,182.50 3 0
github.com/subhasundardass/retui/retui/components/select_picker.go:182.50,184.6 1 0
github.com/subhasundardass/retui/retui/components/select_picker.go:187.23,188.40 1 0
github.com/subhasundardass/retui/retui/components/select_picker.go:188.40,191.50 3 0
github.com/subhasundardass/retui/retui/components/select_picker.go:191.50,193.6 1 0
github.com/subhasundardass/retui/retui/components/select_picker.go:196.23,197.49 1 0
github.com/subhasundardass/retui/retui/components/select_picker.go:197.49,199.5 1 0
github.com/subhasundardass/retui/retui/components/select_picker.go:205.2,209.13 3 0
github.com/subhasundardass/retui/retui/components/select_picker.go:209.13,213.3 1 0
github.com/subhasundardass/retui/retui/components/select_picker.go:213.8,216.3 1 0
github.com/subhasundardass/retui/retui/components/select_picker.go:219.2,222.22 2 0
github.com/subhasundardass/retui/retui/components/select_picker.go:222.22,224.32 2 0
github.com/subhasundardass/retui/retui/components/select_picker.go:224.32,227.4 2 0
github.com/subhasundardass/retui/retui/components/select_picker.go:231.2,232.13 2 0
github.com/subhasundardass/retui/retui/components/select_picker.go:232.13,234.3 1 0
github.com/subhasundardass/retui/retui/components/select_picker.go:234.8,236.3 1 0
github.com/subhasundardass/retui/retui/components/select_picker.go:238.2,239.13 2 0
github.com/subhasundardass/retui/retui/components/select_picker.go:239.13,241.3 1 0
github.com/subhasundardass/retui/retui/components/select_picker.go:241.8,243.3 1 0
github.com/subhasundardass/retui/retui/components/select_picker.go:246.2,248.25 2 0
github.com/subhasundardass/retui/retui/components/select_picker.go:248.25,250.3 1 0
github.com/subhasundardass/retui/retui/components/select_picker.go:252.2,254.25 2 0
github.com/subhasundardass/retui/retui/components/select_picker.go:254.25,256.3 1 0
github.com/subhasundardass/retui/retui/components/select_picker.go:259.2,265.3 1 0
github.com/subhasundardass/retui/retui/components/spinner.go:9.42,16.2 3 0
github.com/subhasundardass/retui/retui/components/table.go:69.26,87.2 1 0
github.com/subhasundardass/retui/retui/components/table.go:90.47,93.2 2 0
github.com/subhasundardass/retui/retui/components/table.go:96.60,99.2 2 0
github.com/subhasundardass/retui/retui/components/table.go:102.56,105.2 2 0
github.com/subhasundardass/retui/retui/components/table.go:108.56,111.2 2 0
github.com/subhasundardass/retui/retui/components/table.go:114.57,117.2 2 0
github.com/subhasundardass/retui/retui/components/table.go:120.59,123.2 2 0
github.com/subhasundardass/retui/retui/components/table.go:126.61,129.2 2 0
github.com/subhasundardass/retui/retui/components/table.go:132.60,135.2 2 0
github.com/subhasundardass/retui/retui/components/table.go:138.60,141.2 2 0
github.com/subhasundardass/retui/retui/components/table.go:144.59,147.2 2 0
github.com/subhasundardass/retui/retui/components/table.go:150.65,153.2 2 0
github.com/subhasundardass/retui/retui/components/table.go:156.70,159.2 2 0
github.com/subhasundardass/retui/retui/components/table.go:162.65,165.2 2 0
github.com/subhasundardass/retui/retui/components/table.go:168.72,171.2 2 0
github.com/subhasundardass/retui/retui/components/table.go:174.72,177.2 2 0
github.com/subhasundardass/retui/retui/components/table.go:180.67,183.2 2 0
github.com/subhasundardass/retui/retui/components/table.go:186.62,189.2 2 0
github.com/subhasundardass/retui/retui/components/table.go:192.67,195.2 2 0
github.com/subhasundardass/retui/retui/components/table.go:198.62,201.2 2 0
github.com/subhasundardass/retui/retui/components/table.go:204.65,207.2 2 0
github.com/subhasundardass/retui/retui/components/table.go:210.65,213.2 2 0
github.com/subhasundardass/retui/retui/components/table.go:216.66,219.2 2 0
github.com/subhasundardass/retui/retui/components/table.go:222.57,225.2 2 0
github.com/subhasundardass/retui/retui/components/table.go:228.57,231.2 2 0
github.com/subhasundardass/retui/retui/components/table.go:234.59,237.2 2 0
github.com/subhasundardass/retui/retui/components/table.go:240.62,243.2 2 0
github.com/subhasundardass/retui/retui/components/table.go:248.51,252.2 3 0
github.com/subhasundardass/retui/retui/components/table.go:257.53,261.2 3 0
github.com/subhasundardass/retui/retui/components/table.go:272.45,277.63 3 0
github.com/subhasundardass/retui/retui/components/table.go:277.63,278.32 1 0
github.com/subhasundardass/retui/retui/components/table.go:279.22,280.34 1 0
github.com/subhasundardass/retui/retui/components/table.go:280.34,283.28 3 0
github.com/subhasundardass/retui/retui/components/table.go:283.28,285.6 1 0
github.com/subhasundardass/retui/retui/components/table.go:287.20,288.20 1 0
github.com/subhasundardass/retui/retui/components/table.go:288.20,291.28 3 0
github.com/subhasundardass/retui/retui/components/table.go:291.28,293.6 1 0
github.com/subhasundardass/retui/retui/components/table.go:295.23,296.27 1 0
github.com/subhasundardass/retui/retui/components/table.go:296.27,298.5 1 0
github.com/subhasundardass/retui/retui/components/table.go:302.2,305.40 3 0
github.com/subhasundardass/retui/retui/components/table.go:305.40,307.3 1 0
github.com/subhasundardass/retui/retui/components/table.go:309.2,310.42 2 0
github.com/subhasundardass/retui/retui/components/table.go:310.42,312.3 1 0
github.com/subhasundardass/retui/retui/components/table.go:314.2,321.57 1 0
github.com/subhasundardass/retui/retui/components/table.go:321.57,324.26 1 0
github.com/subhasundardass/retui/retui/components/table.go:324.26,326.5 1 0
github.com/subhasundardass/retui/retui/components/table.go:327.4,327.27 1 0
github.com/subhasundardass/retui/retui/components/table.go:327.27,329.5 1 0
github.com/subhasundardass/retui/retui/components/table.go:330.4,330.20 1 0
github.com/subhasundardass/retui/retui/components/table.go:336.44,339.54 3 0
github.com/subhasundardass/retui/retui/components/table.go:339.54,341.3 1 0
github.com/subhasundardass/retui/retui/components/table.go:343.2,347.21 3 0
github.com/subhasundardass/retui/retui/components/table.go:347.21,349.3 1 0
github.com/subhasundardass/retui/retui/components/table.go:351.2,351.21 1 0
github.com/subhasundardass/retui/retui/components/table.go:351.21,353.22 2 0
github.com/subhasundardass/retui/retui/components/table.go:353.22,355.4 1 0
github.com/subhasundardass/retui/retui/components/table.go:358.2,359.52 2 0
github.com/subhasundardass/retui/retui/components/table.go:359.52,362.33 3 0
github.com/subhasundardass/retui/retui/components/table.go:362.33,363.20 1 0
github.com/subhasundardass/retui/retui/components/table.go:363.20,365.5 1 0
github.com/subhasundardass/retui/retui/components/table.go:367.3,368.70 2 0
github.com/subhasundardass/retui/retui/components/table.go:371.2,371.21 1 0
github.com/subhasundardass/retui/retui/components/table.go:371.21,373.3 1 0
github.com/subhasundardass/retui/retui/components/table.go:375.2,379.19 2 0
github.com/subhasundardass/retui/retui/components/table.go:379.19,381.3 1 0
github.com/subhasundardass/retui/retui/components/table.go:382.2,382.20 1 0
github.com/subhasundardass/retui/retui/components/table.go:382.20,384.3 1 0
github.com/subhasundardass/retui/retui/components/table.go:386.2,390.3 1 0
github.com/subhasundardass/retui/retui/components/table.go:395.51,398.35 3 0
github.com/subhasundardass/retui/retui/components/table.go:398.35,400.3 1 0
github.com/subhasundardass/retui/retui/components/table.go:402.2,403.21 2 0
github.com/subhasundardass/retui/retui/components/table.go:403.21,405.3 1 0
github.com/subhasundardass/retui/retui/components/table.go:406.2,406.21 1 0
github.com/subhasundardass/retui/retui/components/table.go:406.21,408.22 2 0
github.com/subhasundardass/retui/retui/components/table.go:408.22,410.4 1 0
github.com/subhasundardass/retui/retui/components/table.go:413.2,414.17 2 0
github.com/subhasundardass/retui/retui/components/table.go:414.17,416.3 1 0
github.com/subhasundardass/retui/retui/components/table.go:417.2,417.22 1 0
github.com/subhasundardass/retui/retui/components/table.go:417.22,419.3 1 0
github.com/subhasundardass/retui/retui/components/table.go:421.2,422.15 2 0
github.com/subhasundardass/retui/retui/components/table.go:422.15,424.3 1 0
github.com/subhasundardass/retui/retui/components/table.go:425.2,425.51 1 0
github.com/subhasundardass/retui/retui/components/table.go:425.51,427.3 1 0
github.com/subhasundardass/retui/retui/components/table.go:429.2,429.31 1 0
github.com/subhasundardass/retui/retui/components/table.go:432.64,435.19 3 0
github.com/subhasundardass/retui/retui/components/table.go:435.19,437.3 1 0
github.com/subhasundardass/retui/retui/components/table.go:445.2,446.25 2 0
github.com/subhasundardass/retui/retui/components/table.go:446.25,448.3 1 0
github.com/subhasundardass/retui/retui/components/table.go:450.2,450.21 1 0
github.com/subhasundardass/retui/retui/components/table.go:450.21,453.3 2 0
github.com/subhasundardass/retui/retui/components/table.go:454.2,454.25 1 0
github.com/subhasundardass/retui/retui/components/table.go:454.25,456.3 1 0
github.com/subhasundardass/retui/retui/components/table.go:458.2,459.32 2 0
github.com/subhasundardass/retui/retui/components/table.go:459.32,460.59 1 0
github.com/subhasundardass/retui/retui/components/table.go:460.59,463.12 3 0
github.com/subhasundardass/retui/retui/components/table.go:466.3,467.46 2 0
github.com/subhasundardass/retui/retui/components/table.go:467.46,468.57 1 0
github.com/subhasundardass/retui/retui/components/table.go:468.57,470.5 1 0
github.com/subhasundardass/retui/retui/components/table.go:472.3,472.32 1 0
github.com/subhasundardass/retui/retui/components/table.go:472.32,473.20 1 0
github.com/subhasundardass/retui/retui/components/table.go:473.20,474.50 1 0
github.com/subhasundardass/retui/retui/components/table.go:474.50,476.6 1 0
github.com/subhasundardass/retui/retui/components/table.go:479.3,480.36 2 0
github.com/subhasundardass/retui/retui/components/table.go:480.36,482.4 1 0
github.com/subhasundardass/retui/retui/components/table.go:483.3,483.62 1 0
github.com/subhasundardass/retui/retui/components/table.go:483.62,485.4 1 0
github.com/subhasundardass/retui/retui/components/table.go:486.3,487.32 2 0
github.com/subhasundardass/retui/retui/components/table.go:490.2,490.40 1 0
github.com/subhasundardass/retui/retui/components/table.go:490.40,494.33 4 0
github.com/subhasundardass/retui/retui/components/table.go:494.33,496.21 2 0
github.com/subhasundardass/retui/retui/components/table.go:496.21,498.5 1 0
github.com/subhasundardass/retui/retui/components/table.go:499.4,499.64 1 0
github.com/subhasundardass/retui/retui/components/table.go:499.64,501.5 1 0
github.com/subhasundardass/retui/retui/components/table.go:505.2,505.40 1 0
github.com/subhasundardass/retui/retui/components/table.go:505.40,508.3 2 0
github.com/subhasundardass/retui/retui/components/table.go:510.2,510.15 1 0
github.com/subhasundardass/retui/retui/components/table.go:513.69,516.18 3 0
github.com/subhasundardass/retui/retui/components/table.go:516.18,518.3 1 0
github.com/subhasundardass/retui/retui/components/table.go:520.2,520.32 1 0
github.com/subhasundardass/retui/retui/components/table.go:520.32,521.20 1 0
github.com/subhasundardass/retui/retui/components/table.go:521.20,523.26 2 0
github.com/subhasundardass/retui/retui/components/table.go:523.26,524.22 1 0
github.com/subhasundardass/retui/retui/components/table.go:524.22,525.11 1 0
github.com/subhasundardass/retui/retui/components/table.go:527.5,527.26 1 0
github.com/subhasundardass/retui/retui/components/table.go:527.26,531.6 3 0
github.com/subhasundardass/retui/retui/components/table.go:533.4,533.18 1 0
github.com/subhasundardass/retui/retui/components/table.go:533.18,534.10 1 0
github.com/subhasundardass/retui/retui/components/table.go:539.2,540.18 2 0
github.com/subhasundardass/retui/retui/components/table.go:540.18,542.3 1 0
github.com/subhasundardass/retui/retui/components/table.go:545.68,551.21 5 0
github.com/subhasundardass/retui/retui/components/table.go:551.21,553.3 1 0
github.com/subhasundardass/retui/retui/components/table.go:555.2,555.37 1 0
github.com/subhasundardass/retui/retui/components/table.go:555.37,564.38 7 0
github.com/subhasundardass/retui/retui/components/table.go:564.38,566.4 1 0
github.com/subhasundardass/retui/retui/components/table.go:568.3,570.22 2 0
github.com/subhasundardass/retui/retui/components/table.go:570.22,572.4 1 0
github.com/subhasundardass/retui/retui/components/table.go:575.2,579.3 1 0
github.com/subhasundardass/retui/retui/components/table.go:582.99,588.21 5 0
github.com/subhasundardass/retui/retui/components/table.go:588.21,590.3 1 0
github.com/subhasundardass/retui/retui/components/table.go:592.2,592.35 1 0
github.com/subhasundardass/retui/retui/components/table.go:592.35,600.36 6 0
github.com/subhasundardass/retui/retui/components/table.go:600.36,603.4 2 0
github.com/subhasundardass/retui/retui/components/table.go:603.9,606.36 3 0
github.com/subhasundardass/retui/retui/components/table.go:606.36,608.5 1 0
github.com/subhasundardass/retui/retui/components/table.go:611.3,613.22 2 0
github.com/subhasundardass/retui/retui/components/table.go:613.22,615.4 1 0
github.com/subhasundardass/retui/retui/components/table.go:618.2,622.3 1 0
github.com/subhasundardass/retui/retui/components/table.go:625.94,628.30 3 0
github.com/subhasundardass/retui/retui/components/table.go:628.30,630.3 1 0
github.com/subhasundardass/retui/retui/components/table.go:631.2,636.32 4 0
github.com/subhasundardass/retui/retui/components/table.go:639.56,641.36 2 0
github.com/subhasundardass/retui/retui/components/table.go:641.36,643.3 1 0
github.com/subhasundardass/retui/retui/components/table.go:644.2,644.15 1 0
github.com/subhasundardass/retui/retui/components/table.go:647.49,649.22 2 0
github.com/subhasundardass/retui/retui/components/table.go:649.22,651.3 1 0
github.com/subhasundardass/retui/retui/components/table.go:652.2,652.14 1 0
github.com/subhasundardass/retui/retui/components/table.go:655.78,657.23 2 0
github.com/subhasundardass/retui/retui/components/table.go:657.23,659.3 1 0
github.com/subhasundardass/retui/retui/components/table.go:660.2,660.42 1 0
github.com/subhasundardass/retui/retui/components/table.go:660.42,662.3 1 0
github.com/subhasundardass/retui/retui/components/table.go:664.2,665.22 2 0
github.com/subhasundardass/retui/retui/components/table.go:665.22,667.3 1 0
github.com/subhasundardass/retui/retui/components/table.go:669.2,671.26 3 0
github.com/subhasundardass/retui/retui/components/table.go:671.26,673.20 2 0
github.com/subhasundardass/retui/retui/components/table.go:673.20,674.9 1 0
github.com/subhasundardass/retui/retui/components/table.go:676.3,677.8 2 0
github.com/subhasundardass/retui/retui/components/table.go:679.2,681.22 2 0
github.com/subhasundardass/retui/retui/components/table.go:681.22,683.3 1 0
github.com/subhasundardass/retui/retui/components/table.go:684.2,684.18 1 0
github.com/subhasundardass/retui/retui/components/table.go:687.92,689.24 2 0
github.com/subhasundardass/retui/retui/components/table.go:689.24,691.3 1 0
github.com/subhasundardass/retui/retui/components/table.go:692.2,693.32 2 0
github.com/subhasundardass/retui/retui/components/table.go:693.32,696.3 2 0
github.com/subhasundardass/retui/retui/components/table.go:697.2,698.13 2 0
github.com/subhasundardass/retui/retui/components/table.go:698.13,700.3 1 0
github.com/subhasundardass/retui/retui/components/table.go:702.2,702.19 1 0
github.com/subhasundardass/retui/retui/components/table.go:703.16,706.85 3 0
github.com/subhasundardass/retui/retui/components/table.go:707.15,709.76 2 0
github.com/subhasundardass/retui/retui/components/table.go:710.10,711.93 1 0
github.com/subhasundardass/retui/retui/components/text.go:54.30,77.2 1 0
github.com/subhasundardass/retui/retui/components/text.go:79.47,82.2 2 0
github.com/subhasundardass/retui/retui/components/text.go:84.50,87.2 2 0
github.com/subhasundardass/retui/retui/components/text.go:89.56,92.2 2 0
github.com/subhasundardass/retui/retui/components/text.go:94.47,97.2 2 0
github.com/subhasundardass/retui/retui/components/text.go:99.51,102.2 2 0
github.com/subhasundardass/retui/retui/components/text.go:104.51,107.2 2 0
github.com/subhasundardass/retui/retui/components/text.go:109.55,112.2 2 0
github.com/subhasundardass/retui/retui/components/text.go:114.51,117.2 2 0
github.com/subhasundardass/retui/retui/components/text.go:119.51,122.2 2 0
github.com/subhasundardass/retui/retui/components/text.go:125.50,128.2 2 0
github.com/subhasundardass/retui/retui/components/text.go:129.51,132.2 2 0
github.com/subhasundardass/retui/retui/components/text.go:133.49,136.2 2 0
github.com/subhasundardass/retui/retui/components/text.go:138.50,141.2 2 0
github.com/subhasundardass/retui/retui/components/text.go:145.68,148.2 2 0
github.com/subhasundardass/retui/retui/components/text.go:150.78,153.2 2 0
github.com/subhasundardass/retui/retui/components/text.go:155.59,158.2 2 0
github.com/subhasundardass/retui/retui/components/text.go:160.58,163.2 2 0
github.com/subhasundardass/retui/retui/components/text.go:165.68,168.2 2 0
github.com/subhasundardass/retui/retui/components/text.go:172.45,174.2 1 0
github.com/subhasundardass/retui/retui/components/text.go:178.67,180.19 1 0
github.com/subhasundardass/retui/retui/components/text.go:180.19,182.3 1 0
github.com/subhasundardass/retui/retui/components/text.go:185.2,193.22 3 0
github.com/subhasundardass/retui/retui/components/text.go:193.22,196.3 2 0
github.com/subhasundardass/retui/retui/components/text.go:197.2,197.13 1 0
github.com/subhasundardass/retui/retui/components/text.go:197.13,200.3 2 0
github.com/subhasundardass/retui/retui/components/text.go:203.2,203.77 1 0
github.com/subhasundardass/retui/retui/components/text.go:203.77,205.3 1 0
github.com/subhasundardass/retui/retui/components/text.go:207.2,207.77 1 0
github.com/subhasundardass/retui/retui/components/text.go:207.77,209.3 1 0
github.com/subhasundardass/retui/retui/components/text.go:212.2,212.33 1 0
github.com/subhasundardass/retui/retui/components/text.go:212.33,215.50 2 0
github.com/subhasundardass/retui/retui/components/text.go:215.50,216.41 1 0
github.com/subhasundardass/retui/retui/components/text.go:216.41,217.16 1 0
github.com/subhasundardass/retui/retui/components/text.go:221.3,221.19 1 0
github.com/subhasundardass/retui/retui/components/text.go:222.22,223.15 1 0
github.com/subhasundardass/retui/retui/components/text.go:223.15,225.5 1 0
github.com/subhasundardass/retui/retui/components/text.go:227.23,228.24 1 0
github.com/subhasundardass/retui/retui/components/text.go:228.24,230.5 1 0
github.com/subhasundardass/retui/retui/components/text.go:232.23,233.62 1 0
github.com/subhasundardass/retui/retui/components/text.go:233.62,237.50 4 0
github.com/subhasundardass/retui/retui/components/text.go:237.50,239.6 1 0
github.com/subhasundardass/retui/retui/components/text.go:240.5,240.20 1 0
github.com/subhasundardass/retui/retui/components/text.go:243.27,244.33 1 0
github.com/subhasundardass/retui/retui/components/text.go:244.33,248.50 4 0
github.com/subhasundardass/retui/retui/components/text.go:248.50,250.6 1 0
github.com/subhasundardass/retui/retui/components/text.go:251.5,251.20 1 0
github.com/subhasundardass/retui/retui/components/text.go:254.22,255.13 1 0
github.com/subhasundardass/retui/retui/components/text.go:257.21,258.22 1 0
github.com/subhasundardass/retui/retui/components/text.go:260.24,261.24 1 0
github.com/subhasundardass/retui/retui/components/text.go:261.24,265.50 4 0
github.com/subhasundardass/retui/retui/components/text.go:265.50,267.6 1 0
github.com/subhasundardass/retui/retui/components/text.go:270.23,271.61 1 0
github.com/subhasundardass/retui/retui/components/text.go:271.61,274.5 1 0
github.com/subhasundardass/retui/retui/components/text.go:275.4,275.49 1 0
github.com/subhasundardass/retui/retui/components/text.go:275.49,277.5 1 0
github.com/subhasundardass/retui/retui/components/text.go:279.11,281.58 1 0
github.com/subhasundardass/retui/retui/components/text.go:281.58,282.63 1 0
github.com/subhasundardass/retui/retui/components/text.go:282.63,286.51 4 0
github.com/subhasundardass/retui/retui/components/text.go:286.51,288.7 1 0
github.com/subhasundardass/retui/retui/components/text.go:289.6,289.21 1 0
github.com/subhasundardass/retui/retui/components/text.go:297.2,298.22 2 0
github.com/subhasundardass/retui/retui/components/text.go:298.22,300.3 1 0
github.com/subhasundardass/retui/retui/components/text.go:303.2,307.59 3 0
github.com/subhasundardass/retui/retui/components/text.go:307.59,309.3 1 0
github.com/subhasundardass/retui/retui/components/text.go:312.2,313.13 2 0
github.com/subhasundardass/retui/retui/components/text.go:313.13,318.3 1 0
github.com/subhasundardass/retui/retui/components/text.go:318.8,321.3 1 0
github.com/subhasundardass/retui/retui/components/text.go:324.2,325.13 2 0
github.com/subhasundardass/retui/retui/components/text.go:325.13,326.14 1 0
github.com/subhasundardass/retui/retui/components/text.go:326.14,328.4 1 0
github.com/subhasundardass/retui/retui/components/text.go:328.9,330.4 1 0
github.com/subhasundardass/retui/retui/components/text.go:333.2,334.13 2 0
github.com/subhasundardass/retui/retui/components/text.go:334.13,338.3 1 0
github.com/subhasundardass/retui/retui/components/text.go:338.8,341.3 1 0
github.com/subhasundardass/retui/retui/components/text.go:344.2,345.13 2 0
github.com/subhasundardass/retui/retui/components/text.go:345.13,347.30 2 0
github.com/subhasundardass/retui/retui/components/text.go:347.30,349.4 1 0
github.com/subhasundardass/retui/retui/components/text.go:349.9,351.4 1 0
github.com/subhasundardass/retui/retui/components/text.go:355.2,357.31 3 0
github.com/subhasundardass/retui/retui/components/text.go:357.31,360.3 2 0
github.com/subhasundardass/retui/retui/components/text.go:363.2,365.25 2 0
github.com/subhasundardass/retui/retui/components/text.go:365.25,367.3 1 0
github.com/subhasundardass/retui/retui/components/text.go:370.2,371.26 2 0
github.com/subhasundardass/retui/retui/components/text.go:371.26,373.3 1 0
github.com/subhasundardass/retui/retui/components/text.go:375.2,377.25 2 0
github.com/subhasundardass/retui/retui/components/text.go:377.25,379.3 1 0
github.com/subhasundardass/retui/retui/components/text.go:382.2,388.3 1 0
github.com/subhasundardass/retui/retui/components/text.go:393.65,399.2 1 0
github.com/subhasundardass/retui/retui/components/textarea.go:38.32,62.2 1 0
github.com/subhasundardass/retui/retui/components/textarea.go:64.53,67.2 2 0
github.com/subhasundardass/retui/retui/components/textarea.go:69.56,72.2 2 0
github.com/subhasundardass/retui/retui/components/textarea.go:74.62,77.2 2 0
github.com/subhasundardass/retui/retui/components/textarea.go:79.53,82.2 2 0
github.com/subhasundardass/retui/retui/components/textarea.go:84.54,87.2 2 0
github.com/subhasundardass/retui/retui/components/textarea.go:89.57,92.2 2 0
github.com/subhasundardass/retui/retui/components/textarea.go:94.57,97.2 2 0
github.com/subhasundardass/retui/retui/components/textarea.go:99.61,102.2 2 0
github.com/subhasundardass/retui/retui/components/textarea.go:104.57,107.2 2 0
github.com/subhasundardass/retui/retui/components/textarea.go:109.57,112.2 2 0
github.com/subhasundardass/retui/retui/components/textarea.go:115.56,118.2 2 0
github.com/subhasundardass/retui/retui/components/textarea.go:119.57,122.2 2 0
github.com/subhasundardass/retui/retui/components/textarea.go:123.55,126.2 2 0
github.com/subhasundardass/retui/retui/components/textarea.go:130.56,133.2 2 0
github.com/subhasundardass/retui/retui/components/textarea.go:135.74,138.2 2 0
github.com/subhasundardass/retui/retui/components/textarea.go:140.84,143.2 2 0
github.com/subhasundardass/retui/retui/components/textarea.go:145.65,148.2 2 0
github.com/subhasundardass/retui/retui/components/textarea.go:150.64,153.2 2 0
github.com/subhasundardass/retui/retui/components/textarea.go:155.74,158.2 2 0
github.com/subhasundardass/retui/retui/components/textarea.go:162.48,164.2 1 0
github.com/subhasundardass/retui/retui/components/textarea.go:168.73,171.19 1 0
github.com/subhasundardass/retui/retui/components/textarea.go:171.19,173.3 1 0
github.com/subhasundardass/retui/retui/components/textarea.go:175.2,182.22 3 0
github.com/subhasundardass/retui/retui/components/textarea.go:182.22,185.3 2 0
github.com/subhasundardass/retui/retui/components/textarea.go:186.2,186.13 1 0
github.com/subhasundardass/retui/retui/components/textarea.go:186.13,189.3 2 0
github.com/subhasundardass/retui/retui/components/textarea.go:191.2,191.77 1 0
github.com/subhasundardass/retui/retui/components/textarea.go:191.77,193.3 1 0
github.com/subhasundardass/retui/retui/components/textarea.go:195.2,195.77 1 0
github.com/subhasundardass/retui/retui/components/textarea.go:195.77,197.3 1 0
github.com/subhasundardass/retui/retui/components/textarea.go:199.2,199.33 1 0
github.com/subhasundardass/retui/retui/components/textarea.go:199.33,202.50 2 0
github.com/subhasundardass/retui/retui/components/textarea.go:202.50,203.41 1 0
github.com/subhasundardass/retui/retui/components/textarea.go:203.41,204.16 1 0
github.com/subhasundardass/retui/retui/components/textarea.go:208.3,208.19 1 0
github.com/subhasundardass/retui/retui/components/textarea.go:209.22,210.15 1 0
github.com/subhasundardass/retui/retui/components/textarea.go:210.15,212.5 1 0
github.com/subhasundardass/retui/retui/components/textarea.go:214.23,215.24 1 0
github.com/subhasundardass/retui/retui/components/textarea.go:215.24,217.5 1 0
github.com/subhasundardass/retui/retui/components/textarea.go:219.20,220.59 1 0
github.com/subhasundardass/retui/retui/components/textarea.go:220.59,222.5 1 0
github.com/subhasundardass/retui/retui/components/textarea.go:224.22,225.58 1 0
github.com/subhasundardass/retui/retui/components/textarea.go:225.58,227.5 1 0
github.com/subhasundardass/retui/retui/components/textarea.go:229.23,230.62 1 0
github.com/subhasundardass/retui/retui/components/textarea.go:230.62,234.50 4 0
github.com/subhasundardass/retui/retui/components/textarea.go:234.50,236.6 1 0
github.com/subhasundardass/retui/retui/components/textarea.go:237.5,237.20 1 0
github.com/subhasundardass/retui/retui/components/textarea.go:240.27,241.33 1 0
github.com/subhasundardass/retui/retui/components/textarea.go:241.33,245.50 4 0
github.com/subhasundardass/retui/retui/components/textarea.go:245.50,247.6 1 0
github.com/subhasundardass/retui/retui/components/textarea.go:248.5,248.20 1 0
github.com/subhasundardass/retui/retui/components/textarea.go:251.22,252.33 1 0
github.com/subhasundardass/retui/retui/components/textarea.go:254.21,255.31 1 0
github.com/subhasundardass/retui/retui/components/textarea.go:257.24,258.24 1 0
github.com/subhasundardass/retui/retui/components/textarea.go:258.24,262.50 4 0
github.com/subhasundardass/retui/retui/components/textarea.go:262.50,264.6 1 0
github.com/subhasundardass/retui/retui/components/textarea.go:267.23,268.61 1 0
github.com/subhasundardass/retui/retui/components/textarea.go:268.61,270.5 1 0
github.com/subhasundardass/retui/retui/components/textarea.go:271.4,274.49 4 0
github.com/subhasundardass/retui/retui/components/textarea.go:274.49,276.5 1 0
github.com/subhasundardass/retui/retui/components/textarea.go:277.4,278.49 2 0
github.com/subhasundardass/retui/retui/components/textarea.go:278.49,280.5 1 0
github.com/subhasundardass/retui/retui/components/textarea.go:282.11,283.58 1 0
github.com/subhasundardass/retui/retui/components/textarea.go:283.58,284.63 1 0
github.com/subhasundardass/retui/retui/components/textarea.go:284.63,288.51 4 0
github.com/subhasundardass/retui/retui/components/textarea.go:288.51,290.7 1 0
github.com/subhasundardass/retui/retui/components/textarea.go:291.6,291.21 1 0
github.com/subhasundardass/retui/retui/components/textarea.go:298.2,299.22 2 0
github.com/subhasundardass/retui/retui/components/textarea.go:299.22,301.3 1 0
github.com/subhasundardass/retui/retui/components/textarea.go:303.2,306.59 3 0
github.com/subhasundardass/retui/retui/components/textarea.go:306.59,308.3 1 0
github.com/subhasundardass/retui/retui/components/textarea.go:311.2,312.13 2 0
github.com/subhasundardass/retui/retui/components/textarea.go:312.13,317.3 1 0
github.com/subhasundardass/retui/retui/components/textarea.go:317.8,320.3 1 0
github.com/subhasundardass/retui/retui/components/textarea.go:322.2,323.13 2 0
github.com/subhasundardass/retui/retui/components/textarea.go:323.13,325.15 2 0
github.com/subhasundardass/retui/retui/components/textarea.go:325.15,327.4 1 0
github.com/subhasundardass/retui/retui/components/textarea.go:328.3,328.65 1 0
github.com/subhasundardass/retui/retui/components/textarea.go:329.8,331.3 1 0
github.com/subhasundardass/retui/retui/components/textarea.go:334.2,335.33 2 0
github.com/subhasundardass/retui/retui/components/textarea.go:335.33,337.3 1 0
github.com/subhasundardass/retui/retui/components/textarea.go:339.2,340.13 2 0
github.com/subhasundardass/retui/retui/components/textarea.go:340.13,342.3 1 0
github.com/subhasundardass/retui/retui/components/textarea.go:344.2,345.26 2 0
github.com/subhasundardass/retui/retui/components/textarea.go:345.26,347.3 1 0
github.com/subhasundardass/retui/retui/components/textarea.go:349.2,350.42 2 0
github.com/subhasundardass/retui/retui/components/textarea.go:350.42,353.39 2 0
github.com/subhasundardass/retui/retui/components/textarea.go:353.39,355.27 2 0
github.com/subhasundardass/retui/retui/components/textarea.go:355.27,357.5 1 0
github.com/subhasundardass/retui/retui/components/textarea.go:357.10,359.5 1 0
github.com/subhasundardass/retui/retui/components/textarea.go:364.3,365.29 2 0
github.com/subhasundardass/retui/retui/components/textarea.go:365.29,367.4 1 0
github.com/subhasundardass/retui/retui/components/textarea.go:369.3,369.84 1 0
github.com/subhasundardass/retui/retui/components/textarea.go:372.2,374.25 2 0
github.com/subhasundardass/retui/retui/components/textarea.go:374.25,376.3 1 0
github.com/subhasundardass/retui/retui/components/textarea.go:378.2,388.25 2 0
github.com/subhasundardass/retui/retui/components/textarea.go:388.25,390.3 1 0
github.com/subhasundardass/retui/retui/components/textarea.go:392.2,398.3 1 0
github.com/subhasundardass/retui/retui/components/textarea.go:403.76,409.2 1 0
github.com/subhasundardass/retui/retui/components/textarea.go:412.43,413.32 1 0
github.com/subhasundardass/retui/retui/components/textarea.go:413.32,414.23 1 0
github.com/subhasundardass/retui/retui/components/textarea.go:414.23,416.4 1 0
github.com/subhasundardass/retui/retui/components/textarea.go:418.2,418.10 1 0
github.com/subhasundardass/retui/retui/components/textarea.go:422.41,423.36 1 0
github.com/subhasundardass/retui/retui/components/textarea.go:423.36,424.23 1 0
github.com/subhasundardass/retui/retui/components/textarea.go:424.23,426.4 1 0
github.com/subhasundardass/retui/retui/components/textarea.go:428.2,428.19 1 0
github.com/subhasundardass/retui/retui/components/textarea.go:433.68,437.13 3 0
github.com/subhasundardass/retui/retui/components/textarea.go:437.13,438.17 1 0
github.com/subhasundardass/retui/retui/components/textarea.go:438.17,440.4 1 0
github.com/subhasundardass/retui/retui/components/textarea.go:441.3,444.20 4 0
github.com/subhasundardass/retui/retui/components/textarea.go:444.20,446.4 1 0
github.com/subhasundardass/retui/retui/components/textarea.go:447.3,447.31 1 0
github.com/subhasundardass/retui/retui/components/textarea.go:450.2,451.23 2 0
github.com/subhasundardass/retui/retui/components/textarea.go:451.23,453.3 1 0
github.com/subhasundardass/retui/retui/components/textarea.go:454.2,457.19 4 0
github.com/subhasundardass/retui/retui/components/textarea.go:457.19,459.3 1 0
github.com/subhasundardass/retui/retui/components/textarea.go:460.2,460.30 1 0
github.com/subhasundardass/retui/retui/components/textarea.go:466.63,468.23 2 0
github.com/subhasundardass/retui/retui/components/textarea.go:468.23,470.3 1 0
github.com/subhasundardass/retui/retui/components/textarea.go:471.2,472.48 2 0
github.com/subhasundardass/retui/retui/components/textarea.go:475.24,476.11 1 0
github.com/subhasundardass/retui/retui/components/textarea.go:476.11,478.3 1 0
github.com/subhasundardass/retui/retui/components/textarea.go:479.2,479.10 1 0
github.com/subhasundardass/retui/retui/components/textarea.go:483.55,484.19 1 0
github.com/subhasundardass/retui/retui/components/textarea.go:484.19,486.3 1 0
github.com/subhasundardass/retui/retui/components/textarea.go:488.2,491.34 3 0
github.com/subhasundardass/retui/retui/components/textarea.go:491.34,492.17 1 0
github.com/subhasundardass/retui/retui/components/textarea.go:492.17,494.12 2 0
github.com/subhasundardass/retui/retui/components/textarea.go:497.3,498.22 2 0
github.com/subhasundardass/retui/retui/components/textarea.go:498.22,500.12 2 0
github.com/subhasundardass/retui/retui/components/textarea.go:503.3,506.30 3 0
github.com/subhasundardass/retui/retui/components/textarea.go:506.30,508.22 2 0
github.com/subhasundardass/retui/retui/components/textarea.go:508.22,511.5 2 0
github.com/subhasundardass/retui/retui/components/textarea.go:511.10,511.48 1 0
github.com/subhasundardass/retui/retui/components/textarea.go:511.48,515.5 3 0
github.com/subhasundardass/retui/retui/components/textarea.go:515.10,520.5 4 0
github.com/subhasundardass/retui/retui/components/textarea.go:523.3,523.21 1 0
github.com/subhasundardass/retui/retui/components/textarea.go:523.21,525.4 1 0
github.com/subhasundardass/retui/retui/components/textarea.go:528.2,528.17 1 0
github.com/subhasundardass/retui/retui/components/toast.go:41.45,43.2 1 0
github.com/subhasundardass/retui/retui/components/toast.go:46.32,47.16 1 0
github.com/subhasundardass/retui/retui/components/toast.go:48.20,49.19 1 0
github.com/subhasundardass/retui/retui/components/toast.go:50.20,51.19 1 0
github.com/subhasundardass/retui/retui/components/toast.go:52.18,53.17 1 0
github.com/subhasundardass/retui/retui/components/toast.go:54.10,55.16 1 0
github.com/subhasundardass/retui/retui/components/toast.go:60.37,63.16 2 0
github.com/subhasundardass/retui/retui/components/toast.go:64.20,65.40 1 0
github.com/subhasundardass/retui/retui/components/toast.go:66.20,67.65 1 0
github.com/subhasundardass/retui/retui/components/toast.go:68.18,69.38 1 0
github.com/subhasundardass/retui/retui/components/toast.go:70.10,71.39 1 0
github.com/subhasundardass/retui/retui/components/toast.go:73.2,73.14 1 0
github.com/subhasundardass/retui/retui/components/toast.go:77.29,80.26 3 0
github.com/subhasundardass/retui/retui/components/toast.go:80.26,82.3 1 0
github.com/subhasundardass/retui/retui/components/toast.go:83.2,83.14 1 0
github.com/subhasundardass/retui/retui/components/toast.go:87.30,89.2 1 0
github.com/subhasundardass/retui/retui/components/toast.go:97.48,97.73 1 0
github.com/subhasundardass/retui/retui/components/toast.go:97.73,97.88 1 0
github.com/subhasundardass/retui/retui/components/toast.go:98.48,98.73 1 0
github.com/subhasundardass/retui/retui/components/toast.go:98.73,98.92 1 0
github.com/subhasundardass/retui/retui/components/toast.go:99.48,99.73 1 0
github.com/subhasundardass/retui/retui/components/toast.go:99.73,99.92 1 0
github.com/subhasundardass/retui/retui/components/toast.go:108.57,109.31 1 0
github.com/subhasundardass/retui/retui/components/toast.go:109.31,109.58 1 0
github.com/subhasundardass/retui/retui/components/toast.go:114.57,115.31 1 0
github.com/subhasundardass/retui/retui/components/toast.go:115.31,115.58 1 0
github.com/subhasundardass/retui/retui/components/toast.go:130.38,138.2 1 0
github.com/subhasundardass/retui/retui/components/toast.go:143.57,146.27 3 0
github.com/subhasundardass/retui/retui/components/toast.go:146.27,148.3 1 0
github.com/subhasundardass/retui/retui/components/toast.go:155.44,159.2 3 0
github.com/subhasundardass/retui/retui/components/toast.go:161.68,166.27 5 0
github.com/subhasundardass/retui/retui/components/toast.go:166.27,168.3 1 0
github.com/subhasundardass/retui/retui/components/toast.go:169.2,178.20 7 0
github.com/subhasundardass/retui/retui/components/toast.go:178.20,180.3 1 0
github.com/subhasundardass/retui/retui/components/toast.go:181.2,181.17 1 0
github.com/subhasundardass/retui/retui/components/toast.go:184.42,187.29 3 0
github.com/subhasundardass/retui/retui/components/toast.go:187.29,188.17 1 0
github.com/subhasundardass/retui/retui/components/toast.go:188.17,190.4 1 0
github.com/subhasundardass/retui/retui/components/toast.go:192.2,194.12 3 0
github.com/subhasundardass/retui/retui/components/toast.go:197.32,202.2 4 0
github.com/subhasundardass/retui/retui/components/toast.go:204.42,211.2 6 0
github.com/subhasundardass/retui/retui/components/toast.go:213.40,218.2 4 0
github.com/subhasundardass/retui/retui/components/toast.go:220.41,224.13 4 0
github.com/subhasundardass/retui/retui/components/toast.go:224.13,226.3 1 0
github.com/subhasundardass/retui/retui/components/toast.go:230.43,234.29 4 0
github.com/subhasundardass/retui/retui/components/toast.go:234.29,235.21 1 0
github.com/subhasundardass/retui/retui/components/toast.go:235.21,237.12 2 0
github.com/subhasundardass/retui/retui/components/toast.go:239.3,239.23 1 0
github.com/subhasundardass/retui/retui/components/toast.go:241.2,242.16 2 0
github.com/subhasundardass/retui/retui/components/toast.go:245.33,249.15 4 0
github.com/subhasundardass/retui/retui/components/toast.go:249.15,251.3 1 0
github.com/subhasundardass/retui/retui/components/toast.go:271.45,273.2 1 0
github.com/subhasundardass/retui/retui/components/toast.go:275.55,277.2 1 0
github.com/subhasundardass/retui/retui/components/toast.go:278.57,280.2 1 0
github.com/subhasundardass/retui/retui/components/toast.go:281.57,283.2 1 0
github.com/subhasundardass/retui/retui/components/toast.go:284.55,286.2 1 0
github.com/subhasundardass/retui/retui/components/toast.go:287.29,287.58 1 0
github.com/subhasundardass/retui/retui/components/toast.go:288.29,288.54 1 0
github.com/subhasundardass/retui/retui/components/toast.go:299.52,300.16 1 0
github.com/subhasundardass/retui/retui/components/toast.go:300.16,302.3 1 0
github.com/subhasundardass/retui/retui/components/toast.go:304.2,305.22 2 0
github.com/subhasundardass/retui/retui/components/toast.go:305.22,307.3 1 0
github.com/subhasundardass/retui/retui/components/toast.go:309.2,313.27 4 0
github.com/subhasundardass/retui/retui/components/toast.go:313.27,315.3 1 0
github.com/subhasundardass/retui/retui/components/toast.go:317.2,318.31 2 0
github.com/subhasundardass/retui/retui/components/toast.go:318.31,320.26 2 0
github.com/subhasundardass/retui/retui/components/toast.go:320.26,324.4 3 0
github.com/subhasundardass/retui/retui/components/toast.go:326.2,326.17 1 0
github.com/subhasundardass/retui/retui/components/toast.go:329.83,330.13 1 0
github.com/subhasundardass/retui/retui/components/toast.go:331.24,332.51 1 0
github.com/subhasundardass/retui/retui/components/toast.go:333.23,334.37 1 0
github.com/subhasundardass/retui/retui/components/toast.go:335.21,336.37 1 0
github.com/subhasundardass/retui/retui/components/toast.go:337.10,338.23 1 0
github.com/subhasundardass/retui/retui/components/toast.go:344.43,355.2 1 0
github.com/subhasundardass/retui/retui/components/tree.go:26.17,34.23 4 0
github.com/subhasundardass/retui/retui/components/tree.go:34.23,36.3 1 0
github.com/subhasundardass/retui/retui/components/tree.go:38.2,38.32 1 0
github.com/subhasundardass/retui/retui/components/tree.go:38.32,41.3 2 0
github.com/subhasundardass/retui/retui/components/tree.go:43.2,46.13 2 0
github.com/subhasundardass/retui/retui/components/tree.go:46.13,47.32 1 0
github.com/subhasundardass/retui/retui/components/tree.go:48.20,49.22 1 0
github.com/subhasundardass/retui/retui/components/tree.go:49.22,51.5 1 0
github.com/subhasundardass/retui/retui/components/tree.go:52.22,53.35 1 0
github.com/subhasundardass/retui/retui/components/tree.go:53.35,55.5 1 0
github.com/subhasundardass/retui/retui/components/tree.go:56.23,57.19 1 0
github.com/subhasundardass/retui/retui/components/tree.go:57.19,58.24 1 0
github.com/subhasundardass/retui/retui/components/tree.go:58.24,60.6 1 0
github.com/subhasundardass/retui/retui/components/tree.go:61.10,63.32 2 0
github.com/subhasundardass/retui/retui/components/tree.go:63.32,65.6 1 0
github.com/subhasundardass/retui/retui/components/tree.go:66.5,69.24 3 0
github.com/subhasundardass/retui/retui/components/tree.go:69.24,71.6 1 0
github.com/subhasundardass/retui/retui/components/tree.go:77.2,79.31 2 0
github.com/subhasundardass/retui/retui/components/tree.go:79.31,84.21 3 0
github.com/subhasundardass/retui/retui/components/tree.go:84.21,85.38 1 0
github.com/subhasundardass/retui/retui/components/tree.go:85.38,87.5 1 0
github.com/subhasundardass/retui/retui/components/tree.go:88.4,88.19 1 0
github.com/subhasundardass/retui/retui/components/tree.go:88.19,90.5 1 0
github.com/subhasundardass/retui/retui/components/tree.go:90.10,92.5 1 0
github.com/subhasundardass/retui/retui/components/tree.go:96.3,99.19 2 0
github.com/subhasundardass/retui/retui/components/tree.go:99.19,102.4 2 0
github.com/subhasundardass/retui/retui/components/tree.go:105.3,106.16 2 0
github.com/subhasundardass/retui/retui/components/tree.go:106.16,108.4 1 0
github.com/subhasundardass/retui/retui/components/tree.go:110.3,117.5 2 0
github.com/subhasundardass/retui/retui/components/tree.go:120.2,124.3 1 0
github.com/subhasundardass/retui/retui/components/tree.go:128.76,132.2 3 0
github.com/subhasundardass/retui/retui/components/tree.go:134.90,135.26 1 0
github.com/subhasundardass/retui/retui/components/tree.go:135.26,137.15 2 0
github.com/subhasundardass/retui/retui/components/tree.go:137.15,139.4 1 0
github.com/subhasundardass/retui/retui/components/tree.go:141.3,149.42 2 0
github.com/subhasundardass/retui/retui/components/tree.go:149.42,151.4 1 0
github.com/subhasundardass/retui/retui/window/manager.go:28.40,36.2 1 25
github.com/subhasundardass/retui/retui/window/manager.go:38.13,39.39 1 1
github.com/subhasundardass/retui/retui/window/manager.go:39.39,41.3 1 0
github.com/subhasundardass/retui/retui/window/manager.go:42.2,42.64 1 1
github.com/subhasundardass/retui/retui/window/manager.go:42.64,44.3 1 0
github.com/subhasundardass/retui/retui/window/manager.go:45.2,45.53 1 1
github.com/subhasundardass/retui/retui/window/manager.go:45.53,47.65 1 0
github.com/subhasundardass/retui/retui/window/manager.go:47.65,48.82 1 0
github.com/subhasundardass/retui/retui/window/manager.go:48.82,49.83 1 0
github.com/subhasundardass/retui/retui/window/manager.go:49.83,51.6 1 0
github.com/subhasundardass/retui/retui/window/manager.go:52.5,52.16 1 0
github.com/subhasundardass/retui/retui/window/manager.go:54.4,55.15 2 0
github.com/subhasundardass/retui/retui/window/manager.go:59.3,59.68 1 0
github.com/subhasundardass/retui/retui/window/manager.go:59.68,65.32 2 0
github.com/subhasundardass/retui/retui/window/manager.go:65.32,67.5 1 0
github.com/subhasundardass/retui/retui/window/manager.go:69.4,70.22 2 0
github.com/subhasundardass/retui/retui/window/manager.go:70.22,71.61 1 0
github.com/subhasundardass/retui/retui/window/manager.go:71.61,74.28 1 0
github.com/subhasundardass/retui/retui/window/manager.go:74.28,76.7 1 0
github.com/subhasundardass/retui/retui/window/manager.go:79.6,80.17 2 0
github.com/subhasundardass/retui/retui/window/manager.go:84.4,84.15 1 0
github.com/subhasundardass/retui/retui/window/manager.go:87.3,88.15 2 0
github.com/subhasundardass/retui/retui/window/manager.go:88.15,90.4 1 0
github.com/subhasundardass/retui/retui/window/manager.go:91.3,91.53 1 0
github.com/subhasundardass/retui/retui/window/manager.go:91.53,93.4 1 0
github.com/subhasundardass/retui/retui/window/manager.go:95.3,95.15 1 0
github.com/subhasundardass/retui/retui/window/manager.go:103.59,108.2 4 3
github.com/subhasundardass/retui/retui/window/manager.go:116.53,121.22 4 72
github.com/subhasundardass/retui/retui/window/manager.go:121.22,123.3 1 12
github.com/subhasundardass/retui/retui/window/manager.go:125.2,125.67 1 60
github.com/subhasundardass/retui/retui/window/manager.go:125.67,127.3 1 0
github.com/subhasundardass/retui/retui/window/manager.go:129.2,129.48 1 60
github.com/subhasundardass/retui/retui/window/manager.go:135.59,139.2 3 0
github.com/subhasundardass/retui/retui/window/manager.go:143.42,146.29 3 90
github.com/subhasundardass/retui/retui/window/manager.go:146.29,148.3 1 0
github.com/subhasundardass/retui/retui/window/manager.go:157.47,161.43 3 24
github.com/subhasundardass/retui/retui/window/manager.go:161.43,163.3 1 1
github.com/subhasundardass/retui/retui/window/manager.go:164.2,167.17 3 23
github.com/subhasundardass/retui/retui/window/manager.go:167.17,171.3 3 4
github.com/subhasundardass/retui/retui/window/manager.go:171.8,173.30 2 19
github.com/subhasundardass/retui/retui/window/manager.go:173.30,175.4 1 19
github.com/subhasundardass/retui/retui/window/manager.go:177.2,177.23 1 23
github.com/subhasundardass/retui/retui/window/manager.go:182.50,186.42 3 5
github.com/subhasundardass/retui/retui/window/manager.go:186.42,188.3 1 1
github.com/subhasundardass/retui/retui/window/manager.go:189.2,192.31 2 4
github.com/subhasundardass/retui/retui/window/manager.go:192.31,193.16 1 4
github.com/subhasundardass/retui/retui/window/manager.go:193.16,195.9 2 4
github.com/subhasundardass/retui/retui/window/manager.go:200.2,200.36 1 4
github.com/subhasundardass/retui/retui/window/manager.go:200.36,201.16 1 1
github.com/subhasundardass/retui/retui/window/manager.go:201.16,203.9 2 1
github.com/subhasundardass/retui/retui/window/manager.go:208.2,208.22 1 4
github.com/subhasundardass/retui/retui/window/manager.go:208.22,209.53 1 3
github.com/subhasundardass/retui/retui/window/manager.go:209.53,211.4 1 0
github.com/subhasundardass/retui/retui/window/manager.go:211.9,211.31 1 3
github.com/subhasundardass/retui/retui/window/manager.go:211.31,214.4 2 0
github.com/subhasundardass/retui/retui/window/manager.go:214.9,216.4 1 3
github.com/subhasundardass/retui/retui/window/manager.go:218.2,218.23 1 4
github.com/subhasundardass/retui/retui/window/manager.go:222.55,226.2 3 0
github.com/subhasundardass/retui/retui/window/manager.go:234.50,239.68 3 3
github.com/subhasundardass/retui/retui/window/manager.go:239.68,241.3 1 1
github.com/subhasundardass/retui/retui/window/manager.go:244.2,245.31 2 2
github.com/subhasundardass/retui/retui/window/manager.go:245.31,246.16 1 2
github.com/subhasundardass/retui/retui/window/manager.go:246.16,248.9 2 2
github.com/subhasundardass/retui/retui/window/manager.go:251.2,251.15 1 2
github.com/subhasundardass/retui/retui/window/manager.go:251.15,253.3 1 0
github.com/subhasundardass/retui/retui/window/manager.go:254.2,258.48 3 2
github.com/subhasundardass/retui/retui/window/manager.go:258.48,260.3 1 0
github.com/subhasundardass/retui/retui/window/manager.go:262.2,263.23 2 2
github.com/subhasundardass/retui/retui/window/manager.go:268.47,274.2 5 3
github.com/subhasundardass/retui/retui/window/manager.go:281.46,284.52 3 4
github.com/subhasundardass/retui/retui/window/manager.go:284.52,286.3 1 2
github.com/subhasundardass/retui/retui/window/manager.go:287.2,287.19 1 2
github.com/subhasundardass/retui/retui/window/manager.go:291.46,295.68 3 2
github.com/subhasundardass/retui/retui/window/manager.go:295.68,297.3 1 1
github.com/subhasundardass/retui/retui/window/manager.go:298.2,298.42 1 1
github.com/subhasundardass/retui/retui/window/manager.go:298.42,300.3 1 0
github.com/subhasundardass/retui/retui/window/manager.go:301.2,302.23 2 1
github.com/subhasundardass/retui/retui/window/manager.go:306.52,309.52 3 0
github.com/subhasundardass/retui/retui/window/manager.go:309.52,311.3 1 0
github.com/subhasundardass/retui/retui/window/manager.go:312.2,312.25 1 0
github.com/subhasundardass/retui/retui/window/manager.go:317.38,320.52 3 0
github.com/subhasundardass/retui/retui/window/manager.go:320.52,321.29 1 0
github.com/subhasundardass/retui/retui/window/manager.go:321.29,323.38 2 0
github.com/subhasundardass/retui/retui/window/manager.go:323.38,324.22 1 0
github.com/subhasundardass/retui/retui/window/manager.go:324.22,326.11 2 0
github.com/subhasundardass/retui/retui/window/manager.go:329.4,329.16 1 0
github.com/subhasundardass/retui/retui/window/manager.go:329.16,333.5 3 0
github.com/subhasundardass/retui/retui/window/manager.go:335.3,335.9 1 0
github.com/subhasundardass/retui/retui/window/manager.go:338.2,338.24 1 0
github.com/subhasundardass/retui/retui/window/manager.go:338.24,340.3 1 0
github.com/subhasundardass/retui/retui/window/manager.go:341.2,342.30 2 0
github.com/subhasundardass/retui/retui/window/manager.go:342.30,343.23 1 0
github.com/subhasundardass/retui/retui/window/manager.go:343.23,345.9 2 0
github.com/subhasundardass/retui/retui/window/manager.go:348.2,349.30 2 0
github.com/subhasundardass/retui/retui/window/manager.go:349.30,351.3 1 0
github.com/subhasundardass/retui/retui/window/manager.go:352.2,353.23 2 0
github.com/subhasundardass/retui/retui/window/manager.go:360.39,364.2 2 3
github.com/subhasundardass/retui/retui/window/manager.go:367.33,369.2 1 0
github.com/subhasundardass/retui/retui/window/manager.go:372.45,376.31 4 0
github.com/subhasundardass/retui/retui/window/manager.go:376.31,378.3 1 0
github.com/subhasundardass/retui/retui/window/manager.go:379.2,379.16 1 0
github.com/subhasundardass/retui/retui/window/manager.go:383.49,387.30 4 0
github.com/subhasundardass/retui/retui/window/manager.go:387.30,388.51 1 0
github.com/subhasundardass/retui/retui/window/manager.go:388.51,390.4 1 0
github.com/subhasundardass/retui/retui/window/manager.go:392.2,392.16 1 0
github.com/subhasundardass/retui/retui/window/manager.go:396.38,400.2 3 13
github.com/subhasundardass/retui/retui/window/manager.go:403.45,408.31 4 0
github.com/subhasundardass/retui/retui/window/manager.go:408.31,409.16 1 0
github.com/subhasundardass/retui/retui/window/manager.go:409.16,411.4 1 0
github.com/subhasundardass/retui/retui/window/manager.go:413.2,413.14 1 0
github.com/subhasundardass/retui/retui/window/manager.go:417.48,420.31 3 2
github.com/subhasundardass/retui/retui/window/manager.go:420.31,421.35 1 1
github.com/subhasundardass/retui/retui/window/manager.go:421.35,423.4 1 1
github.com/subhasundardass/retui/retui/window/manager.go:425.2,425.14 1 1
github.com/subhasundardass/retui/retui/window/manager.go:429.55,432.42 3 1
github.com/subhasundardass/retui/retui/window/manager.go:432.42,433.75 1 1
github.com/subhasundardass/retui/retui/window/manager.go:433.75,435.4 1 1
github.com/subhasundardass/retui/retui/window/manager.go:437.2,437.12 1 0
github.com/subhasundardass/retui/retui/window/manager.go:441.52,446.2 4 0
github.com/subhasundardass/retui/retui/window/manager.go:449.58,453.18 4 0
github.com/subhasundardass/retui/retui/window/manager.go:453.18,455.3 1 0
github.com/subhasundardass/retui/retui/window/manager.go:456.2,456.21 1 0
github.com/subhasundardass/retui/retui/window/manager.go:460.50,464.2 3 0
github.com/subhasundardass/retui/retui/window/manager.go:471.53,472.29 1 12
github.com/subhasundardass/retui/retui/window/manager.go:472.29,474.3 1 8
github.com/subhasundardass/retui/retui/window/manager.go:475.2,475.44 1 4
github.com/subhasundardass/retui/retui/window/manager.go:479.56,480.31 1 4
github.com/subhasundardass/retui/retui/window/manager.go:480.31,481.16 1 7
github.com/subhasundardass/retui/retui/window/manager.go:481.16,483.9 2 4
github.com/subhasundardass/retui/retui/window/manager.go:486.2,486.33 1 4
github.com/subhasundardass/retui/retui/window/manager.go:490.47,492.30 2 19
github.com/subhasundardass/retui/retui/window/manager.go:492.30,493.49 1 29
github.com/subhasundardass/retui/retui/window/manager.go:493.49,495.4 1 0
github.com/subhasundardass/retui/retui/window/manager.go:495.9,497.4 1 29
github.com/subhasundardass/retui/retui/window/manager.go:499.2,499.41 1 19
github.com/subhasundardass/retui/retui/window/manager.go:503.58,505.36 1 0
github.com/subhasundardass/retui/retui/window/manager.go:505.36,506.16 1 0
github.com/subhasundardass/retui/retui/window/manager.go:506.16,508.9 2 0
github.com/subhasundardass/retui/retui/window/manager.go:511.2,513.27 2 0
github.com/subhasundardass/retui/retui/window/manager.go:517.54,519.33 2 54
github.com/subhasundardass/retui/retui/window/manager.go:519.33,523.3 3 43
github.com/subhasundardass/retui/retui/window/manager.go:534.39,536.2 1 0
github.com/subhasundardass/retui/retui/window/manager.go:539.34,541.2 1 7
github.com/subhasundardass/retui/retui/window/manager.go:544.17,546.41 2 25
github.com/subhasundardass/retui/retui/window/manager.go:546.41,547.45 1 16
github.com/subhasundardass/retui/retui/window/manager.go:547.45,551.4 3 16
github.com/subhasundardass/retui/retui/window/manager.go:552.3,552.36 1 16
github.com/subhasundardass/retui/retui/window/manager.go:554.2,558.34 5 25
github.com/subhasundardass/retui/retui/window/manager.go:562.27,564.2 1 0
github.com/subhasundardass/retui/retui/window/manager.go:567.18,569.2 1 13
github.com/subhasundardass/retui/retui/window/manager.go:572.25,574.2 1 0
github.com/subhasundardass/retui/retui/window/manager.go:577.26,579.2 1 0
github.com/subhasundardass/retui/retui/window/manager.go:582.28,584.2 1 0
github.com/subhasundardass/retui/retui/window/manager.go:587.29,589.2 1 0
github.com/subhasundardass/retui/retui/window/manager.go:592.38,594.2 1 0
github.com/subhasundardass/retui/retui/window/manager.go:597.30,599.2 1 0
github.com/subhasundardass/retui/retui/window/renderer.go:12.44,14.2 1 0
github.com/subhasundardass/retui/retui/window/renderer.go:25.76,29.22 2 0
github.com/subhasundardass/retui/retui/window/renderer.go:29.22,31.3 1 0
github.com/subhasundardass/retui/retui/window/renderer.go:34.2,37.40 2 0
github.com/subhasundardass/retui/retui/window/renderer.go:37.40,39.33 2 0
github.com/subhasundardass/retui/retui/window/renderer.go:39.33,40.12 1 0
github.com/subhasundardass/retui/retui/window/renderer.go:42.3,42.61 1 0
github.com/subhasundardass/retui/retui/window/renderer.go:47.2,54.3 1 0
github.com/subhasundardass/retui/retui/window/renderer.go:59.75,65.2 2 0
github.com/subhasundardass/retui/retui/window/renderer.go:68.72,70.23 2 0
github.com/subhasundardass/retui/retui/window/renderer.go:70.23,72.3 1 0
github.com/subhasundardass/retui/retui/window/renderer.go:74.2,75.31 2 0
github.com/subhasundardass/retui/retui/window/renderer.go:75.31,77.3 1 0
github.com/subhasundardass/retui/retui/window/renderer.go:79.2,80.22 2 0
github.com/subhasundardass/retui/retui/window/renderer.go:80.22,82.3 1 0
github.com/subhasundardass/retui/retui/window/renderer.go:84.2,85.20 2 0
github.com/subhasundardass/retui/retui/window/renderer.go:85.20,87.3 1 0
github.com/subhasundardass/retui/retui/window/renderer.go:89.2,98.23 2 0
github.com/subhasundardass/retui/retui/window/renderer.go:98.23,104.3 1 0
github.com/subhasundardass/retui/retui/window/renderer.go:106.2,111.3 1 0
github.com/subhasundardass/retui/retui/window/renderer.go:115.67,119.35 3 0
github.com/subhasundardass/retui/retui/window/renderer.go:119.35,121.3 1 0
github.com/subhasundardass/retui/retui/window/renderer.go:124.2,142.3 1 0
github.com/subhasundardass/retui/retui/window/renderer.go:154.68,158.2 2 0
github.com/subhasundardass/retui/retui/window/window.go:16.46,19.2 2 0
github.com/subhasundardass/retui/retui/window/window.go:44.31,47.2 2 34
github.com/subhasundardass/retui/retui/window/window.go:51.32,54.2 2 34
github.com/subhasundardass/retui/retui/window/window.go:58.26,74.2 3 34
github.com/subhasundardass/retui/retui/window/window.go:81.49,86.2 4 4
github.com/subhasundardass/retui/retui/window/window.go:89.53,95.2 5 9
github.com/subhasundardass/retui/retui/window/window.go:98.48,104.2 5 4
github.com/subhasundardass/retui/retui/window/window.go:107.47,112.2 4 7
github.com/subhasundardass/retui/retui/window/window.go:114.63,119.2 4 0
github.com/subhasundardass/retui/retui/window/window.go:122.64,127.2 4 0
github.com/subhasundardass/retui/retui/window/window.go:130.60,135.2 4 0
github.com/subhasundardass/retui/retui/window/window.go:143.33,151.2 5 22
github.com/subhasundardass/retui/retui/window/window.go:155.33,163.2 5 1
github.com/subhasundardass/retui/retui/window/window.go:167.26,174.2 5 3
github.com/subhasundardass/retui/retui/window/window.go:178.42,184.14 5 0
github.com/subhasundardass/retui/retui/window/window.go:184.14,186.3 1 0
github.com/subhasundardass/retui/retui/window/window.go:186.8,188.3 1 0
github.com/subhasundardass/retui/retui/window/window.go:189.2,189.17 1 0
github.com/subhasundardass/retui/retui/window/window.go:194.66,199.2 4 0
github.com/subhasundardass/retui/retui/window/window.go:202.48,208.15 4 0
github.com/subhasundardass/retui/retui/window/window.go:208.15,210.3 1 0
github.com/subhasundardass/retui/retui/window/window.go:212.2,212.14 1 0
github.com/subhasundardass/retui/retui/window/window.go:215.28,217.2 1 0
github.com/subhasundardass/retui/retui/window/window.go:219.39,221.2 1 0
github.com/subhasundardass/retui/retui/window/window.go:228.26,230.2 1 1
github.com/subhasundardass/retui/retui/window/window.go:233.35,237.2 3 3
github.com/subhasundardass/retui/retui/window/window.go:244.35,248.2 3 8
github.com/subhasundardass/retui/retui/window/window.go:251.33,255.2 3 56
github.com/subhasundardass/retui/retui/window/window.go:258.34,260.2 1 0
github.com/subhasundardass/retui/retui/window/window.go:263.36,267.2 3 0
github.com/subhasundardass/retui/retui/window/window.go:270.35,274.2 3 0
github.com/subhasundardass/retui/retui/window/window.go:277.39,281.2 3 0
github.com/subhasundardass/retui/retui/window/window.go:284.37,288.2 3 1
github.com/subhasundardass/retui/retui/window/window.go:291.51,295.2 3 0
github.com/subhasundardass/retui/retui/window/window.go:298.47,302.2 3 0
github.com/subhasundardass/retui/retui/window/window.go:306.38,310.2 3 0
github.com/subhasundardass/retui/retui/window/window.go:319.35,326.18 5 4
github.com/subhasundardass/retui/retui/window/window.go:326.18,328.3 1 0
github.com/subhasundardass/retui/retui/window/window.go:329.2,329.19 1 4
github.com/subhasundardass/retui/retui/window/window.go:329.19,331.3 1 0
github.com/subhasundardass/retui/retui/window/window.go:336.2,336.27 1 4
github.com/subhasundardass/retui/retui/window/window.go:336.27,338.3 1 2
github.com/subhasundardass/retui/retui/window/window.go:339.2,339.29 1 4
github.com/subhasundardass/retui/retui/window/window.go:339.29,341.3 1 2
github.com/subhasundardass/retui/retui/window/window.go:343.2,346.13 3 4
github.com/subhasundardass/retui/retui/window/window.go:346.13,348.3 1 0
github.com/subhasundardass/retui/retui/window/window.go:349.2,349.13 1 4
github.com/subhasundardass/retui/retui/window/window.go:349.13,351.3 1 0
github.com/subhasundardass/retui/retui/window/window.go:353.2,353.10 1 4
github.com/subhasundardass/retui/retui/window/window.go:357.62,362.13 4 0
github.com/subhasundardass/retui/retui/window/window.go:362.13,364.3 1 0
github.com/subhasundardass/retui/retui/window/window.go:365.2,365.31 1 0
github.com/subhasundardass/retui/retui/window/window.go:365.31,367.3 1 0
github.com/subhasundardass/retui/retui/window/window.go:368.2,368.10 1 0
github.com/subhasundardass/retui/retui/window/window.go:372.61,377.13 4 0
github.com/subhasundardass/retui/retui/window/window.go:377.13,379.3 1 0
github.com/subhasundardass/retui/retui/window/window.go:380.2,380.33 1 0
github.com/subhasundardass/retui/retui/window/window.go:380.33,382.3 1 0
github.com/subhasundardass/retui/retui/window/window.go:383.2,383.10 1 0
github.com/subhasundardass/retui/retui/window/window.go:387.43,393.2 5 0
github.com/subhasundardass/retui/retui/window/window.go:396.45,402.2 5 0
github.com/subhasundardass/retui/retui/window/window.go:405.54,411.2 5 0
github.com/subhasundardass/retui/retui/window/window.go:419.60,426.2 5 34
github.com/subhasundardass/retui/retui/window/window.go:429.45,433.2 3 0
github.com/subhasundardass/retui/retui/window/window.go:437.41,443.15 5 1
github.com/subhasundardass/retui/retui/window/window.go:443.15,445.3 1 0
github.com/subhasundardass/retui/retui/window/window.go:447.2,447.16 1 1
github.com/subhasundardass/retui/retui/window/window.go:455.34,460.2 3 1
github.com/subhasundardass/retui/retui/window/window.go:464.34,482.2 3 1
github.com/subhasundardass/retui/retui/window/window.go:493.26,499.2 4 35
github.com/subhasundardass/retui/retui/window/window.go:502.27,505.21 2 0
github.com/subhasundardass/retui/retui/window/window.go:505.21,507.17 2 0
github.com/subhasundardass/retui/retui/window/window.go:507.17,511.4 3 0
github.com/subhasundardass/retui/retui/window/window.go:515.2,516.21 2 0
github.com/subhasundardass/retui/retui/window/window.go:516.21,519.17 3 0
github.com/subhasundardass/retui/retui/window/window.go:519.17,522.4 2 0
github.com/subhasundardass/retui/retui/window/window.go:531.62,542.40 2 0
github.com/subhasundardass/retui/retui/window/window.go:542.40,543.64 1 0
github.com/subhasundardass/retui/retui/window/window.go:543.64,546.4 2 0
github.com/subhasundardass/retui/retui/window/window.go:547.3,547.15 1 0
github.com/subhasundardass/retui/retui/window/window.go:550.2,550.10 1 0
github.com/subhasundardass/retui/retui/elements.go:29.65,31.25 2 0
github.com/subhasundardass/retui/retui/elements.go:31.25,33.3 1 0
github.com/subhasundardass/retui/retui/elements.go:34.2,35.26 2 0
github.com/subhasundardass/retui/retui/elements.go:35.26,37.3 1 0
github.com/subhasundardass/retui/retui/elements.go:39.2,66.3 1 0
github.com/subhasundardass/retui/retui/elements.go:69.45,75.2 1 2010
github.com/subhasundardass/retui/retui/elements.go:80.54,86.2 1 0
github.com/subhasundardass/retui/retui/elements.go:92.52,99.2 1 0
github.com/subhasundardass/retui/retui/elements.go:105.67,106.15 1 0
github.com/subhasundardass/retui/retui/elements.go:106.15,108.3 1 0
github.com/subhasundardass/retui/retui/elements.go:109.2,109.16 1 0
github.com/subhasundardass/retui/retui/elements.go:113.58,114.15 1 0
github.com/subhasundardass/retui/retui/elements.go:114.15,116.3 1 0
github.com/subhasundardass/retui/retui/elements.go:117.2,117.15 1 0
github.com/subhasundardass/retui/retui/elements.go:123.53,132.2 3 0
github.com/subhasundardass/retui/retui/elements.go:142.53,149.2 1 0
github.com/subhasundardass/retui/retui/elements.go:153.23,161.2 1 0
github.com/subhasundardass/retui/retui/focus.go:73.38,81.2 1 17
github.com/subhasundardass/retui/retui/focus.go:100.49,104.36 3 23
github.com/subhasundardass/retui/retui/focus.go:104.36,106.3 1 0
github.com/subhasundardass/retui/retui/focus.go:108.2,109.13 2 23
github.com/subhasundardass/retui/retui/focus.go:115.41,119.2 3 28
github.com/subhasundardass/retui/retui/focus.go:128.50,132.2 3 7
github.com/subhasundardass/retui/retui/focus.go:148.62,151.14 3 0
github.com/subhasundardass/retui/retui/focus.go:151.14,153.3 1 0
github.com/subhasundardass/retui/retui/focus.go:153.8,155.3 1 0
github.com/subhasundardass/retui/retui/focus.go:156.2,156.14 1 0
github.com/subhasundardass/retui/retui/focus.go:156.14,158.3 1 0
github.com/subhasundardass/retui/retui/focus.go:159.2,161.13 2 0
github.com/subhasundardass/retui/retui/focus.go:161.13,163.3 1 0
github.com/subhasundardass/retui/retui/focus.go:167.51,171.2 3 0
github.com/subhasundardass/retui/retui/focus.go:183.58,186.12 3 0
github.com/subhasundardass/retui/retui/focus.go:186.12,188.3 1 0
github.com/subhasundardass/retui/retui/focus.go:188.8,190.3 1 0
github.com/subhasundardass/retui/retui/focus.go:191.2,191.12 1 0
github.com/subhasundardass/retui/retui/focus.go:191.12,193.3 1 0
github.com/subhasundardass/retui/retui/focus.go:194.2,196.13 2 0
github.com/subhasundardass/retui/retui/focus.go:196.13,198.3 1 0
github.com/subhasundardass/retui/retui/focus.go:202.49,206.2 3 0
github.com/subhasundardass/retui/retui/focus.go:218.62,221.14 3 0
github.com/subhasundardass/retui/retui/focus.go:221.14,223.3 1 0
github.com/subhasundardass/retui/retui/focus.go:223.8,225.3 1 0
github.com/subhasundardass/retui/retui/focus.go:226.2,228.13 2 0
github.com/subhasundardass/retui/retui/focus.go:228.13,230.3 1 0
github.com/subhasundardass/retui/retui/focus.go:234.51,238.2 3 0
github.com/subhasundardass/retui/retui/focus.go:244.53,245.21 1 0
github.com/subhasundardass/retui/retui/focus.go:245.21,247.3 1 0
github.com/subhasundardass/retui/retui/focus.go:249.2,249.21 1 0
github.com/subhasundardass/retui/retui/focus.go:249.21,251.3 1 0
github.com/subhasundardass/retui/retui/focus.go:254.2,255.18 2 0
github.com/subhasundardass/retui/retui/focus.go:260.52,262.2 1 44
github.com/subhasundardass/retui/retui/focus.go:268.80,269.23 1 31
github.com/subhasundardass/retui/retui/focus.go:269.23,271.3 1 0
github.com/subhasundardass/retui/retui/focus.go:273.2,274.13 2 31
github.com/subhasundardass/retui/retui/focus.go:274.13,276.3 1 0
github.com/subhasundardass/retui/retui/focus.go:278.2,278.37 1 31
github.com/subhasundardass/retui/retui/focus.go:278.37,280.20 2 31
github.com/subhasundardass/retui/retui/focus.go:280.20,282.4 1 5
github.com/subhasundardass/retui/retui/focus.go:283.3,284.24 2 31
github.com/subhasundardass/retui/retui/focus.go:284.24,286.4 1 31
github.com/subhasundardass/retui/retui/focus.go:289.2,289.11 1 0
github.com/subhasundardass/retui/retui/focus.go:309.55,312.27 2 10
github.com/subhasundardass/retui/retui/focus.go:312.27,313.15 1 27
github.com/subhasundardass/retui/retui/focus.go:313.15,315.4 1 0
github.com/subhasundardass/retui/retui/focus.go:316.3,316.15 1 27
github.com/subhasundardass/retui/retui/focus.go:316.15,318.4 1 0
github.com/subhasundardass/retui/retui/focus.go:319.3,319.18 1 27
github.com/subhasundardass/retui/retui/focus.go:322.2,325.12 4 10
github.com/subhasundardass/retui/retui/focus.go:339.38,344.21 3 17
github.com/subhasundardass/retui/retui/focus.go:344.21,346.3 1 0
github.com/subhasundardass/retui/retui/focus.go:348.2,348.23 1 17
github.com/subhasundardass/retui/retui/focus.go:348.23,350.3 1 1
github.com/subhasundardass/retui/retui/focus.go:352.2,353.13 2 16
github.com/subhasundardass/retui/retui/focus.go:353.13,355.75 1 3
github.com/subhasundardass/retui/retui/focus.go:355.75,357.4 1 3
github.com/subhasundardass/retui/retui/focus.go:358.3,358.19 1 3
github.com/subhasundardass/retui/retui/focus.go:361.2,362.16 2 13
github.com/subhasundardass/retui/retui/focus.go:362.16,364.3 1 13
github.com/subhasundardass/retui/retui/focus.go:365.2,365.18 1 13
github.com/subhasundardass/retui/retui/focus.go:379.38,384.21 3 16
github.com/subhasundardass/retui/retui/focus.go:384.21,386.3 1 0
github.com/subhasundardass/retui/retui/focus.go:388.2,388.23 1 16
github.com/subhasundardass/retui/retui/focus.go:388.23,390.3 1 1
github.com/subhasundardass/retui/retui/focus.go:392.2,393.13 2 15
github.com/subhasundardass/retui/retui/focus.go:393.13,395.62 1 1
github.com/subhasundardass/retui/retui/focus.go:395.62,397.4 1 1
github.com/subhasundardass/retui/retui/focus.go:398.3,398.19 1 1
github.com/subhasundardass/retui/retui/focus.go:401.2,402.16 2 14
github.com/subhasundardass/retui/retui/focus.go:402.16,404.3 1 14
github.com/subhasundardass/retui/retui/focus.go:405.2,405.18 1 14
github.com/subhasundardass/retui/retui/focus.go:409.47,410.28 1 66
github.com/subhasundardass/retui/retui/focus.go:410.28,411.14 1 121
github.com/subhasundardass/retui/retui/focus.go:411.14,413.4 1 61
github.com/subhasundardass/retui/retui/focus.go:415.2,415.11 1 5
github.com/subhasundardass/retui/retui/focus.go:438.45,442.21 3 14
github.com/subhasundardass/retui/retui/focus.go:442.21,444.3 1 13
github.com/subhasundardass/retui/retui/focus.go:446.2,450.16 2 14
github.com/subhasundardass/retui/retui/focus.go:466.42,470.23 3 14
github.com/subhasundardass/retui/retui/focus.go:470.23,472.3 1 1
github.com/subhasundardass/retui/retui/focus.go:475.2,479.30 4 13
github.com/subhasundardass/retui/retui/focus.go:479.30,480.60 1 0
github.com/subhasundardass/retui/retui/focus.go:480.60,482.4 1 0
github.com/subhasundardass/retui/retui/focus.go:485.2,485.18 1 13
github.com/subhasundardass/retui/retui/focus.go:507.48,511.36 3 0
github.com/subhasundardass/retui/retui/focus.go:511.36,513.3 1 0
github.com/subhasundardass/retui/retui/focus.go:515.2,515.16 1 0
github.com/subhasundardass/retui/retui/focus.go:524.39,528.2 3 0
github.com/subhasundardass/retui/retui/focus.go:533.44,537.2 3 0
github.com/subhasundardass/retui/retui/focus.go:546.51,550.2 3 0
github.com/subhasundardass/retui/retui/focus.go:603.79,605.20 2 0
github.com/subhasundardass/retui/retui/focus.go:605.20,607.3 1 0
github.com/subhasundardass/retui/retui/focus.go:611.2,611.41 1 0
github.com/subhasundardass/retui/retui/focus.go:611.41,613.3 1 0
github.com/subhasundardass/retui/retui/focus.go:616.2,616.49 1 0
github.com/subhasundardass/retui/retui/focus.go:616.49,617.30 1 0
github.com/subhasundardass/retui/retui/focus.go:617.30,619.4 1 0
github.com/subhasundardass/retui/retui/focus.go:620.8,622.17 1 0
github.com/subhasundardass/retui/retui/focus.go:622.17,624.4 1 0
github.com/subhasundardass/retui/retui/focus.go:628.2,628.18 1 0
github.com/subhasundardass/retui/retui/focus.go:628.18,630.3 1 0
github.com/subhasundardass/retui/retui/focus.go:632.2,633.18 2 0
github.com/subhasundardass/retui/retui/focus.go:644.31,646.2 1 3
github.com/subhasundardass/retui/retui/focus.go:649.28,651.2 1 6
github.com/subhasundardass/retui/retui/focus.go:654.32,656.2 1 2
github.com/subhasundardass/retui/retui/focus.go:659.42,661.2 1 1
github.com/subhasundardass/retui/retui/focus.go:664.18,666.2 1 1
github.com/subhasundardass/retui/retui/focus.go:669.18,671.2 1 1
github.com/subhasundardass/retui/retui/focus.go:674.27,676.2 1 1
github.com/subhasundardass/retui/retui/focus.go:679.17,681.2 1 1
github.com/subhasundardass/retui/retui/focus.go:684.30,686.2 1 0
github.com/subhasundardass/retui/retui/focus.go:689.21,691.2 1 0
github.com/subhasundardass/retui/retui/focus.go:694.29,696.2 1 0
github.com/subhasundardass/retui/retui/focus.go:699.38,701.2 1 0
github.com/subhasundardass/retui/retui/focus.go:704.44,706.2 1 0
github.com/subhasundardass/retui/retui/focus.go:709.33,711.2 1 0
github.com/subhasundardass/retui/retui/focus.go:714.40,716.2 1 0
github.com/subhasundardass/retui/retui/focus.go:719.31,721.2 1 0
github.com/subhasundardass/retui/retui/focus.go:724.44,726.2 1 0
github.com/subhasundardass/retui/retui/focus.go:729.33,731.2 1 0
github.com/subhasundardass/retui/retui/form.go:45.41,48.22 2 26
github.com/subhasundardass/retui/retui/form.go:48.22,55.3 1 25
github.com/subhasundardass/retui/retui/form.go:57.2,57.18 1 26
github.com/subhasundardass/retui/retui/form.go:64.22,66.15 2 71
github.com/subhasundardass/retui/retui/form.go:66.15,68.3 1 69
github.com/subhasundardass/retui/retui/form.go:69.2,69.18 1 71
github.com/subhasundardass/retui/retui/form.go:77.30,81.2 3 64
github.com/subhasundardass/retui/retui/form.go:85.34,87.36 2 3
github.com/subhasundardass/retui/retui/form.go:87.36,90.3 2 1
github.com/subhasundardass/retui/retui/form.go:91.2,96.15 5 2
github.com/subhasundardass/retui/retui/form.go:96.15,98.3 1 1
github.com/subhasundardass/retui/retui/form.go:99.2,99.17 1 2
github.com/subhasundardass/retui/retui/form.go:114.40,116.36 2 0
github.com/subhasundardass/retui/retui/form.go:116.36,119.3 2 0
github.com/subhasundardass/retui/retui/form.go:120.2,123.17 3 0
github.com/subhasundardass/retui/retui/form.go:129.64,131.32 2 61
github.com/subhasundardass/retui/retui/form.go:131.32,133.3 1 1
github.com/subhasundardass/retui/retui/form.go:134.2,135.22 2 60
github.com/subhasundardass/retui/retui/form.go:135.22,137.3 1 1
github.com/subhasundardass/retui/retui/form.go:138.2,138.21 1 59
github.com/subhasundardass/retui/retui/form.go:138.21,140.3 1 0
github.com/subhasundardass/retui/retui/form.go:141.2,141.19 1 59
github.com/subhasundardass/retui/retui/form.go:153.58,157.16 3 61
github.com/subhasundardass/retui/retui/form.go:157.16,160.3 2 2
github.com/subhasundardass/retui/retui/form.go:162.2,163.43 2 59
github.com/subhasundardass/retui/retui/form.go:163.43,166.3 2 1
github.com/subhasundardass/retui/retui/form.go:168.2,175.15 7 58
github.com/subhasundardass/retui/retui/form.go:175.15,177.3 1 0
github.com/subhasundardass/retui/retui/form.go:178.2,179.12 2 58
github.com/subhasundardass/retui/retui/form.go:187.64,191.16 3 0
github.com/subhasundardass/retui/retui/form.go:191.16,194.3 2 0
github.com/subhasundardass/retui/retui/form.go:196.2,197.43 2 0
github.com/subhasundardass/retui/retui/form.go:197.43,200.3 2 0
github.com/subhasundardass/retui/retui/form.go:202.2,206.12 4 0
github.com/subhasundardass/retui/retui/form.go:211.50,216.32 4 2
github.com/subhasundardass/retui/retui/form.go:216.32,218.3 1 0
github.com/subhasundardass/retui/retui/form.go:219.2,220.22 2 2
github.com/subhasundardass/retui/retui/form.go:220.22,222.3 1 1
github.com/subhasundardass/retui/retui/form.go:223.2,223.32 1 1
github.com/subhasundardass/retui/retui/form.go:232.34,236.2 3 8
github.com/subhasundardass/retui/retui/form.go:241.45,245.2 3 4
github.com/subhasundardass/retui/retui/form.go:250.44,254.2 3 1
github.com/subhasundardass/retui/retui/form.go:258.27,266.2 7 2
github.com/subhasundardass/retui/retui/form.go:275.35,282.13 6 2
github.com/subhasundardass/retui/retui/form.go:282.13,284.3 1 2
github.com/subhasundardass/retui/retui/form.go:290.40,294.2 3 1
github.com/subhasundardass/retui/retui/form.go:302.52,304.16 2 5
github.com/subhasundardass/retui/retui/form.go:304.16,306.3 1 1
github.com/subhasundardass/retui/retui/form.go:306.8,308.3 1 4
github.com/subhasundardass/retui/retui/form.go:309.2,310.17 2 5
github.com/subhasundardass/retui/retui/form.go:314.44,318.2 3 5
github.com/subhasundardass/retui/retui/form.go:321.45,325.29 4 2
github.com/subhasundardass/retui/retui/form.go:325.29,327.3 1 2
github.com/subhasundardass/retui/retui/form.go:328.2,328.12 1 2
github.com/subhasundardass/retui/retui/form.go:332.34,336.2 3 3
github.com/subhasundardass/retui/retui/form.go:341.62,348.2 6 2
github.com/subhasundardass/retui/retui/form.go:358.50,360.23 2 3
github.com/subhasundardass/retui/retui/form.go:360.23,364.3 3 1
github.com/subhasundardass/retui/retui/form.go:365.2,368.33 3 2
github.com/subhasundardass/retui/retui/form.go:368.33,370.3 1 1
github.com/subhasundardass/retui/retui/form.go:372.2,373.12 2 1
github.com/subhasundardass/retui/retui/hooks.go:91.20,99.2 4 38
github.com/subhasundardass/retui/retui/hooks.go:111.24,114.28 3 0
github.com/subhasundardass/retui/retui/hooks.go:114.28,115.23 1 0
github.com/subhasundardass/retui/retui/hooks.go:115.23,117.4 1 0
github.com/subhasundardass/retui/retui/hooks.go:129.29,135.2 5 9
github.com/subhasundardass/retui/retui/hooks.go:150.23,161.2 8 1
github.com/subhasundardass/retui/retui/hooks.go:184.46,193.23 4 2016
github.com/subhasundardass/retui/retui/hooks.go:193.23,195.3 1 12
github.com/subhasundardass/retui/retui/hooks.go:195.8,198.35 1 2004
github.com/subhasundardass/retui/retui/hooks.go:198.35,200.4 1 0
github.com/subhasundardass/retui/retui/hooks.go:202.2,205.25 3 2016
github.com/subhasundardass/retui/retui/hooks.go:205.25,209.16 4 3
github.com/subhasundardass/retui/retui/hooks.go:209.16,211.4 1 3
github.com/subhasundardass/retui/retui/hooks.go:214.2,214.24 1 2016
github.com/subhasundardass/retui/retui/hooks.go:232.63,237.43 3 5
github.com/subhasundardass/retui/retui/hooks.go:237.43,239.3 1 3
github.com/subhasundardass/retui/retui/hooks.go:240.2,243.25 3 5
github.com/subhasundardass/retui/retui/hooks.go:243.25,247.16 4 3
github.com/subhasundardass/retui/retui/hooks.go:247.16,249.4 1 3
github.com/subhasundardass/retui/retui/hooks.go:252.2,252.24 1 5
github.com/subhasundardass/retui/retui/hooks.go:278.77,283.23 4 10
github.com/subhasundardass/retui/retui/hooks.go:283.23,285.3 1 5
github.com/subhasundardass/retui/retui/hooks.go:285.8,285.41 1 5
github.com/subhasundardass/retui/retui/hooks.go:285.41,287.3 1 0
github.com/subhasundardass/retui/retui/hooks.go:288.2,291.29 3 10
github.com/subhasundardass/retui/retui/hooks.go:291.29,300.16 7 25
github.com/subhasundardass/retui/retui/hooks.go:300.16,302.4 1 25
github.com/subhasundardass/retui/retui/hooks.go:303.3,303.19 1 25
github.com/subhasundardass/retui/retui/hooks.go:306.2,306.26 1 10
github.com/subhasundardass/retui/retui/hooks.go:330.53,334.22 3 5
github.com/subhasundardass/retui/retui/hooks.go:334.22,336.72 2 3
github.com/subhasundardass/retui/retui/hooks.go:336.72,338.4 1 1
github.com/subhasundardass/retui/retui/hooks.go:341.2,343.23 2 4
github.com/subhasundardass/retui/retui/hooks.go:343.23,345.3 1 2
github.com/subhasundardass/retui/retui/hooks.go:345.8,347.3 1 2
github.com/subhasundardass/retui/retui/hooks.go:349.2,349.15 1 4
github.com/subhasundardass/retui/retui/hooks.go:372.26,376.2 3 52
github.com/subhasundardass/retui/retui/hooks.go:380.27,384.2 3 25
github.com/subhasundardass/retui/retui/hooks.go:392.39,399.23 5 26
github.com/subhasundardass/retui/retui/hooks.go:399.23,403.3 3 24
github.com/subhasundardass/retui/retui/hooks.go:405.2,405.39 1 2
github.com/subhasundardass/retui/retui/hooks.go:405.39,407.3 1 1
github.com/subhasundardass/retui/retui/hooks.go:410.2,412.10 3 1
github.com/subhasundardass/retui/retui/hooks.go:445.46,449.25 3 10
github.com/subhasundardass/retui/retui/hooks.go:449.25,452.3 2 4
github.com/subhasundardass/retui/retui/hooks.go:454.2,455.37 2 6
github.com/subhasundardass/retui/retui/hooks.go:455.37,459.3 3 1
github.com/subhasundardass/retui/retui/hooks.go:474.19,486.56 4 1025
github.com/subhasundardass/retui/retui/hooks.go:486.56,487.23 1 5
github.com/subhasundardass/retui/retui/hooks.go:487.23,494.4 2 4
github.com/subhasundardass/retui/retui/hooks.go:498.2,499.33 2 1025
github.com/subhasundardass/retui/retui/hooks.go:499.33,500.48 1 2
github.com/subhasundardass/retui/retui/hooks.go:500.48,501.33 1 2
github.com/subhasundardass/retui/retui/hooks.go:501.33,503.5 1 2
github.com/subhasundardass/retui/retui/hooks.go:505.3,505.35 1 2
github.com/subhasundardass/retui/retui/hooks.go:513.2,513.30 1 1025
github.com/subhasundardass/retui/retui/hooks.go:513.30,515.3 1 2
github.com/subhasundardass/retui/retui/hooks.go:516.2,516.30 1 1025
github.com/subhasundardass/retui/retui/hooks.go:516.30,518.3 1 0
github.com/subhasundardass/retui/retui/hooks.go:519.2,522.25 2 1025
github.com/subhasundardass/retui/retui/hooks.go:522.25,527.27 4 4
github.com/subhasundardass/retui/retui/hooks.go:527.27,530.4 2 4
github.com/subhasundardass/retui/retui/hooks.go:531.3,531.19 1 4
github.com/subhasundardass/retui/retui/hooks.go:534.2,534.33 1 1025
github.com/subhasundardass/retui/retui/hooks.go:534.33,536.3 1 2
github.com/subhasundardass/retui/retui/hooks.go:566.55,568.2 1 4
github.com/subhasundardass/retui/retui/hooks.go:572.70,574.15 2 4
github.com/subhasundardass/retui/retui/hooks.go:574.15,574.53 1 4
github.com/subhasundardass/retui/retui/hooks.go:575.2,575.17 1 4
github.com/subhasundardass/retui/retui/hooks.go:579.41,580.23 1 8
github.com/subhasundardass/retui/retui/hooks.go:580.23,582.3 1 3
github.com/subhasundardass/retui/retui/hooks.go:583.2,583.32 1 5
github.com/subhasundardass/retui/retui/hooks.go:597.28,611.2 11 62
github.com/subhasundardass/retui/retui/hooks.go:620.33,621.22 1 8
github.com/subhasundardass/retui/retui/hooks.go:621.22,623.3 1 0
github.com/subhasundardass/retui/retui/hooks.go:624.2,624.19 1 8
github.com/subhasundardass/retui/retui/hooks.go:624.19,625.33 1 7
github.com/subhasundardass/retui/retui/hooks.go:625.33,627.4 1 2
github.com/subhasundardass/retui/retui/hooks.go:629.2,629.13 1 6
github.com/subhasundardass/retui/retui/hooks.go:632.43,633.15 1 7
github.com/subhasundardass/retui/retui/hooks.go:633.15,634.31 1 7
github.com/subhasundardass/retui/retui/hooks.go:634.31,636.4 1 0
github.com/subhasundardass/retui/retui/hooks.go:638.2,638.32 1 7
github.com/subhasundardass/retui/retui/hooks.go:645.26,646.15 1 6
github.com/subhasundardass/retui/retui/hooks.go:646.15,648.3 1 3
github.com/subhasundardass/retui/retui/hooks.go:649.2,649.15 1 3
github.com/subhasundardass/retui/retui/hooks.go:649.15,650.31 1 3
github.com/subhasundardass/retui/retui/hooks.go:650.31,652.4 1 0
github.com/subhasundardass/retui/retui/hooks.go:654.2,654.6 1 3
github.com/subhasundardass/retui/retui/hooks.go:660.51,661.15 1 4
github.com/subhasundardass/retui/retui/hooks.go:661.15,663.3 1 0
github.com/subhasundardass/retui/retui/hooks.go:664.2,664.15 1 4
github.com/subhasundardass/retui/retui/hooks.go:664.15,665.31 1 4
github.com/subhasundardass/retui/retui/hooks.go:665.31,667.4 1 0
github.com/subhasundardass/retui/retui/hooks.go:669.2,669.13 1 4
github.com/subhasundardass/retui/retui/key.go:117.29,118.17 1 0
github.com/subhasundardass/retui/retui/key.go:118.17,120.3 1 0
github.com/subhasundardass/retui/retui/key.go:124.2,124.48 1 0
github.com/subhasundardass/retui/retui/key.go:124.48,125.15 1 0
github.com/subhasundardass/retui/retui/key.go:127.12,128.27 1 0
github.com/subhasundardass/retui/retui/key.go:129.12,130.29 1 0
github.com/subhasundardass/retui/retui/key.go:131.12,132.30 1 0
github.com/subhasundardass/retui/retui/key.go:133.12,134.29 1 0
github.com/subhasundardass/retui/retui/key.go:135.12,136.33 1 0
github.com/subhasundardass/retui/retui/key.go:139.12,140.27 1 0
github.com/subhasundardass/retui/retui/key.go:141.12,142.27 1 0
github.com/subhasundardass/retui/retui/key.go:143.12,144.27 1 0
github.com/subhasundardass/retui/retui/key.go:145.12,146.27 1 0
github.com/subhasundardass/retui/retui/key.go:149.12,150.29 1 0
github.com/subhasundardass/retui/retui/key.go:151.12,152.28 1 0
github.com/subhasundardass/retui/retui/key.go:155.27,156.34 1 0
github.com/subhasundardass/retui/retui/key.go:156.34,157.17 1 0
github.com/subhasundardass/retui/retui/key.go:158.14,159.33 1 0
github.com/subhasundardass/retui/retui/key.go:160.14,161.33 1 0
github.com/subhasundardass/retui/retui/key.go:162.14,163.33 1 0
github.com/subhasundardass/retui/retui/key.go:164.14,165.35 1 0
github.com/subhasundardass/retui/retui/key.go:172.2,172.48 1 0
github.com/subhasundardass/retui/retui/key.go:172.48,173.15 1 0
github.com/subhasundardass/retui/retui/key.go:174.12,175.27 1 0
github.com/subhasundardass/retui/retui/key.go:176.12,177.27 1 0
github.com/subhasundardass/retui/retui/key.go:178.12,179.27 1 0
github.com/subhasundardass/retui/retui/key.go:180.12,181.27 1 0
github.com/subhasundardass/retui/retui/key.go:184.2,184.63 1 0
github.com/subhasundardass/retui/retui/key.go:184.63,185.15 1 0
github.com/subhasundardass/retui/retui/key.go:186.12,187.19 1 0
github.com/subhasundardass/retui/retui/key.go:187.19,189.5 1 0
github.com/subhasundardass/retui/retui/key.go:190.12,191.19 1 0
github.com/subhasundardass/retui/retui/key.go:191.19,193.5 1 0
github.com/subhasundardass/retui/retui/key.go:194.12,195.19 1 0
github.com/subhasundardass/retui/retui/key.go:195.19,197.5 1 0
github.com/subhasundardass/retui/retui/key.go:198.12,199.19 1 0
github.com/subhasundardass/retui/retui/key.go:199.19,201.5 1 0
github.com/subhasundardass/retui/retui/key.go:205.2,205.63 1 0
github.com/subhasundardass/retui/retui/key.go:205.63,206.15 1 0
github.com/subhasundardass/retui/retui/key.go:207.12,208.19 1 0
github.com/subhasundardass/retui/retui/key.go:208.19,210.5 1 0
github.com/subhasundardass/retui/retui/key.go:211.12,212.19 1 0
github.com/subhasundardass/retui/retui/key.go:212.19,214.5 1 0
github.com/subhasundardass/retui/retui/key.go:215.12,216.19 1 0
github.com/subhasundardass/retui/retui/key.go:216.19,218.5 1 0
github.com/subhasundardass/retui/retui/key.go:219.12,220.19 1 0
github.com/subhasundardass/retui/retui/key.go:220.19,222.5 1 0
github.com/subhasundardass/retui/retui/key.go:228.2,228.33 1 0
github.com/subhasundardass/retui/retui/key.go:228.33,229.35 1 0
github.com/subhasundardass/retui/retui/key.go:229.35,231.4 1 0
github.com/subhasundardass/retui/retui/key.go:232.3,232.35 1 0
github.com/subhasundardass/retui/retui/key.go:232.35,234.4 1 0
github.com/subhasundardass/retui/retui/key.go:239.2,239.14 1 0
github.com/subhasundardass/retui/retui/key.go:240.12,241.30 1 0
github.com/subhasundardass/retui/retui/key.go:242.18,243.29 1 0
github.com/subhasundardass/retui/retui/key.go:244.18,245.33 1 0
github.com/subhasundardass/retui/retui/key.go:246.12,247.27 1 0
github.com/subhasundardass/retui/retui/key.go:248.12,249.29 1 0
github.com/subhasundardass/retui/retui/key.go:250.12,251.29 1 0
github.com/subhasundardass/retui/retui/key.go:257.12,258.29 1 0
github.com/subhasundardass/retui/retui/key.go:259.12,260.29 1 0
github.com/subhasundardass/retui/retui/key.go:261.12,262.29 1 0
github.com/subhasundardass/retui/retui/key.go:263.12,264.29 1 0
github.com/subhasundardass/retui/retui/key.go:265.12,266.29 1 0
github.com/subhasundardass/retui/retui/key.go:267.12,268.29 1 0
github.com/subhasundardass/retui/retui/key.go:272.12,273.29 1 0
github.com/subhasundardass/retui/retui/key.go:274.12,275.29 1 0
github.com/subhasundardass/retui/retui/key.go:277.12,278.29 1 0
github.com/subhasundardass/retui/retui/key.go:279.12,280.29 1 0
github.com/subhasundardass/retui/retui/key.go:281.12,282.29 1 0
github.com/subhasundardass/retui/retui/key.go:283.12,284.29 1 0
github.com/subhasundardass/retui/retui/key.go:285.12,286.29 1 0
github.com/subhasundardass/retui/retui/key.go:287.12,288.29 1 0
github.com/subhasundardass/retui/retui/key.go:289.12,290.29 1 0
github.com/subhasundardass/retui/retui/key.go:291.12,292.29 1 0
github.com/subhasundardass/retui/retui/key.go:293.12,294.29 1 0
github.com/subhasundardass/retui/retui/key.go:295.12,296.29 1 0
github.com/subhasundardass/retui/retui/key.go:297.12,298.29 1 0
github.com/subhasundardass/retui/retui/key.go:299.12,300.29 1 0
github.com/subhasundardass/retui/retui/key.go:301.12,302.29 1 0
github.com/subhasundardass/retui/retui/key.go:307.2,307.30 1 0
github.com/subhasundardass/retui/retui/key.go:324.43,325.17 1 0
github.com/subhasundardass/retui/retui/key.go:325.17,327.3 1 0
github.com/subhasundardass/retui/retui/key.go:330.2,330.18 1 0
github.com/subhasundardass/retui/retui/key.go:330.18,332.3 1 0
github.com/subhasundardass/retui/retui/key.go:335.2,335.17 1 0
github.com/subhasundardass/retui/retui/key.go:335.17,337.3 1 0
github.com/subhasundardass/retui/retui/key.go:340.2,340.32 1 0
github.com/subhasundardass/retui/retui/key.go:340.32,342.3 1 0
github.com/subhasundardass/retui/retui/key.go:345.2,345.30 1 0
github.com/subhasundardass/retui/retui/key.go:345.30,349.41 2 0
github.com/subhasundardass/retui/retui/key.go:349.41,351.4 1 0
github.com/subhasundardass/retui/retui/key.go:355.2,355.15 1 0
github.com/subhasundardass/retui/retui/key.go:359.43,362.17 2 0
github.com/subhasundardass/retui/retui/key.go:362.17,365.16 1 0
github.com/subhasundardass/retui/retui/key.go:365.16,370.15 4 0
github.com/subhasundardass/retui/retui/key.go:370.15,372.5 1 0
github.com/subhasundardass/retui/retui/key.go:374.4,386.12 7 0
github.com/subhasundardass/retui/retui/key.go:389.3,389.37 1 0
github.com/subhasundardass/retui/retui/key.go:389.37,392.12 3 0
github.com/subhasundardass/retui/retui/key.go:395.3,396.13 2 0
github.com/subhasundardass/retui/retui/key.go:396.13,397.9 1 0
github.com/subhasundardass/retui/retui/key.go:400.3,401.12 2 0
github.com/subhasundardass/retui/retui/key.go:404.2,404.13 1 0
github.com/subhasundardass/retui/retui/key.go:410.33,412.2 1 0
github.com/subhasundardass/retui/retui/key.go:415.32,417.2 1 0
github.com/subhasundardass/retui/retui/key.go:420.35,422.2 1 0
github.com/subhasundardass/retui/retui/key.go:425.37,426.16 1 0
github.com/subhasundardass/retui/retui/key.go:427.82,428.14 1 0
github.com/subhasundardass/retui/retui/key.go:429.10,430.15 1 0
github.com/subhasundardass/retui/retui/key.go:435.30,436.17 1 0
github.com/subhasundardass/retui/retui/key.go:436.17,438.3 1 0
github.com/subhasundardass/retui/retui/key.go:439.2,439.16 1 0
github.com/subhasundardass/retui/retui/key.go:440.15,441.16 1 0
github.com/subhasundardass/retui/retui/key.go:442.16,443.17 1 0
github.com/subhasundardass/retui/retui/key.go:444.20,445.21 1 0
github.com/subhasundardass/retui/retui/key.go:446.17,447.18 1 0
github.com/subhasundardass/retui/retui/key.go:448.14,449.15 1 0
github.com/subhasundardass/retui/retui/key.go:450.19,451.20 1 0
github.com/subhasundardass/retui/retui/key.go:452.13,453.14 1 0
github.com/subhasundardass/retui/retui/key.go:454.15,455.16 1 0
github.com/subhasundardass/retui/retui/key.go:456.15,457.16 1 0
github.com/subhasundardass/retui/retui/key.go:458.16,459.17 1 0
github.com/subhasundardass/retui/retui/key.go:460.16,461.17 1 0
github.com/subhasundardass/retui/retui/key.go:462.16,463.17 1 0
github.com/subhasundardass/retui/retui/key.go:464.16,465.17 1 0
github.com/subhasundardass/retui/retui/key.go:466.15,467.16 1 0
github.com/subhasundardass/retui/retui/key.go:468.14,469.15 1 0
github.com/subhasundardass/retui/retui/key.go:470.17,471.18 1 0
github.com/subhasundardass/retui/retui/key.go:472.19,473.20 1 0
github.com/subhasundardass/retui/retui/key.go:474.17,475.18 1 0
github.com/subhasundardass/retui/retui/key.go:476.17,477.18 1 0
github.com/subhasundardass/retui/retui/key.go:478.13,479.14 1 0
github.com/subhasundardass/retui/retui/key.go:480.13,481.14 1 0
github.com/subhasundardass/retui/retui/key.go:482.13,483.14 1 0
github.com/subhasundardass/retui/retui/key.go:484.13,485.14 1 0
github.com/subhasundardass/retui/retui/key.go:486.13,487.14 1 0
github.com/subhasundardass/retui/retui/key.go:488.13,489.14 1 0
github.com/subhasundardass/retui/retui/key.go:490.13,491.14 1 0
github.com/subhasundardass/retui/retui/key.go:492.13,493.14 1 0
github.com/subhasundardass/retui/retui/key.go:494.13,495.14 1 0
github.com/subhasundardass/retui/retui/key.go:496.14,497.15 1 0
github.com/subhasundardass/retui/retui/key.go:498.14,499.15 1 0
github.com/subhasundardass/retui/retui/key.go:500.14,501.15 1 0
github.com/subhasundardass/retui/retui/key.go:502.10,503.47 1 0
github.com/subhasundardass/retui/retui/key.go:503.47,505.4 1 0
github.com/subhasundardass/retui/retui/key.go:506.3,506.45 1 0
github.com/subhasundardass/retui/retui/key.go:506.45,508.4 1 0
github.com/subhasundardass/retui/retui/key.go:509.3,509.19 1 0
github.com/subhasundardass/retui/retui/layout.go:192.34,193.12 1 0
github.com/subhasundardass/retui/retui/layout.go:193.12,195.3 1 0
github.com/subhasundardass/retui/retui/layout.go:196.2,196.12 1 0
github.com/subhasundardass/retui/retui/layout.go:196.12,198.3 1 0
github.com/subhasundardass/retui/retui/layout.go:199.2,199.10 1 0
github.com/subhasundardass/retui/retui/layout.go:208.30,210.2 1 23
github.com/subhasundardass/retui/retui/layout.go:214.59,217.2 2 0
github.com/subhasundardass/retui/retui/layout.go:221.55,225.2 3 0
github.com/subhasundardass/retui/retui/layout.go:230.40,232.2 1 0
github.com/subhasundardass/retui/retui/layout.go:236.63,239.2 2 8
github.com/subhasundardass/retui/retui/layout.go:247.54,250.2 2 0
github.com/subhasundardass/retui/retui/layout.go:253.26,255.2 1 2028
github.com/subhasundardass/retui/retui/layout.go:262.25,264.2 1 8
github.com/subhasundardass/retui/retui/layout.go:269.19,271.2 1 9
github.com/subhasundardass/retui/retui/layout.go:283.28,285.2 1 0
github.com/subhasundardass/retui/retui/layout.go:288.56,292.2 3 16
github.com/subhasundardass/retui/retui/layout.go:295.54,298.2 2 0
github.com/subhasundardass/retui/retui/layout.go:301.55,304.2 2 0
github.com/subhasundardass/retui/retui/layout.go:307.72,310.2 2 8
github.com/subhasundardass/retui/retui/layout.go:314.76,320.2 5 0
github.com/subhasundardass/retui/retui/layout.go:323.66,329.2 5 0
github.com/subhasundardass/retui/retui/layout.go:335.75,341.2 5 0
github.com/subhasundardass/retui/retui/layout.go:344.64,350.2 5 0
github.com/subhasundardass/retui/retui/layout.go:354.53,357.2 2 0
github.com/subhasundardass/retui/retui/layout.go:362.65,365.2 2 1
github.com/subhasundardass/retui/retui/layout.go:370.61,373.2 2 2
github.com/subhasundardass/retui/retui/layout.go:390.77,393.2 2 0
github.com/subhasundardass/retui/retui/layout.go:409.58,411.2 1 1012
github.com/subhasundardass/retui/retui/layout.go:429.61,436.21 4 1020
github.com/subhasundardass/retui/retui/layout.go:436.21,440.3 3 2
github.com/subhasundardass/retui/retui/layout.go:441.2,441.12 1 1020
github.com/subhasundardass/retui/retui/layout.go:450.36,451.31 1 1035
github.com/subhasundardass/retui/retui/layout.go:451.31,453.3 1 2
github.com/subhasundardass/retui/retui/layout.go:454.2,454.31 1 1033
github.com/subhasundardass/retui/retui/layout.go:454.31,455.19 1 15
github.com/subhasundardass/retui/retui/layout.go:455.19,457.4 1 2
github.com/subhasundardass/retui/retui/layout.go:459.2,459.14 1 1031
github.com/subhasundardass/retui/retui/layout.go:472.40,473.35 1 2052
github.com/subhasundardass/retui/retui/layout.go:473.35,475.3 1 18
github.com/subhasundardass/retui/retui/layout.go:477.2,480.25 3 2052
github.com/subhasundardass/retui/retui/layout.go:480.25,482.3 1 6
github.com/subhasundardass/retui/retui/layout.go:484.2,484.28 1 2052
github.com/subhasundardass/retui/retui/layout.go:485.19,486.30 1 2043
github.com/subhasundardass/retui/retui/layout.go:488.17,489.25 1 0
github.com/subhasundardass/retui/retui/layout.go:489.25,490.37 1 0
github.com/subhasundardass/retui/retui/layout.go:490.37,492.5 1 0
github.com/subhasundardass/retui/retui/layout.go:493.4,493.17 1 0
github.com/subhasundardass/retui/retui/layout.go:494.9,495.37 1 0
github.com/subhasundardass/retui/retui/layout.go:495.37,497.19 2 0
github.com/subhasundardass/retui/retui/layout.go:497.19,499.6 1 0
github.com/subhasundardass/retui/retui/layout.go:503.33,504.12 1 9
github.com/subhasundardass/retui/retui/layout.go:507.2,507.29 1 2052
github.com/subhasundardass/retui/retui/layout.go:508.19,509.32 1 2041
github.com/subhasundardass/retui/retui/layout.go:511.17,512.25 1 11
github.com/subhasundardass/retui/retui/layout.go:512.25,513.37 1 2
github.com/subhasundardass/retui/retui/layout.go:513.37,515.5 1 2
github.com/subhasundardass/retui/retui/layout.go:516.4,516.18 1 2
github.com/subhasundardass/retui/retui/layout.go:517.9,518.37 1 9
github.com/subhasundardass/retui/retui/layout.go:518.37,520.20 2 0
github.com/subhasundardass/retui/retui/layout.go:520.20,522.6 1 0
github.com/subhasundardass/retui/retui/layout.go:526.33,527.13 1 0
github.com/subhasundardass/retui/retui/layout.go:530.2,530.37 1 2052
github.com/subhasundardass/retui/retui/layout.go:530.37,532.3 1 0
github.com/subhasundardass/retui/retui/layout.go:533.2,533.38 1 2052
github.com/subhasundardass/retui/retui/layout.go:533.38,535.3 1 11
github.com/subhasundardass/retui/retui/layout.go:537.2,537.63 1 2052
github.com/subhasundardass/retui/retui/layout.go:537.63,539.3 1 2
github.com/subhasundardass/retui/retui/layout.go:541.2,541.22 1 2052
github.com/subhasundardass/retui/retui/layout.go:545.42,546.16 1 46
github.com/subhasundardass/retui/retui/layout.go:546.16,548.3 1 40
github.com/subhasundardass/retui/retui/layout.go:549.2,549.17 1 6
github.com/subhasundardass/retui/retui/layout.go:553.53,554.16 1 7
github.com/subhasundardass/retui/retui/layout.go:554.16,556.3 1 7
github.com/subhasundardass/retui/retui/layout.go:556.8,558.3 1 0
github.com/subhasundardass/retui/retui/layout.go:562.54,563.16 1 18
github.com/subhasundardass/retui/retui/layout.go:563.16,565.3 1 16
github.com/subhasundardass/retui/retui/layout.go:565.8,567.3 1 2
github.com/subhasundardass/retui/retui/layout.go:571.43,572.16 1 10
github.com/subhasundardass/retui/retui/layout.go:572.16,574.3 1 8
github.com/subhasundardass/retui/retui/layout.go:575.2,575.12 1 2
github.com/subhasundardass/retui/retui/layout.go:579.52,580.16 1 18
github.com/subhasundardass/retui/retui/layout.go:580.16,582.3 1 16
github.com/subhasundardass/retui/retui/layout.go:583.2,583.16 1 2
github.com/subhasundardass/retui/retui/layout.go:587.24,588.11 1 21
github.com/subhasundardass/retui/retui/layout.go:588.11,590.3 1 21
github.com/subhasundardass/retui/retui/layout.go:591.2,591.10 1 0
github.com/subhasundardass/retui/retui/layout.go:596.56,597.16 1 36
github.com/subhasundardass/retui/retui/layout.go:597.16,599.3 1 32
github.com/subhasundardass/retui/retui/layout.go:600.2,600.20 1 4
github.com/subhasundardass/retui/retui/layout.go:605.54,606.16 1 36
github.com/subhasundardass/retui/retui/layout.go:606.16,608.3 1 32
github.com/subhasundardass/retui/retui/layout.go:609.2,609.23 1 4
github.com/subhasundardass/retui/retui/layout.go:614.57,615.16 1 18
github.com/subhasundardass/retui/retui/layout.go:615.16,617.3 1 16
github.com/subhasundardass/retui/retui/layout.go:618.2,618.21 1 2
github.com/subhasundardass/retui/retui/layout.go:623.55,624.16 1 18
github.com/subhasundardass/retui/retui/layout.go:624.16,626.3 1 16
github.com/subhasundardass/retui/retui/layout.go:627.2,627.22 1 2
github.com/subhasundardass/retui/retui/layout.go:633.77,636.24 3 18
github.com/subhasundardass/retui/retui/layout.go:636.24,638.3 1 0
github.com/subhasundardass/retui/retui/layout.go:640.2,640.38 1 18
github.com/subhasundardass/retui/retui/layout.go:640.38,642.3 1 17
github.com/subhasundardass/retui/retui/layout.go:644.2,644.29 1 1
github.com/subhasundardass/retui/retui/layout.go:644.29,645.34 1 1
github.com/subhasundardass/retui/retui/layout.go:646.31,647.58 1 1
github.com/subhasundardass/retui/retui/layout.go:648.22,649.53 1 0
github.com/subhasundardass/retui/retui/layout.go:650.19,651.25 1 0
github.com/subhasundardass/retui/retui/layout.go:655.2,655.32 1 0
github.com/subhasundardass/retui/retui/layout.go:656.30,657.56 1 0
github.com/subhasundardass/retui/retui/layout.go:658.21,659.51 1 0
github.com/subhasundardass/retui/retui/layout.go:660.18,661.24 1 0
github.com/subhasundardass/retui/retui/layout.go:664.2,664.10 1 0
github.com/subhasundardass/retui/retui/layout.go:669.93,670.29 1 18
github.com/subhasundardass/retui/retui/layout.go:670.29,673.27 3 16
github.com/subhasundardass/retui/retui/layout.go:674.20,675.95 1 0
github.com/subhasundardass/retui/retui/layout.go:676.17,677.69 1 0
github.com/subhasundardass/retui/retui/layout.go:678.11,679.38 1 16
github.com/subhasundardass/retui/retui/layout.go:681.3,681.9 1 16
github.com/subhasundardass/retui/retui/layout.go:684.2,686.26 3 2
github.com/subhasundardass/retui/retui/layout.go:687.19,688.92 1 0
github.com/subhasundardass/retui/retui/layout.go:689.16,690.66 1 0
github.com/subhasundardass/retui/retui/layout.go:691.10,692.37 1 2
github.com/subhasundardass/retui/retui/layout.go:699.106,700.21 1 10
github.com/subhasundardass/retui/retui/layout.go:700.21,702.3 1 0
github.com/subhasundardass/retui/retui/layout.go:705.2,706.20 2 10
github.com/subhasundardass/retui/retui/layout.go:706.20,708.3 1 6
github.com/subhasundardass/retui/retui/layout.go:711.2,712.20 2 10
github.com/subhasundardass/retui/retui/layout.go:712.20,714.3 1 0
github.com/subhasundardass/retui/retui/layout.go:716.2,720.17 3 10
github.com/subhasundardass/retui/retui/layout.go:721.18,722.23 1 0
github.com/subhasundardass/retui/retui/layout.go:723.21,724.27 1 0
github.com/subhasundardass/retui/retui/layout.go:725.27,726.21 1 2
github.com/subhasundardass/retui/retui/layout.go:726.21,728.4 1 2
github.com/subhasundardass/retui/retui/layout.go:729.26,732.21 3 0
github.com/subhasundardass/retui/retui/layout.go:735.2,735.20 1 10
github.com/subhasundardass/retui/retui/layout.go:755.52,763.20 6 1040
github.com/subhasundardass/retui/retui/layout.go:763.20,765.3 1 0
github.com/subhasundardass/retui/retui/layout.go:766.2,766.21 1 1040
github.com/subhasundardass/retui/retui/layout.go:766.21,768.3 1 0
github.com/subhasundardass/retui/retui/layout.go:770.2,770.26 1 1040
github.com/subhasundardass/retui/retui/layout.go:770.26,772.3 1 1030
github.com/subhasundardass/retui/retui/layout.go:773.2,773.34 1 10
github.com/subhasundardass/retui/retui/layout.go:773.34,776.3 2 0
github.com/subhasundardass/retui/retui/layout.go:778.2,785.35 4 10
github.com/subhasundardass/retui/retui/layout.go:785.35,787.3 1 18
github.com/subhasundardass/retui/retui/layout.go:789.2,794.35 5 10
github.com/subhasundardass/retui/retui/layout.go:794.35,799.51 3 18
github.com/subhasundardass/retui/retui/layout.go:799.51,801.4 1 2
github.com/subhasundardass/retui/retui/layout.go:803.3,803.25 1 18
github.com/subhasundardass/retui/retui/layout.go:803.25,804.34 1 16
github.com/subhasundardass/retui/retui/layout.go:805.32,807.38 2 9
github.com/subhasundardass/retui/retui/layout.go:807.38,810.6 2 9
github.com/subhasundardass/retui/retui/layout.go:811.5,811.36 1 9
github.com/subhasundardass/retui/retui/layout.go:812.23,814.36 2 0
github.com/subhasundardass/retui/retui/layout.go:815.20,817.55 2 7
github.com/subhasundardass/retui/retui/layout.go:819.9,820.35 1 2
github.com/subhasundardass/retui/retui/layout.go:821.32,823.38 2 2
github.com/subhasundardass/retui/retui/layout.go:823.38,826.6 2 2
github.com/subhasundardass/retui/retui/layout.go:827.5,827.37 1 2
github.com/subhasundardass/retui/retui/layout.go:828.23,830.37 2 0
github.com/subhasundardass/retui/retui/layout.go:831.20,833.55 2 0
github.com/subhasundardass/retui/retui/layout.go:837.3,837.45 1 18
github.com/subhasundardass/retui/retui/layout.go:840.2,842.25 2 10
github.com/subhasundardass/retui/retui/layout.go:842.25,846.35 3 4
github.com/subhasundardass/retui/retui/layout.go:846.35,849.29 3 7
github.com/subhasundardass/retui/retui/layout.go:849.29,851.5 1 0
github.com/subhasundardass/retui/retui/layout.go:853.4,854.32 2 7
github.com/subhasundardass/retui/retui/layout.go:854.32,856.5 1 3
github.com/subhasundardass/retui/retui/layout.go:858.4,860.29 3 7
github.com/subhasundardass/retui/retui/layout.go:864.2,864.24 1 10
github.com/subhasundardass/retui/retui/layout.go:864.24,865.36 1 8
github.com/subhasundardass/retui/retui/layout.go:865.36,866.27 1 16
github.com/subhasundardass/retui/retui/layout.go:866.27,867.13 1 14
github.com/subhasundardass/retui/retui/layout.go:869.4,870.44 2 2
github.com/subhasundardass/retui/retui/layout.go:870.44,872.5 1 2
github.com/subhasundardass/retui/retui/layout.go:878.2,879.39 2 10
github.com/subhasundardass/retui/retui/layout.go:879.39,881.3 1 18
github.com/subhasundardass/retui/retui/layout.go:882.2,893.34 3 10
github.com/subhasundardass/retui/retui/layout.go:893.34,896.25 3 0
github.com/subhasundardass/retui/retui/layout.go:896.25,898.4 1 0
github.com/subhasundardass/retui/retui/layout.go:899.3,899.40 1 0
github.com/subhasundardass/retui/retui/layout.go:902.2,902.35 1 10
github.com/subhasundardass/retui/retui/layout.go:902.35,909.25 5 18
github.com/subhasundardass/retui/retui/layout.go:909.25,911.4 1 16
github.com/subhasundardass/retui/retui/layout.go:911.9,913.4 1 2
github.com/subhasundardass/retui/retui/layout.go:915.3,920.28 4 18
github.com/subhasundardass/retui/retui/layout.go:920.28,922.4 1 8
github.com/subhasundardass/retui/retui/layout.go:930.31,931.25 1 12
github.com/subhasundardass/retui/retui/layout.go:931.25,933.3 1 0
github.com/subhasundardass/retui/retui/layout.go:934.2,934.10 1 12
github.com/subhasundardass/retui/retui/layout.go:949.59,961.35 6 0
github.com/subhasundardass/retui/retui/layout.go:961.35,963.46 2 0
github.com/subhasundardass/retui/retui/layout.go:963.46,965.4 1 0
github.com/subhasundardass/retui/retui/layout.go:966.3,966.21 1 0
github.com/subhasundardass/retui/retui/layout.go:966.21,968.4 1 0
github.com/subhasundardass/retui/retui/layout.go:969.3,972.23 3 0
github.com/subhasundardass/retui/retui/layout.go:972.23,974.4 1 0
github.com/subhasundardass/retui/retui/layout.go:975.3,975.53 1 0
github.com/subhasundardass/retui/retui/layout.go:975.53,980.4 4 0
github.com/subhasundardass/retui/retui/layout.go:982.3,983.19 2 0
github.com/subhasundardass/retui/retui/layout.go:985.2,985.22 1 0
github.com/subhasundardass/retui/retui/layout.go:985.22,987.3 1 0
github.com/subhasundardass/retui/retui/layout.go:989.2,992.30 3 0
github.com/subhasundardass/retui/retui/layout.go:992.30,995.27 3 0
github.com/subhasundardass/retui/retui/layout.go:995.27,996.25 1 0
github.com/subhasundardass/retui/retui/layout.go:996.25,998.5 1 0
github.com/subhasundardass/retui/retui/layout.go:999.4,1000.13 2 0
github.com/subhasundardass/retui/retui/layout.go:1000.13,1002.5 1 0
github.com/subhasundardass/retui/retui/layout.go:1005.3,1007.27 2 0
github.com/subhasundardass/retui/retui/layout.go:1007.27,1009.23 2 0
github.com/subhasundardass/retui/retui/layout.go:1010.22,1011.34 1 0
github.com/subhasundardass/retui/retui/layout.go:1012.21,1013.48 1 0
github.com/subhasundardass/retui/retui/layout.go:1014.18,1015.46 1 0
github.com/subhasundardass/retui/retui/layout.go:1017.4,1018.25 2 0
github.com/subhasundardass/retui/retui/layout.go:1021.3,1023.24 3 0
github.com/subhasundardass/retui/retui/layout.go:1023.24,1026.4 2 0
github.com/subhasundardass/retui/retui/layout.go:1029.2,1029.38 1 0
github.com/subhasundardass/retui/retui/layout.go:1029.38,1031.3 1 0
github.com/subhasundardass/retui/retui/logger.go:40.35,41.11 1 0
github.com/subhasundardass/retui/retui/logger.go:42.20,43.19 1 0
github.com/subhasundardass/retui/retui/logger.go:44.18,45.17 1 0
github.com/subhasundardass/retui/retui/logger.go:46.17,47.16 1 0
github.com/subhasundardass/retui/retui/logger.go:48.17,49.16 1 0
github.com/subhasundardass/retui/retui/logger.go:50.18,51.17 1 0
github.com/subhasundardass/retui/retui/logger.go:52.18,53.17 1 0
github.com/subhasundardass/retui/retui/logger.go:54.10,55.19 1 0
github.com/subhasundardass/retui/retui/logger.go:71.13,77.39 3 1
github.com/subhasundardass/retui/retui/logger.go:77.39,81.3 2 0
github.com/subhasundardass/retui/retui/logger.go:85.27,90.50 4 1
github.com/subhasundardass/retui/retui/logger.go:90.50,92.3 1 0
github.com/subhasundardass/retui/retui/logger.go:97.2,104.16 4 1
github.com/subhasundardass/retui/retui/logger.go:104.16,106.3 1 0
github.com/subhasundardass/retui/retui/logger.go:109.2,111.12 2 1
github.com/subhasundardass/retui/retui/logger.go:115.25,117.16 2 1
github.com/subhasundardass/retui/retui/logger.go:117.16,119.3 1 0
github.com/subhasundardass/retui/retui/logger.go:120.2,120.11 1 1
github.com/subhasundardass/retui/retui/logger.go:124.33,128.13 4 0
github.com/subhasundardass/retui/retui/logger.go:128.13,130.3 1 0
github.com/subhasundardass/retui/retui/logger.go:130.8,132.3 1 0
github.com/subhasundardass/retui/retui/logger.go:136.34,140.2 3 0
github.com/subhasundardass/retui/retui/logger.go:143.29,147.2 3 0
github.com/subhasundardass/retui/retui/logger.go:150.25,154.2 3 0
github.com/subhasundardass/retui/retui/logger.go:157.23,161.20 3 0
github.com/subhasundardass/retui/retui/logger.go:161.20,163.3 1 0
github.com/subhasundardass/retui/retui/logger.go:164.2,164.12 1 0
github.com/subhasundardass/retui/retui/logger.go:168.68,173.22 3 0
github.com/subhasundardass/retui/retui/logger.go:173.22,175.3 1 0
github.com/subhasundardass/retui/retui/logger.go:177.2,177.19 1 0
github.com/subhasundardass/retui/retui/logger.go:177.19,179.3 1 0
github.com/subhasundardass/retui/retui/logger.go:182.2,184.8 3 0
github.com/subhasundardass/retui/retui/logger.go:184.8,189.3 3 0
github.com/subhasundardass/retui/retui/logger.go:191.2,206.26 5 0
github.com/subhasundardass/retui/retui/logger.go:215.33,216.15 1 0
github.com/subhasundardass/retui/retui/logger.go:216.15,218.3 1 0
github.com/subhasundardass/retui/retui/logger.go:222.49,223.15 1 0
github.com/subhasundardass/retui/retui/logger.go:223.15,225.3 1 0
github.com/subhasundardass/retui/retui/logger.go:229.32,231.2 1 0
github.com/subhasundardass/retui/retui/logger.go:234.48,236.2 1 0
github.com/subhasundardass/retui/retui/logger.go:239.32,241.2 1 0
github.com/subhasundardass/retui/retui/logger.go:244.48,246.2 1 0
github.com/subhasundardass/retui/retui/logger.go:249.33,251.2 1 0
github.com/subhasundardass/retui/retui/logger.go:254.49,256.2 1 0
github.com/subhasundardass/retui/retui/logger.go:259.33,262.2 2 0
github.com/subhasundardass/retui/retui/logger.go:265.49,268.2 2 0
github.com/subhasundardass/retui/retui/logger.go:271.35,273.2 1 0
github.com/subhasundardass/retui/retui/logger.go:276.51,278.2 1 0
github.com/subhasundardass/retui/retui/logger.go:281.83,282.22 1 0
github.com/subhasundardass/retui/retui/logger.go:282.22,284.3 1 0
github.com/subhasundardass/retui/retui/logger.go:286.2,287.21 2 0
github.com/subhasundardass/retui/retui/logger.go:287.21,289.3 1 0
github.com/subhasundardass/retui/retui/logger.go:291.2,291.49 1 0
github.com/subhasundardass/retui/retui/logger.go:300.55,302.2 1 0
github.com/subhasundardass/retui/retui/logger.go:305.40,306.15 1 0
github.com/subhasundardass/retui/retui/logger.go:306.15,308.3 1 0
github.com/subhasundardass/retui/retui/logger.go:312.39,314.2 1 0
github.com/subhasundardass/retui/retui/logger.go:317.39,319.2 1 0
github.com/subhasundardass/retui/retui/logger.go:322.40,324.2 1 0
github.com/subhasundardass/retui/retui/logger.go:327.66,328.21 1 0
github.com/subhasundardass/retui/retui/logger.go:328.21,330.3 1 0
github.com/subhasundardass/retui/retui/logger.go:331.2,332.10 2 0
github.com/subhasundardass/retui/retui/logger.go:336.56,338.2 1 0
github.com/subhasundardass/retui/retui/markdown.go:52.18,53.16 1 0
github.com/subhasundardass/retui/retui/markdown.go:53.16,55.3 1 0
github.com/subhasundardass/retui/retui/markdown.go:57.2,59.31 3 0
github.com/subhasundardass/retui/retui/markdown.go:59.31,60.58 1 0
github.com/subhasundardass/retui/retui/markdown.go:60.58,62.4 1 0
github.com/subhasundardass/retui/retui/markdown.go:63.3,63.68 1 0
github.com/subhasundardass/retui/retui/markdown.go:65.2,65.21 1 0
github.com/subhasundardass/retui/retui/markdown.go:65.21,67.3 1 0
github.com/subhasundardass/retui/retui/markdown.go:68.2,68.14 1 0
github.com/subhasundardass/retui/retui/markdown.go:71.60,72.68 1 0
github.com/subhasundardass/retui/retui/markdown.go:72.68,74.3 1 0
github.com/subhasundardass/retui/retui/markdown.go:75.2,75.62 1 0
github.com/subhasundardass/retui/retui/markdown.go:75.62,77.3 1 0
github.com/subhasundardass/retui/retui/markdown.go:78.2,78.13 1 0
github.com/subhasundardass/retui/retui/markdown.go:81.59,88.30 6 0
github.com/subhasundardass/retui/retui/markdown.go:88.30,91.20 3 0
github.com/subhasundardass/retui/retui/markdown.go:91.20,94.12 3 0
github.com/subhasundardass/retui/retui/markdown.go:97.3,97.40 1 0
github.com/subhasundardass/retui/retui/markdown.go:97.40,102.23 5 0
github.com/subhasundardass/retui/retui/markdown.go:102.23,104.47 2 0
github.com/subhasundardass/retui/retui/markdown.go:104.47,107.11 3 0
github.com/subhasundardass/retui/retui/markdown.go:109.5,110.8 2 0
github.com/subhasundardass/retui/retui/markdown.go:114.4,114.21 1 0
github.com/subhasundardass/retui/retui/markdown.go:114.21,120.13 2 0
github.com/subhasundardass/retui/retui/markdown.go:122.4,126.12 2 0
github.com/subhasundardass/retui/retui/markdown.go:129.3,129.30 1 0
github.com/subhasundardass/retui/retui/markdown.go:129.30,132.12 3 0
github.com/subhasundardass/retui/retui/markdown.go:135.3,135.59 1 0
github.com/subhasundardass/retui/retui/markdown.go:135.59,141.12 3 0
github.com/subhasundardass/retui/retui/markdown.go:144.3,144.37 1 0
github.com/subhasundardass/retui/retui/markdown.go:144.37,148.95 4 0
github.com/subhasundardass/retui/retui/markdown.go:148.95,151.5 2 0
github.com/subhasundardass/retui/retui/markdown.go:152.4,160.12 2 0
github.com/subhasundardass/retui/retui/markdown.go:163.3,163.50 1 0
github.com/subhasundardass/retui/retui/markdown.go:163.50,166.23 3 0
github.com/subhasundardass/retui/retui/markdown.go:166.23,167.72 1 0
github.com/subhasundardass/retui/retui/markdown.go:167.72,170.14 3 0
github.com/subhasundardass/retui/retui/markdown.go:172.5,172.10 1 0
github.com/subhasundardass/retui/retui/markdown.go:174.4,181.12 2 0
github.com/subhasundardass/retui/retui/markdown.go:184.3,184.63 1 0
github.com/subhasundardass/retui/retui/markdown.go:184.63,188.12 4 0
github.com/subhasundardass/retui/retui/markdown.go:190.3,194.22 4 0
github.com/subhasundardass/retui/retui/markdown.go:194.22,197.26 2 0
github.com/subhasundardass/retui/retui/markdown.go:197.26,198.10 1 0
github.com/subhasundardass/retui/retui/markdown.go:200.4,200.50 1 0
github.com/subhasundardass/retui/retui/markdown.go:200.50,201.10 1 0
github.com/subhasundardass/retui/retui/markdown.go:203.4,203.38 1 0
github.com/subhasundardass/retui/retui/markdown.go:203.38,204.10 1 0
github.com/subhasundardass/retui/retui/markdown.go:206.4,206.45 1 0
github.com/subhasundardass/retui/retui/markdown.go:206.45,207.10 1 0
github.com/subhasundardass/retui/retui/markdown.go:209.4,209.59 1 0
github.com/subhasundardass/retui/retui/markdown.go:209.59,210.10 1 0
github.com/subhasundardass/retui/retui/markdown.go:212.4,213.7 2 0
github.com/subhasundardass/retui/retui/markdown.go:215.3,221.4 1 0
github.com/subhasundardass/retui/retui/markdown.go:224.2,224.15 1 0
github.com/subhasundardass/retui/retui/markdown.go:227.60,229.59 2 0
github.com/subhasundardass/retui/retui/markdown.go:229.59,231.3 1 0
github.com/subhasundardass/retui/retui/markdown.go:232.2,232.60 1 0
github.com/subhasundardass/retui/retui/markdown.go:232.60,234.3 1 0
github.com/subhasundardass/retui/retui/markdown.go:235.2,235.55 1 0
github.com/subhasundardass/retui/retui/markdown.go:238.43,240.46 2 0
github.com/subhasundardass/retui/retui/markdown.go:240.46,242.3 1 0
github.com/subhasundardass/retui/retui/markdown.go:243.2,243.14 1 0
github.com/subhasundardass/retui/retui/markdown.go:246.63,247.46 1 0
github.com/subhasundardass/retui/retui/markdown.go:247.46,249.3 1 0
github.com/subhasundardass/retui/retui/markdown.go:250.2,250.34 1 0
github.com/subhasundardass/retui/retui/markdown.go:250.34,251.21 1 0
github.com/subhasundardass/retui/retui/markdown.go:251.21,253.4 1 0
github.com/subhasundardass/retui/retui/markdown.go:255.2,255.51 1 0
github.com/subhasundardass/retui/retui/markdown.go:258.39,259.19 1 0
github.com/subhasundardass/retui/retui/markdown.go:259.19,261.3 1 0
github.com/subhasundardass/retui/retui/markdown.go:262.2,264.25 3 0
github.com/subhasundardass/retui/retui/markdown.go:264.25,265.25 1 0
github.com/subhasundardass/retui/retui/markdown.go:265.25,266.12 1 0
github.com/subhasundardass/retui/retui/markdown.go:268.3,268.18 1 0
github.com/subhasundardass/retui/retui/markdown.go:268.18,269.40 1 0
github.com/subhasundardass/retui/retui/markdown.go:269.40,271.5 1 0
github.com/subhasundardass/retui/retui/markdown.go:272.4,272.14 1 0
github.com/subhasundardass/retui/retui/markdown.go:274.3,274.18 1 0
github.com/subhasundardass/retui/retui/markdown.go:274.18,276.4 1 0
github.com/subhasundardass/retui/retui/markdown.go:277.3,277.10 1 0
github.com/subhasundardass/retui/retui/markdown.go:279.2,279.19 1 0
github.com/subhasundardass/retui/retui/markdown.go:282.53,283.35 1 0
github.com/subhasundardass/retui/retui/markdown.go:283.35,285.3 1 0
github.com/subhasundardass/retui/retui/markdown.go:286.2,286.63 1 0
github.com/subhasundardass/retui/retui/markdown.go:289.76,291.48 2 0
github.com/subhasundardass/retui/retui/markdown.go:291.48,293.3 1 0
github.com/subhasundardass/retui/retui/markdown.go:294.2,294.27 1 0
github.com/subhasundardass/retui/retui/markdown.go:294.27,296.3 1 0
github.com/subhasundardass/retui/retui/markdown.go:297.2,300.18 2 0
github.com/subhasundardass/retui/retui/markdown.go:300.18,309.3 3 0
github.com/subhasundardass/retui/retui/markdown.go:311.2,312.62 2 0
github.com/subhasundardass/retui/retui/markdown.go:312.62,314.3 1 0
github.com/subhasundardass/retui/retui/markdown.go:315.2,316.22 1 0
github.com/subhasundardass/retui/retui/markdown.go:316.22,318.3 1 0
github.com/subhasundardass/retui/retui/markdown.go:319.2,320.25 2 0
github.com/subhasundardass/retui/retui/markdown.go:320.25,322.3 1 0
github.com/subhasundardass/retui/retui/markdown.go:323.2,332.9 3 0
github.com/subhasundardass/retui/retui/markdown.go:335.51,336.74 1 0
github.com/subhasundardass/retui/retui/markdown.go:336.74,337.18 1 0
github.com/subhasundardass/retui/retui/markdown.go:338.12,339.41 1 0
github.com/subhasundardass/retui/retui/markdown.go:340.17,341.41 1 0
github.com/subhasundardass/retui/retui/markdown.go:344.2,344.17 1 0
github.com/subhasundardass/retui/retui/markdown.go:347.55,348.59 1 0
github.com/subhasundardass/retui/retui/markdown.go:348.59,350.3 1 0
github.com/subhasundardass/retui/retui/markdown.go:351.2,352.21 2 0
github.com/subhasundardass/retui/retui/markdown.go:352.21,354.3 1 0
github.com/subhasundardass/retui/retui/markdown.go:355.2,356.25 2 0
github.com/subhasundardass/retui/retui/markdown.go:356.25,358.3 1 0
github.com/subhasundardass/retui/retui/markdown.go:359.2,359.33 1 0
github.com/subhasundardass/retui/retui/markdown.go:359.33,362.20 3 0
github.com/subhasundardass/retui/retui/markdown.go:362.20,364.4 1 0
github.com/subhasundardass/retui/retui/markdown.go:365.3,365.26 1 0
github.com/subhasundardass/retui/retui/markdown.go:365.26,366.16 1 0
github.com/subhasundardass/retui/retui/markdown.go:366.16,368.5 1 0
github.com/subhasundardass/retui/retui/markdown.go:371.2,371.13 1 0
github.com/subhasundardass/retui/retui/markdown.go:374.50,380.29 6 0
github.com/subhasundardass/retui/retui/markdown.go:380.29,382.3 1 0
github.com/subhasundardass/retui/retui/markdown.go:383.2,383.14 1 0
github.com/subhasundardass/retui/retui/markdown.go:390.18,391.20 1 0
github.com/subhasundardass/retui/retui/markdown.go:392.23,399.4 2 0
github.com/subhasundardass/retui/retui/markdown.go:400.25,406.4 1 0
github.com/subhasundardass/retui/retui/markdown.go:407.21,415.4 3 0
github.com/subhasundardass/retui/retui/markdown.go:416.24,423.4 2 0
github.com/subhasundardass/retui/retui/markdown.go:424.20,430.4 1 0
github.com/subhasundardass/retui/retui/markdown.go:431.20,432.54 1 0
github.com/subhasundardass/retui/retui/markdown.go:433.21,434.49 1 0
github.com/subhasundardass/retui/retui/markdown.go:435.10,436.28 1 0
github.com/subhasundardass/retui/retui/markdown.go:440.53,442.19 2 0
github.com/subhasundardass/retui/retui/markdown.go:442.19,444.3 1 0
github.com/subhasundardass/retui/retui/markdown.go:445.2,445.20 1 0
github.com/subhasundardass/retui/retui/markdown.go:446.9,447.19 1 0
github.com/subhasundardass/retui/retui/markdown.go:448.9,449.19 1 0
github.com/subhasundardass/retui/retui/markdown.go:451.2,451.15 1 0
github.com/subhasundardass/retui/retui/markdown.go:454.79,457.21 3 0
github.com/subhasundardass/retui/retui/markdown.go:457.21,459.3 1 0
github.com/subhasundardass/retui/retui/markdown.go:460.2,460.29 1 0
github.com/subhasundardass/retui/retui/markdown.go:460.29,465.3 1 0
github.com/subhasundardass/retui/retui/markdown.go:466.2,466.12 1 0
github.com/subhasundardass/retui/retui/markdown.go:473.18,475.33 2 0
github.com/subhasundardass/retui/retui/markdown.go:475.33,476.22 1 0
github.com/subhasundardass/retui/retui/markdown.go:476.22,478.4 1 0
github.com/subhasundardass/retui/retui/markdown.go:480.2,480.15 1 0
github.com/subhasundardass/retui/retui/markdown.go:480.15,482.3 1 0
github.com/subhasundardass/retui/retui/markdown.go:484.2,485.37 2 0
github.com/subhasundardass/retui/retui/markdown.go:485.37,487.3 1 0
github.com/subhasundardass/retui/retui/markdown.go:488.2,488.33 1 0
github.com/subhasundardass/retui/retui/markdown.go:488.33,489.28 1 0
github.com/subhasundardass/retui/retui/markdown.go:489.28,494.4 1 0
github.com/subhasundardass/retui/retui/markdown.go:497.2,514.33 4 0
github.com/subhasundardass/retui/retui/markdown.go:514.33,516.3 1 0
github.com/subhasundardass/retui/retui/markdown.go:517.2,517.12 1 0
github.com/subhasundardass/retui/retui/markdown.go:525.16,528.27 3 0
github.com/subhasundardass/retui/retui/markdown.go:528.27,530.21 2 0
github.com/subhasundardass/retui/retui/markdown.go:530.21,532.4 1 0
github.com/subhasundardass/retui/retui/markdown.go:533.3,536.24 4 0
github.com/subhasundardass/retui/retui/markdown.go:538.2,538.73 1 0
github.com/subhasundardass/retui/retui/markdown.go:541.50,544.27 3 0
github.com/subhasundardass/retui/retui/markdown.go:544.27,545.12 1 0
github.com/subhasundardass/retui/retui/markdown.go:545.12,547.4 1 0
github.com/subhasundardass/retui/retui/markdown.go:548.3,548.44 1 0
github.com/subhasundardass/retui/retui/markdown.go:550.2,551.19 2 0
github.com/subhasundardass/retui/retui/markdown.go:554.66,556.20 2 0
github.com/subhasundardass/retui/retui/markdown.go:556.20,557.35 1 0
github.com/subhasundardass/retui/retui/markdown.go:557.35,558.53 1 0
github.com/subhasundardass/retui/retui/markdown.go:558.53,569.13 4 0
github.com/subhasundardass/retui/retui/markdown.go:572.3,572.36 1 0
github.com/subhasundardass/retui/retui/markdown.go:572.36,573.54 1 0
github.com/subhasundardass/retui/retui/markdown.go:573.54,584.13 4 0
github.com/subhasundardass/retui/retui/markdown.go:587.3,587.36 1 0
github.com/subhasundardass/retui/retui/markdown.go:587.36,588.54 1 0
github.com/subhasundardass/retui/retui/markdown.go:588.54,595.13 4 0
github.com/subhasundardass/retui/retui/markdown.go:598.3,598.36 1 0
github.com/subhasundardass/retui/retui/markdown.go:598.36,599.54 1 0
github.com/subhasundardass/retui/retui/markdown.go:599.54,606.13 4 0
github.com/subhasundardass/retui/retui/markdown.go:609.3,609.35 1 0
github.com/subhasundardass/retui/retui/markdown.go:609.35,610.53 1 0
github.com/subhasundardass/retui/retui/markdown.go:610.53,617.13 4 0
github.com/subhasundardass/retui/retui/markdown.go:620.3,620.35 1 0
github.com/subhasundardass/retui/retui/markdown.go:620.35,621.53 1 0
github.com/subhasundardass/retui/retui/markdown.go:621.53,628.13 4 0
github.com/subhasundardass/retui/retui/markdown.go:631.3,631.35 1 0
github.com/subhasundardass/retui/retui/markdown.go:631.35,632.59 1 0
github.com/subhasundardass/retui/retui/markdown.go:632.59,635.13 3 0
github.com/subhasundardass/retui/retui/markdown.go:639.3,641.21 3 0
github.com/subhasundardass/retui/retui/markdown.go:643.2,643.14 1 0
github.com/subhasundardass/retui/retui/markdown.go:646.78,649.29 2 0
github.com/subhasundardass/retui/retui/markdown.go:649.29,651.3 1 0
github.com/subhasundardass/retui/retui/markdown.go:652.2,653.18 2 0
github.com/subhasundardass/retui/retui/markdown.go:653.18,655.3 1 0
github.com/subhasundardass/retui/retui/markdown.go:656.2,659.34 4 0
github.com/subhasundardass/retui/retui/markdown.go:659.34,661.3 1 0
github.com/subhasundardass/retui/retui/markdown.go:662.2,665.39 1 0
github.com/subhasundardass/retui/retui/markdown.go:668.45,670.72 2 0
github.com/subhasundardass/retui/retui/markdown.go:670.72,671.71 1 0
github.com/subhasundardass/retui/retui/markdown.go:671.71,673.4 1 0
github.com/subhasundardass/retui/retui/markdown.go:675.2,675.15 1 0
github.com/subhasundardass/retui/retui/markdown.go:675.15,677.3 1 0
github.com/subhasundardass/retui/retui/markdown.go:678.2,678.13 1 0
github.com/subhasundardass/retui/retui/markdown.go:681.46,684.29 3 0
github.com/subhasundardass/retui/retui/markdown.go:684.29,686.3 1 0
github.com/subhasundardass/retui/retui/markdown.go:687.2,687.19 1 0
github.com/subhasundardass/retui/retui/markdown.go:694.18,695.16 1 0
github.com/subhasundardass/retui/retui/markdown.go:695.16,697.3 1 0
github.com/subhasundardass/retui/retui/markdown.go:699.2,707.29 8 0
github.com/subhasundardass/retui/retui/markdown.go:707.29,709.30 2 0
github.com/subhasundardass/retui/retui/markdown.go:709.30,712.52 2 0
github.com/subhasundardass/retui/retui/markdown.go:712.52,716.5 3 0
github.com/subhasundardass/retui/retui/markdown.go:717.4,717.53 1 0
github.com/subhasundardass/retui/retui/markdown.go:717.53,719.23 2 0
github.com/subhasundardass/retui/retui/markdown.go:719.23,724.6 4 0
github.com/subhasundardass/retui/retui/markdown.go:725.5,732.22 8 0
github.com/subhasundardass/retui/retui/markdown.go:734.4,736.21 3 0
github.com/subhasundardass/retui/retui/markdown.go:736.21,738.5 1 0
github.com/subhasundardass/retui/retui/markdown.go:742.2,743.12 2 0
github.com/subhasundardass/retui/retui/markdown.go:746.59,749.30 3 0
github.com/subhasundardass/retui/retui/markdown.go:749.30,751.25 2 0
github.com/subhasundardass/retui/retui/markdown.go:751.25,752.24 1 0
github.com/subhasundardass/retui/retui/markdown.go:752.24,755.5 2 0
github.com/subhasundardass/retui/retui/markdown.go:756.4,757.37 1 0
github.com/subhasundardass/retui/retui/markdown.go:757.37,759.5 1 0
github.com/subhasundardass/retui/retui/markdown.go:760.4,760.12 1 0
github.com/subhasundardass/retui/retui/markdown.go:762.3,762.34 1 0
github.com/subhasundardass/retui/retui/markdown.go:764.2,764.22 1 0
github.com/subhasundardass/retui/retui/markdown.go:764.22,766.3 1 0
github.com/subhasundardass/retui/retui/markdown.go:767.2,767.14 1 0
github.com/subhasundardass/retui/retui/markdown.go:773.32,774.16 1 0
github.com/subhasundardass/retui/retui/markdown.go:774.16,776.3 1 0
github.com/subhasundardass/retui/retui/markdown.go:777.2,778.28 2 0
github.com/subhasundardass/retui/retui/markdown.go:778.28,780.21 2 0
github.com/subhasundardass/retui/retui/markdown.go:780.21,782.4 1 0
github.com/subhasundardass/retui/retui/markdown.go:783.3,783.12 1 0
github.com/subhasundardass/retui/retui/markdown.go:785.2,785.18 1 0
github.com/subhasundardass/retui/retui/markdown.go:788.60,790.38 2 0
github.com/subhasundardass/retui/retui/markdown.go:790.38,792.3 1 0
github.com/subhasundardass/retui/retui/markdown.go:793.2,793.19 1 0
github.com/subhasundardass/retui/retui/markdown.go:796.62,798.25 2 0
github.com/subhasundardass/retui/retui/markdown.go:798.25,800.3 1 0
github.com/subhasundardass/retui/retui/markdown.go:801.2,801.13 1 0
github.com/subhasundardass/retui/retui/markdown.go:804.51,806.28 2 0
github.com/subhasundardass/retui/retui/markdown.go:806.28,808.3 1 0
github.com/subhasundardass/retui/retui/markdown.go:809.2,809.14 1 0
github.com/subhasundardass/retui/retui/markdown.go:812.39,814.25 2 0
github.com/subhasundardass/retui/retui/markdown.go:814.25,816.3 1 0
github.com/subhasundardass/retui/retui/markdown.go:817.2,817.14 1 0
github.com/subhasundardass/retui/retui/markdown.go:820.58,821.16 1 0
github.com/subhasundardass/retui/retui/markdown.go:821.16,823.3 1 0
github.com/subhasundardass/retui/retui/markdown.go:824.2,826.25 3 0
github.com/subhasundardass/retui/retui/markdown.go:826.25,828.21 2 0
github.com/subhasundardass/retui/retui/markdown.go:828.21,829.9 1 0
github.com/subhasundardass/retui/retui/markdown.go:831.3,832.12 2 0
github.com/subhasundardass/retui/retui/markdown.go:834.2,834.19 1 0
github.com/subhasundardass/retui/retui/navigation.go:42.53,52.2 2 1
github.com/subhasundardass/retui/retui/navigation.go:63.72,74.2 5 0
github.com/subhasundardass/retui/retui/navigation.go:77.47,81.41 3 0
github.com/subhasundardass/retui/retui/navigation.go:81.41,82.26 1 0
github.com/subhasundardass/retui/retui/navigation.go:82.26,86.4 3 0
github.com/subhasundardass/retui/retui/navigation.go:89.2,89.23 1 0
github.com/subhasundardass/retui/retui/navigation.go:89.23,91.3 1 0
github.com/subhasundardass/retui/retui/navigation.go:93.2,93.25 1 0
github.com/subhasundardass/retui/retui/navigation.go:99.42,103.23 3 0
github.com/subhasundardass/retui/retui/navigation.go:103.23,105.3 1 0
github.com/subhasundardass/retui/retui/navigation.go:107.2,110.25 3 0
github.com/subhasundardass/retui/retui/navigation.go:116.75,125.23 4 0
github.com/subhasundardass/retui/retui/navigation.go:125.23,127.3 1 0
github.com/subhasundardass/retui/retui/navigation.go:127.8,129.3 1 0
github.com/subhasundardass/retui/retui/navigation.go:131.2,131.23 1 0
github.com/subhasundardass/retui/retui/navigation.go:135.40,139.23 3 0
github.com/subhasundardass/retui/retui/navigation.go:139.23,141.3 1 0
github.com/subhasundardass/retui/retui/navigation.go:143.2,143.25 1 0
github.com/subhasundardass/retui/retui/navigation.go:149.52,153.23 3 0
github.com/subhasundardass/retui/retui/navigation.go:153.23,155.3 1 0
github.com/subhasundardass/retui/retui/navigation.go:157.2,157.29 1 0
github.com/subhasundardass/retui/retui/navigation.go:163.40,169.32 4 0
github.com/subhasundardass/retui/retui/navigation.go:169.32,171.3 1 0
github.com/subhasundardass/retui/retui/navigation.go:173.2,173.11 1 0
github.com/subhasundardass/retui/retui/navigation.go:177.34,182.2 3 0
github.com/subhasundardass/retui/retui/navigation.go:185.37,190.2 3 0
github.com/subhasundardass/retui/retui/navigation.go:193.50,203.2 5 0
github.com/subhasundardass/retui/retui/navigation.go:206.38,211.2 3 0
github.com/subhasundardass/retui/retui/navigation.go:216.31,222.2 4 0
github.com/subhasundardass/retui/retui/navigation.go:227.34,229.2 1 0
github.com/subhasundardass/retui/retui/navigation.go:242.52,245.21 2 0
github.com/subhasundardass/retui/retui/navigation.go:245.21,247.3 1 0
github.com/subhasundardass/retui/retui/navigation.go:249.2,250.19 2 0
github.com/subhasundardass/retui/retui/navigation.go:254.25,258.19 3 0
github.com/subhasundardass/retui/retui/navigation.go:258.19,260.3 1 0
github.com/subhasundardass/retui/retui/navigation.go:262.2,262.12 1 0
github.com/subhasundardass/retui/retui/navigation.go:266.30,270.19 3 0
github.com/subhasundardass/retui/retui/navigation.go:270.19,272.3 1 0
github.com/subhasundardass/retui/retui/navigation.go:274.2,274.12 1 0
github.com/subhasundardass/retui/retui/navigation.go:278.55,281.21 2 0
github.com/subhasundardass/retui/retui/navigation.go:281.21,283.3 1 0
github.com/subhasundardass/retui/retui/navigation.go:285.2,286.19 2 0
github.com/subhasundardass/retui/retui/navigation.go:290.38,293.2 2 0
github.com/subhasundardass/retui/retui/navigation.go:296.29,298.2 1 0
github.com/subhasundardass/retui/retui/navigation.go:309.41,311.2 1 0
github.com/subhasundardass/retui/retui/navigation.go:314.37,316.2 1 0
github.com/subhasundardass/retui/retui/navigation.go:319.28,321.2 1 0
github.com/subhasundardass/retui/retui/navigation.go:324.26,326.2 1 0
github.com/subhasundardass/retui/retui/navigation.go:328.24,331.2 2 0
github.com/subhasundardass/retui/retui/node.go:299.36,300.21 1 5
github.com/subhasundardass/retui/retui/node.go:300.21,302.3 1 1
github.com/subhasundardass/retui/retui/node.go:303.2,303.22 1 4
github.com/subhasundardass/retui/retui/node.go:321.23,328.2 1 0
github.com/subhasundardass/retui/retui/overlay.go:15.29,18.47 3 0
github.com/subhasundardass/retui/retui/overlay.go:18.47,19.21 1 0
github.com/subhasundardass/retui/retui/overlay.go:19.21,21.4 1 0
github.com/subhasundardass/retui/retui/overlay.go:23.2,23.55 1 0
github.com/subhasundardass/retui/retui/overlay.go:26.30,29.47 3 0
github.com/subhasundardass/retui/retui/overlay.go:29.47,30.21 1 0
github.com/subhasundardass/retui/retui/overlay.go:30.21,33.4 2 0
github.com/subhasundardass/retui/retui/overlay.go:36.26,39.35 3 0
github.com/subhasundardass/retui/retui/overlay.go:39.35,41.3 1 0
github.com/subhasundardass/retui/retui/overlay.go:42.2,42.56 1 0
github.com/subhasundardass/retui/retui/overlay.go:45.24,48.34 3 0
github.com/subhasundardass/retui/retui/overlay.go:48.34,50.3 1 0
github.com/subhasundardass/retui/retui/overlay.go:53.30,57.2 3 0
github.com/subhasundardass/retui/retui/overlay.go:59.79,63.2 3 0
github.com/subhasundardass/retui/retui/overlay.go:65.22,69.2 3 0
github.com/subhasundardass/retui/retui/renderer.go:23.37,25.2 1 0
github.com/subhasundardass/retui/retui/renderer.go:35.55,37.37 2 0
github.com/subhasundardass/retui/retui/renderer.go:37.37,39.3 1 0
github.com/subhasundardass/retui/retui/renderer.go:40.2,40.12 1 0
github.com/subhasundardass/retui/retui/renderer.go:57.51,58.19 1 0
github.com/subhasundardass/retui/retui/renderer.go:58.19,60.3 1 0
github.com/subhasundardass/retui/retui/renderer.go:62.2,63.21 2 0
github.com/subhasundardass/retui/retui/renderer.go:63.21,65.3 1 0
github.com/subhasundardass/retui/retui/renderer.go:67.2,71.29 4 0
github.com/subhasundardass/retui/retui/renderer.go:71.29,74.21 2 0
github.com/subhasundardass/retui/retui/renderer.go:74.21,76.29 1 0
github.com/subhasundardass/retui/retui/renderer.go:76.29,83.5 6 0
github.com/subhasundardass/retui/retui/renderer.go:84.4,85.25 2 0
github.com/subhasundardass/retui/retui/renderer.go:86.9,86.47 1 0
github.com/subhasundardass/retui/retui/renderer.go:86.47,91.4 3 0
github.com/subhasundardass/retui/retui/renderer.go:91.9,98.29 3 0
github.com/subhasundardass/retui/retui/renderer.go:98.29,105.5 6 0
github.com/subhasundardass/retui/retui/renderer.go:106.4,107.25 2 0
github.com/subhasundardass/retui/retui/renderer.go:112.2,113.14 2 0
github.com/subhasundardass/retui/retui/renderer.go:118.38,120.25 2 1005
github.com/subhasundardass/retui/retui/renderer.go:120.25,122.3 1 9020
github.com/subhasundardass/retui/retui/renderer.go:123.2,123.14 1 1005
github.com/subhasundardass/retui/retui/renderer.go:128.79,130.58 2 0
github.com/subhasundardass/retui/retui/renderer.go:130.58,133.3 2 0
github.com/subhasundardass/retui/retui/renderer.go:154.53,155.19 1 13
github.com/subhasundardass/retui/retui/renderer.go:155.19,156.38 1 0
github.com/subhasundardass/retui/retui/renderer.go:158.2,158.43 1 13
github.com/subhasundardass/retui/retui/renderer.go:188.50,200.24 5 1012
github.com/subhasundardass/retui/retui/renderer.go:200.24,202.3 1 0
github.com/subhasundardass/retui/retui/renderer.go:207.2,209.67 3 1012
github.com/subhasundardass/retui/retui/renderer.go:209.67,211.3 1 0
github.com/subhasundardass/retui/retui/renderer.go:212.2,212.68 1 1012
github.com/subhasundardass/retui/retui/renderer.go:212.68,214.3 1 0
github.com/subhasundardass/retui/retui/renderer.go:217.2,224.32 4 1012
github.com/subhasundardass/retui/retui/renderer.go:224.32,227.3 2 0
github.com/subhasundardass/retui/retui/renderer.go:229.2,241.29 5 1012
github.com/subhasundardass/retui/retui/renderer.go:241.29,243.3 1 0
github.com/subhasundardass/retui/retui/renderer.go:247.2,247.29 1 1012
github.com/subhasundardass/retui/retui/renderer.go:256.40,257.35 1 1012
github.com/subhasundardass/retui/retui/renderer.go:257.35,259.3 1 0
github.com/subhasundardass/retui/retui/renderer.go:260.2,260.37 1 1012
github.com/subhasundardass/retui/retui/renderer.go:260.37,261.21 1 0
github.com/subhasundardass/retui/retui/renderer.go:261.21,263.4 1 0
github.com/subhasundardass/retui/retui/renderer.go:265.2,265.14 1 1012
github.com/subhasundardass/retui/retui/renderer.go:288.67,289.27 1 1012
github.com/subhasundardass/retui/retui/renderer.go:289.27,291.3 1 1012
github.com/subhasundardass/retui/retui/renderer.go:294.2,299.36 5 0
github.com/subhasundardass/retui/retui/renderer.go:299.36,303.30 3 0
github.com/subhasundardass/retui/retui/renderer.go:303.30,310.4 2 0
github.com/subhasundardass/retui/retui/renderer.go:312.3,312.27 1 0
github.com/subhasundardass/retui/retui/renderer.go:312.27,314.4 1 0
github.com/subhasundardass/retui/retui/renderer.go:317.3,318.32 2 0
github.com/subhasundardass/retui/retui/renderer.go:318.32,320.4 1 0
github.com/subhasundardass/retui/retui/renderer.go:321.3,322.11 2 0
github.com/subhasundardass/retui/retui/renderer.go:325.2,325.25 1 0
github.com/subhasundardass/retui/retui/renderer.go:354.51,360.11 4 1012
github.com/subhasundardass/retui/retui/renderer.go:360.11,362.3 1 0
github.com/subhasundardass/retui/retui/renderer.go:363.2,363.13 1 1012
github.com/subhasundardass/retui/retui/renderer.go:363.13,365.3 1 0
github.com/subhasundardass/retui/retui/renderer.go:366.2,366.14 1 1012
github.com/subhasundardass/retui/retui/renderer.go:366.14,368.3 1 0
github.com/subhasundardass/retui/retui/renderer.go:369.2,369.12 1 1012
github.com/subhasundardass/retui/retui/renderer.go:369.12,371.3 1 0
github.com/subhasundardass/retui/retui/renderer.go:373.2,394.22 2 1012
github.com/subhasundardass/retui/retui/renderer.go:395.22,399.28 2 0
github.com/subhasundardass/retui/retui/renderer.go:401.19,405.28 3 1005
github.com/subhasundardass/retui/retui/renderer.go:407.28,408.19 1 0
github.com/subhasundardass/retui/retui/renderer.go:408.19,413.35 4 0
github.com/subhasundardass/retui/retui/renderer.go:413.35,414.19 1 0
github.com/subhasundardass/retui/retui/renderer.go:414.19,416.6 1 0
github.com/subhasundardass/retui/retui/renderer.go:417.5,417.42 1 0
github.com/subhasundardass/retui/retui/renderer.go:419.9,423.31 3 0
github.com/subhasundardass/retui/retui/renderer.go:423.31,425.19 2 0
github.com/subhasundardass/retui/retui/renderer.go:425.19,427.6 1 0
github.com/subhasundardass/retui/retui/renderer.go:429.4,430.38 2 0
github.com/subhasundardass/retui/retui/renderer.go:433.23,439.34 5 0
github.com/subhasundardass/retui/retui/renderer.go:439.34,440.40 1 0
github.com/subhasundardass/retui/retui/renderer.go:440.40,442.5 1 0
github.com/subhasundardass/retui/retui/renderer.go:443.4,444.21 2 0
github.com/subhasundardass/retui/retui/renderer.go:447.3,448.38 2 0
github.com/subhasundardass/retui/retui/renderer.go:448.38,450.4 1 0
github.com/subhasundardass/retui/retui/renderer.go:454.2,454.41 1 1012
github.com/subhasundardass/retui/retui/renderer.go:454.41,456.3 1 0
github.com/subhasundardass/retui/retui/renderer.go:457.2,457.10 1 1012
github.com/subhasundardass/retui/retui/renderer.go:483.129,490.22 4 1012
github.com/subhasundardass/retui/retui/renderer.go:491.22,493.88 1 0
github.com/subhasundardass/retui/retui/renderer.go:495.18,497.47 1 7
github.com/subhasundardass/retui/retui/renderer.go:497.47,498.49 1 560
github.com/subhasundardass/retui/retui/renderer.go:498.49,499.27 1 13440
github.com/subhasundardass/retui/retui/renderer.go:499.27,501.6 1 13440
github.com/subhasundardass/retui/retui/renderer.go:504.3,504.67 1 7
github.com/subhasundardass/retui/retui/renderer.go:506.19,509.35 2 1005
github.com/subhasundardass/retui/retui/renderer.go:509.35,510.30 1 9020
github.com/subhasundardass/retui/retui/renderer.go:510.30,511.10 1 0
github.com/subhasundardass/retui/retui/renderer.go:513.4,513.31 1 9020
github.com/subhasundardass/retui/retui/renderer.go:513.31,515.5 1 9020
github.com/subhasundardass/retui/retui/renderer.go:516.4,516.22 1 9020
github.com/subhasundardass/retui/retui/renderer.go:519.28,522.19 2 0
github.com/subhasundardass/retui/retui/renderer.go:522.19,524.4 1 0
github.com/subhasundardass/retui/retui/renderer.go:524.9,526.4 1 0
github.com/subhasundardass/retui/retui/renderer.go:527.3,527.30 1 0
github.com/subhasundardass/retui/retui/renderer.go:527.30,529.31 2 0
github.com/subhasundardass/retui/retui/renderer.go:529.31,530.10 1 0
github.com/subhasundardass/retui/retui/renderer.go:532.4,533.28 2 0
github.com/subhasundardass/retui/retui/renderer.go:533.28,534.31 1 0
github.com/subhasundardass/retui/retui/renderer.go:534.31,535.11 1 0
github.com/subhasundardass/retui/retui/renderer.go:537.5,537.27 1 0
github.com/subhasundardass/retui/retui/renderer.go:537.27,539.6 1 0
github.com/subhasundardass/retui/retui/renderer.go:540.5,540.23 1 0
github.com/subhasundardass/retui/retui/renderer.go:544.23,547.51 2 0
github.com/subhasundardass/retui/retui/renderer.go:547.51,549.4 1 0
github.com/subhasundardass/retui/retui/renderer.go:550.3,550.30 1 0
github.com/subhasundardass/retui/retui/renderer.go:550.30,552.31 2 0
github.com/subhasundardass/retui/retui/renderer.go:552.31,553.10 1 0
github.com/subhasundardass/retui/retui/renderer.go:555.4,556.30 2 0
github.com/subhasundardass/retui/retui/renderer.go:556.30,557.31 1 0
github.com/subhasundardass/retui/retui/renderer.go:557.31,558.11 1 0
github.com/subhasundardass/retui/retui/renderer.go:560.5,560.27 1 0
github.com/subhasundardass/retui/retui/renderer.go:560.27,563.6 2 0
github.com/subhasundardass/retui/retui/renderer.go:564.5,564.27 1 0
github.com/subhasundardass/retui/retui/renderer.go:573.2,574.48 2 1012
github.com/subhasundardass/retui/retui/renderer.go:574.48,576.3 1 0
github.com/subhasundardass/retui/retui/renderer.go:580.2,580.36 1 1012
github.com/subhasundardass/retui/retui/renderer.go:580.36,581.42 1 1012
github.com/subhasundardass/retui/retui/renderer.go:581.42,583.4 1 0
github.com/subhasundardass/retui/retui/renderer.go:584.8,588.3 1 0
github.com/subhasundardass/retui/retui/renderer.go:589.2,589.12 1 1012
github.com/subhasundardass/retui/retui/renderer.go:597.46,598.41 1 0
github.com/subhasundardass/retui/retui/renderer.go:598.41,601.3 2 0
github.com/subhasundardass/retui/retui/renderer.go:602.2,602.12 1 0
github.com/subhasundardass/retui/retui/renderer.go:622.79,623.32 1 0
github.com/subhasundardass/retui/retui/renderer.go:623.32,625.3 1 0
github.com/subhasundardass/retui/retui/renderer.go:628.2,648.14 6 0
github.com/subhasundardass/retui/retui/renderer.go:648.14,650.3 1 0
github.com/subhasundardass/retui/retui/renderer.go:651.2,651.14 1 0
github.com/subhasundardass/retui/retui/renderer.go:651.14,653.3 1 0
github.com/subhasundardass/retui/retui/renderer.go:654.2,654.21 1 0
github.com/subhasundardass/retui/retui/renderer.go:654.21,656.3 1 0
github.com/subhasundardass/retui/retui/renderer.go:657.2,657.21 1 0
github.com/subhasundardass/retui/retui/renderer.go:657.21,659.3 1 0
github.com/subhasundardass/retui/retui/renderer.go:661.2,678.35 6 0
github.com/subhasundardass/retui/retui/renderer.go:678.35,680.3 1 0
github.com/subhasundardass/retui/retui/renderer.go:695.78,696.53 1 7
github.com/subhasundardass/retui/retui/renderer.go:696.53,698.3 1 7
github.com/subhasundardass/retui/retui/renderer.go:700.2,701.31 2 0
github.com/subhasundardass/retui/retui/renderer.go:701.31,703.3 1 0
github.com/subhasundardass/retui/retui/renderer.go:704.2,711.41 4 0
github.com/subhasundardass/retui/retui/renderer.go:711.41,712.25 1 0
github.com/subhasundardass/retui/retui/renderer.go:712.25,714.4 1 0
github.com/subhasundardass/retui/retui/renderer.go:718.2,718.11 1 0
github.com/subhasundardass/retui/retui/renderer.go:718.11,720.32 1 0
github.com/subhasundardass/retui/retui/renderer.go:720.32,722.4 1 0
github.com/subhasundardass/retui/retui/renderer.go:725.3,725.43 1 0
github.com/subhasundardass/retui/retui/renderer.go:725.43,727.18 2 0
github.com/subhasundardass/retui/retui/renderer.go:727.18,732.28 3 0
github.com/subhasundardass/retui/retui/renderer.go:732.28,734.6 1 0
github.com/subhasundardass/retui/retui/renderer.go:736.5,739.26 3 0
github.com/subhasundardass/retui/retui/renderer.go:740.21,741.30 1 0
github.com/subhasundardass/retui/retui/renderer.go:743.19,744.39 1 0
github.com/subhasundardass/retui/retui/renderer.go:746.22,747.17 1 0
github.com/subhasundardass/retui/retui/renderer.go:748.13,749.44 1 0
github.com/subhasundardass/retui/retui/renderer.go:753.5,756.25 3 0
github.com/subhasundardass/retui/retui/renderer.go:756.25,758.6 1 0
github.com/subhasundardass/retui/retui/renderer.go:759.5,759.25 1 0
github.com/subhasundardass/retui/retui/renderer.go:759.25,761.6 1 0
github.com/subhasundardass/retui/retui/renderer.go:763.5,765.29 2 0
github.com/subhasundardass/retui/retui/renderer.go:765.29,767.6 1 0
github.com/subhasundardass/retui/retui/renderer.go:773.2,773.26 1 0
github.com/subhasundardass/retui/retui/renderer.go:773.26,774.32 1 0
github.com/subhasundardass/retui/retui/renderer.go:774.32,776.4 1 0
github.com/subhasundardass/retui/retui/renderer.go:780.2,780.12 1 0
github.com/subhasundardass/retui/retui/renderer.go:780.12,781.32 1 0
github.com/subhasundardass/retui/retui/renderer.go:781.32,783.4 1 0
github.com/subhasundardass/retui/retui/renderer.go:787.2,787.25 1 0
github.com/subhasundardass/retui/retui/renderer.go:787.25,788.32 1 0
github.com/subhasundardass/retui/retui/renderer.go:788.32,790.4 1 0
github.com/subhasundardass/retui/retui/renderer.go:794.2,794.71 1 0
github.com/subhasundardass/retui/retui/renderer.go:794.71,796.3 1 0
github.com/subhasundardass/retui/retui/renderer.go:797.2,797.74 1 0
github.com/subhasundardass/retui/retui/renderer.go:797.74,799.3 1 0
github.com/subhasundardass/retui/retui/renderer.go:800.2,800.80 1 0
github.com/subhasundardass/retui/retui/renderer.go:800.80,802.3 1 0
github.com/subhasundardass/retui/retui/renderer.go:803.2,803.83 1 0
github.com/subhasundardass/retui/retui/renderer.go:803.83,805.3 1 0
github.com/subhasundardass/retui/retui/renderer.go:814.71,815.9 1 0
github.com/subhasundardass/retui/retui/renderer.go:816.20,817.20 1 0
github.com/subhasundardass/retui/retui/renderer.go:818.12,819.15 1 0
github.com/subhasundardass/retui/retui/renderer.go:820.12,821.15 1 0
github.com/subhasundardass/retui/retui/renderer.go:822.10,823.11 1 0
github.com/subhasundardass/retui/retui/renderer.go:835.39,837.2 1 22460
github.com/subhasundardass/retui/retui/renderer.go:843.36,846.13 3 0
github.com/subhasundardass/retui/retui/renderer.go:846.13,848.3 1 0
github.com/subhasundardass/retui/retui/renderer.go:849.2,849.13 1 0
github.com/subhasundardass/retui/retui/renderer.go:849.13,851.3 1 0
github.com/subhasundardass/retui/retui/renderer.go:852.2,852.60 1 0
github.com/subhasundardass/retui/retui/renderer.go:857.27,858.11 1 0
github.com/subhasundardass/retui/retui/renderer.go:858.11,860.3 1 0
github.com/subhasundardass/retui/retui/renderer.go:861.2,861.10 1 0
github.com/subhasundardass/retui/retui/resize_unix.go:11.47,14.24 3 2
github.com/subhasundardass/retui/retui/resize_unix.go:14.24,14.47 1 2
github.com/subhasundardass/retui/retui/runtime.go:72.37,80.48 3 12
github.com/subhasundardass/retui/retui/runtime.go:80.48,82.3 1 0
github.com/subhasundardass/retui/retui/runtime.go:82.8,84.3 1 12
github.com/subhasundardass/retui/retui/runtime.go:86.2,92.3 2 12
github.com/subhasundardass/retui/retui/runtime.go:152.13,153.9 1 2
github.com/subhasundardass/retui/retui/runtime.go:154.28,154.28 0 1
github.com/subhasundardass/retui/retui/runtime.go:155.10,155.10 0 1
github.com/subhasundardass/retui/retui/runtime.go:237.62,248.24 5 2
github.com/subhasundardass/retui/retui/runtime.go:248.24,249.22 1 2
github.com/subhasundardass/retui/retui/runtime.go:249.22,249.37 1 2
github.com/subhasundardass/retui/retui/runtime.go:256.2,262.12 4 2
github.com/subhasundardass/retui/retui/runtime.go:262.12,264.7 2 2
github.com/subhasundardass/retui/retui/runtime.go:264.7,267.11 3 2
github.com/subhasundardass/retui/retui/runtime.go:268.26,268.26 0 0
github.com/subhasundardass/retui/retui/runtime.go:270.16,272.11 1 0
github.com/subhasundardass/retui/retui/runtime.go:273.12,273.12 0 0
github.com/subhasundardass/retui/retui/runtime.go:281.2,281.12 1 2
github.com/subhasundardass/retui/retui/runtime.go:281.12,284.7 3 2
github.com/subhasundardass/retui/retui/runtime.go:284.7,286.18 2 2
github.com/subhasundardass/retui/retui/runtime.go:286.18,290.5 2 2
github.com/subhasundardass/retui/retui/runtime.go:291.4,291.46 1 0
github.com/subhasundardass/retui/retui/runtime.go:291.46,292.29 1 0
github.com/subhasundardass/retui/retui/runtime.go:292.29,296.6 2 0
github.com/subhasundardass/retui/retui/runtime.go:297.5,297.16 1 0
github.com/subhasundardass/retui/retui/runtime.go:303.2,306.6 2 2
github.com/subhasundardass/retui/retui/runtime.go:306.6,307.10 1 1
github.com/subhasundardass/retui/retui/runtime.go:308.15,310.10 1 1
github.com/subhasundardass/retui/retui/runtime.go:312.17,314.17 1 0
github.com/subhasundardass/retui/retui/runtime.go:316.22,321.39 2 0
github.com/subhasundardass/retui/retui/runtime.go:321.39,322.33 1 0
github.com/subhasundardass/retui/retui/runtime.go:322.33,324.6 1 0
github.com/subhasundardass/retui/retui/runtime.go:325.5,326.10 2 0
github.com/subhasundardass/retui/retui/runtime.go:330.4,334.32 3 0
github.com/subhasundardass/retui/retui/runtime.go:334.32,336.5 1 0
github.com/subhasundardass/retui/retui/runtime.go:339.4,339.16 1 0
github.com/subhasundardass/retui/retui/runtime.go:339.16,341.5 1 0
github.com/subhasundardass/retui/retui/runtime.go:343.4,343.23 1 0
github.com/subhasundardass/retui/retui/runtime.go:345.27,348.23 2 0
github.com/subhasundardass/retui/retui/runtime.go:350.17,354.23 3 0
github.com/subhasundardass/retui/retui/runtime.go:392.65,405.15 7 1013
github.com/subhasundardass/retui/retui/runtime.go:405.15,408.3 1 0
github.com/subhasundardass/retui/retui/runtime.go:409.2,410.27 2 1013
github.com/subhasundardass/retui/retui/runtime.go:410.27,414.3 2 0
github.com/subhasundardass/retui/retui/runtime.go:419.2,424.27 5 1012
github.com/subhasundardass/retui/retui/runtime.go:424.27,426.3 1 0
github.com/subhasundardass/retui/retui/runtime.go:428.2,438.19 5 1012
github.com/subhasundardass/retui/retui/runtime.go:438.19,443.28 5 0
github.com/subhasundardass/retui/retui/runtime.go:443.28,445.4 1 0
github.com/subhasundardass/retui/retui/runtime.go:446.3,447.19 2 0
github.com/subhasundardass/retui/retui/screen.go:110.58,119.2 4 13
github.com/subhasundardass/retui/retui/screen.go:129.32,131.94 2 1
github.com/subhasundardass/retui/retui/screen.go:131.94,133.3 1 0
github.com/subhasundardass/retui/retui/screen.go:134.2,134.35 1 1
github.com/subhasundardass/retui/retui/screen.go:145.29,146.29 1 1
github.com/subhasundardass/retui/retui/screen.go:146.29,148.3 1 1
github.com/subhasundardass/retui/retui/screen.go:149.2,149.21 1 1
github.com/subhasundardass/retui/retui/screen.go:153.31,156.2 2 25
github.com/subhasundardass/retui/retui/screen.go:159.43,161.22 2 50
github.com/subhasundardass/retui/retui/screen.go:161.22,163.3 1 1200
github.com/subhasundardass/retui/retui/screen.go:164.2,164.13 1 50
github.com/subhasundardass/retui/retui/screen.go:182.26,184.69 1 14
github.com/subhasundardass/retui/retui/screen.go:184.69,186.3 1 0
github.com/subhasundardass/retui/retui/screen.go:188.2,189.16 2 14
github.com/subhasundardass/retui/retui/screen.go:189.16,191.3 1 0
github.com/subhasundardass/retui/retui/screen.go:194.2,194.94 1 14
github.com/subhasundardass/retui/retui/screen.go:194.94,199.42 4 0
github.com/subhasundardass/retui/retui/screen.go:199.42,204.4 4 0
github.com/subhasundardass/retui/retui/screen.go:205.3,205.16 1 0
github.com/subhasundardass/retui/retui/screen.go:208.2,211.41 3 14
github.com/subhasundardass/retui/retui/screen.go:221.25,225.23 4 7
github.com/subhasundardass/retui/retui/screen.go:225.23,226.70 1 0
github.com/subhasundardass/retui/retui/screen.go:226.70,228.4 1 0
github.com/subhasundardass/retui/retui/screen.go:237.30,237.48 1 4050
github.com/subhasundardass/retui/retui/screen.go:240.31,240.50 1 6074
github.com/subhasundardass/retui/retui/screen.go:250.33,252.42 2 0
github.com/subhasundardass/retui/retui/screen.go:252.42,254.3 1 0
github.com/subhasundardass/retui/retui/screen.go:256.2,268.23 11 0
github.com/subhasundardass/retui/retui/screen.go:277.44,285.2 7 12
github.com/subhasundardass/retui/retui/screen.go:304.61,305.53 1 22460
github.com/subhasundardass/retui/retui/screen.go:305.53,307.3 1 0
github.com/subhasundardass/retui/retui/screen.go:309.2,312.27 3 22460
github.com/subhasundardass/retui/retui/screen.go:312.27,314.3 1 13440
github.com/subhasundardass/retui/retui/screen.go:316.2,320.27 3 9020
github.com/subhasundardass/retui/retui/screen.go:320.27,322.34 2 0
github.com/subhasundardass/retui/retui/screen.go:322.34,325.4 2 0
github.com/subhasundardass/retui/retui/screen.go:334.41,335.53 1 0
github.com/subhasundardass/retui/retui/screen.go:335.53,337.3 1 0
github.com/subhasundardass/retui/retui/screen.go:338.2,338.22 1 0
github.com/subhasundardass/retui/retui/screen.go:346.26,347.32 1 1012
github.com/subhasundardass/retui/retui/screen.go:347.32,348.32 1 24288
github.com/subhasundardass/retui/retui/screen.go:348.32,349.30 1 1943040
github.com/subhasundardass/retui/retui/screen.go:349.30,350.13 1 1916769
github.com/subhasundardass/retui/retui/screen.go:352.4,353.21 2 26271
github.com/subhasundardass/retui/retui/screen.go:389.87,399.2 3 0
github.com/subhasundardass/retui/retui/screen.go:413.63,414.43 1 0
github.com/subhasundardass/retui/retui/screen.go:414.43,416.41 2 0
github.com/subhasundardass/retui/retui/screen.go:416.41,417.12 1 0
github.com/subhasundardass/retui/retui/screen.go:419.3,419.43 1 0
github.com/subhasundardass/retui/retui/screen.go:419.43,421.41 2 0
github.com/subhasundardass/retui/retui/screen.go:421.41,422.13 1 0
github.com/subhasundardass/retui/retui/screen.go:424.4,425.41 2 0
github.com/subhasundardass/retui/retui/screen.go:425.41,426.13 1 0
github.com/subhasundardass/retui/retui/screen.go:428.4,429.27 2 0
github.com/subhasundardass/retui/retui/screen.go:447.26,448.37 1 1012
github.com/subhasundardass/retui/retui/screen.go:448.37,450.3 1 4
github.com/subhasundardass/retui/retui/screen.go:452.2,458.50 5 1008
github.com/subhasundardass/retui/retui/screen.go:458.50,459.22 1 1215
github.com/subhasundardass/retui/retui/screen.go:459.22,460.12 1 0
github.com/subhasundardass/retui/retui/screen.go:463.3,464.40 2 1215
github.com/subhasundardass/retui/retui/screen.go:464.40,465.12 1 1215
github.com/subhasundardass/retui/retui/screen.go:468.3,468.32 1 0
github.com/subhasundardass/retui/retui/screen.go:468.32,470.28 2 0
github.com/subhasundardass/retui/retui/screen.go:470.28,471.13 1 0
github.com/subhasundardass/retui/retui/screen.go:475.4,475.45 1 0
github.com/subhasundardass/retui/retui/screen.go:475.45,478.5 2 0
github.com/subhasundardass/retui/retui/screen.go:481.4,481.50 1 0
github.com/subhasundardass/retui/retui/screen.go:481.50,485.5 3 0
github.com/subhasundardass/retui/retui/screen.go:487.4,488.14 2 0
github.com/subhasundardass/retui/retui/screen.go:488.14,490.5 1 0
github.com/subhasundardass/retui/retui/screen.go:491.4,494.14 3 0
github.com/subhasundardass/retui/retui/screen.go:494.14,496.5 1 0
github.com/subhasundardass/retui/retui/screen.go:497.4,499.23 2 0
github.com/subhasundardass/retui/retui/screen.go:503.2,503.17 1 1008
github.com/subhasundardass/retui/retui/screen.go:503.17,505.3 1 0
github.com/subhasundardass/retui/retui/screen.go:507.2,508.16 2 1008
github.com/subhasundardass/retui/retui/screen.go:520.43,521.21 1 1012
github.com/subhasundardass/retui/retui/screen.go:521.21,523.3 1 1012
github.com/subhasundardass/retui/retui/screen.go:524.2,525.26 2 0
github.com/subhasundardass/retui/retui/screen.go:525.26,527.3 1 0
github.com/subhasundardass/retui/retui/screen.go:528.2,531.16 3 0
github.com/subhasundardass/retui/retui/screen.go:531.16,533.3 1 0
github.com/subhasundardass/retui/retui/screen.go:535.2,539.21 4 0
github.com/subhasundardass/retui/retui/screen.go:539.21,541.3 1 0
github.com/subhasundardass/retui/retui/screen.go:543.2,543.37 1 0
github.com/subhasundardass/retui/retui/screen.go:543.37,547.32 3 0
github.com/subhasundardass/retui/retui/screen.go:547.32,549.47 2 0
github.com/subhasundardass/retui/retui/screen.go:549.47,550.20 1 0
github.com/subhasundardass/retui/retui/screen.go:550.20,552.6 1 0
github.com/subhasundardass/retui/retui/screen.go:553.5,555.23 3 0
github.com/subhasundardass/retui/retui/screen.go:557.4,558.14 2 0
github.com/subhasundardass/retui/retui/screen.go:558.14,560.5 1 0
github.com/subhasundardass/retui/retui/screen.go:561.4,561.37 1 0
github.com/subhasundardass/retui/retui/screen.go:564.3,564.18 1 0
github.com/subhasundardass/retui/retui/screen.go:564.18,566.4 1 0
github.com/subhasundardass/retui/retui/screen.go:567.3,567.21 1 0
github.com/subhasundardass/retui/retui/screen.go:567.21,569.4 1 0
github.com/subhasundardass/retui/retui/screen.go:572.2,575.37 2 0
github.com/subhasundardass/retui/retui/screen.go:575.37,577.27 2 0
github.com/subhasundardass/retui/retui/screen.go:577.27,579.4 1 0
github.com/subhasundardass/retui/retui/screen.go:582.2,583.26 2 0
github.com/subhasundardass/retui/retui/screen.go:590.38,591.36 1 35291
github.com/subhasundardass/retui/retui/screen.go:591.36,593.3 1 0
github.com/subhasundardass/retui/retui/screen.go:594.2,596.46 3 35291
github.com/subhasundardass/retui/retui/screen.go:596.46,598.3 1 999
github.com/subhasundardass/retui/retui/screen.go:599.2,599.23 1 35291
github.com/subhasundardass/retui/retui/screen.go:599.23,601.3 1 999
github.com/subhasundardass/retui/retui/screen.go:604.31,609.2 4 25
github.com/subhasundardass/retui/retui/screen.go:611.31,615.29 4 1008
github.com/subhasundardass/retui/retui/screen.go:615.29,617.3 1 24192
github.com/subhasundardass/retui/retui/screen.go:620.41,622.32 2 0
github.com/subhasundardass/retui/retui/screen.go:622.32,623.9 1 0
github.com/subhasundardass/retui/retui/screen.go:623.9,624.12 1 0
github.com/subhasundardass/retui/retui/screen.go:626.3,626.26 1 0
github.com/subhasundardass/retui/retui/screen.go:626.26,628.4 1 0
github.com/subhasundardass/retui/retui/screen.go:629.3,629.20 1 0
github.com/subhasundardass/retui/retui/screen.go:631.2,631.31 1 0
github.com/subhasundardass/retui/retui/screen.go:636.38,640.29 4 12
github.com/subhasundardass/retui/retui/screen.go:640.29,642.3 1 288
github.com/subhasundardass/retui/retui/screen.go:651.28,653.2 1 18040
github.com/subhasundardass/retui/retui/style.go:20.23,22.2 1 2011
github.com/subhasundardass/retui/retui/style.go:24.38,27.2 2 1
github.com/subhasundardass/retui/retui/style.go:29.46,32.2 2 1
github.com/subhasundardass/retui/retui/style.go:34.46,37.2 2 0
github.com/subhasundardass/retui/retui/style.go:39.42,42.2 2 0
github.com/subhasundardass/retui/retui/style.go:44.48,47.2 2 0
github.com/subhasundardass/retui/retui/style.go:92.28,94.2 1 7
github.com/subhasundardass/retui/retui/style.go:96.39,97.32 1 0
github.com/subhasundardass/retui/retui/style.go:97.32,99.3 1 0
github.com/subhasundardass/retui/retui/style.go:100.2,101.10 2 0
github.com/subhasundardass/retui/retui/style.go:119.44,121.2 1 0
github.com/subhasundardass/retui/retui/style.go:124.30,126.2 1 0
github.com/subhasundardass/retui/retui/style.go:130.29,131.24 1 0
github.com/subhasundardass/retui/retui/style.go:131.24,133.3 1 0
github.com/subhasundardass/retui/retui/style.go:134.2,134.52 1 0
github.com/subhasundardass/retui/retui/style.go:137.35,138.11 1 0
github.com/subhasundardass/retui/retui/style.go:138.11,140.3 1 0
github.com/subhasundardass/retui/retui/style.go:141.2,141.11 1 0
github.com/subhasundardass/retui/retui/style.go:141.11,143.3 1 0
github.com/subhasundardass/retui/retui/style.go:144.2,144.10 1 0
github.com/subhasundardass/retui/retui/style.go:147.41,149.2 1 0
github.com/subhasundardass/retui/retui/style.go:153.46,154.24 1 0
github.com/subhasundardass/retui/retui/style.go:154.24,156.3 1 0
github.com/subhasundardass/retui/retui/style.go:157.2,163.3 2 0
github.com/subhasundardass/retui/retui/style.go:168.45,169.24 1 0
github.com/subhasundardass/retui/retui/style.go:169.24,171.3 1 0
github.com/subhasundardass/retui/retui/style.go:172.2,178.3 2 0
github.com/subhasundardass/retui/retui/style.go:184.39,185.46 1 0
github.com/subhasundardass/retui/retui/style.go:185.46,187.3 1 0
github.com/subhasundardass/retui/retui/style.go:188.2,188.24 1 0
github.com/subhasundardass/retui/retui/style.go:188.24,190.3 1 0
github.com/subhasundardass/retui/retui/style.go:191.2,191.24 1 0
github.com/subhasundardass/retui/retui/style.go:191.24,193.3 1 0
github.com/subhasundardass/retui/retui/style.go:194.2,200.3 2 0
github.com/subhasundardass/retui/retui/style.go:257.30,260.21 2 0
github.com/subhasundardass/retui/retui/style.go:260.21,262.3 1 0
github.com/subhasundardass/retui/retui/style.go:264.2,267.47 4 0
github.com/subhasundardass/retui/retui/style.go:267.47,269.3 1 0
github.com/subhasundardass/retui/retui/style.go:271.2,276.3 1 0
github.com/subhasundardass/retui/retui/style.go:281.31,283.2 1 0
github.com/subhasundardass/retui/retui/style.go:286.33,291.2 1 20
github.com/subhasundardass/retui/retui/style.go:296.24,297.11 1 0
github.com/subhasundardass/retui/retui/style.go:297.11,299.3 1 0
github.com/subhasundardass/retui/retui/style.go:300.2,300.12 1 0
github.com/subhasundardass/retui/retui/style.go:300.12,302.3 1 0
github.com/subhasundardass/retui/retui/style.go:303.2,303.56 1 0
github.com/subhasundardass/retui/retui/style.go:306.36,312.12 3 0
github.com/subhasundardass/retui/retui/style.go:312.12,314.3 1 0
github.com/subhasundardass/retui/retui/style.go:315.2,315.14 1 0
github.com/subhasundardass/retui/retui/style.go:315.14,317.3 1 0
github.com/subhasundardass/retui/retui/style.go:318.2,318.17 1 0
github.com/subhasundardass/retui/retui/style.go:318.17,320.3 1 0
github.com/subhasundardass/retui/retui/style.go:323.2,323.27 1 0
github.com/subhasundardass/retui/retui/style.go:324.19,325.52 1 0
github.com/subhasundardass/retui/retui/style.go:326.20,327.54 1 0
github.com/subhasundardass/retui/retui/style.go:328.16,329.89 1 0
github.com/subhasundardass/retui/retui/style.go:333.2,333.27 1 0
github.com/subhasundardass/retui/retui/style.go:334.19,335.52 1 0
github.com/subhasundardass/retui/retui/style.go:336.20,337.54 1 0
github.com/subhasundardass/retui/retui/style.go:338.16,339.89 1 0
github.com/subhasundardass/retui/retui/style.go:342.2,342.19 1 0
github.com/subhasundardass/retui/retui/style.go:345.30,347.2 1 1
github.com/subhasundardass/retui/retui/style.go:354.45,355.40 1 1012
github.com/subhasundardass/retui/retui/style.go:355.40,357.3 1 1012
github.com/subhasundardass/retui/retui/style.go:359.2,359.40 1 1012
github.com/subhasundardass/retui/retui/style.go:359.40,361.3 1 1012
github.com/subhasundardass/retui/retui/style.go:363.2,363.32 1 1012
github.com/subhasundardass/retui/retui/style.go:363.32,365.3 1 0
github.com/subhasundardass/retui/retui/style.go:367.2,367.14 1 1012
github.com/subhasundardass/retui/retui/components/badge.go:6.72,11.2 1 0
github.com/subhasundardass/retui/retui/components/button.go:36.28,57.2 1 0
github.com/subhasundardass/retui/retui/components/button.go:59.49,62.2 2 0
github.com/subhasundardass/retui/retui/components/button.go:64.52,67.2 2 0
github.com/subhasundardass/retui/retui/components/button.go:69.49,72.2 2 0
github.com/subhasundardass/retui/retui/components/button.go:74.53,77.2 2 0
github.com/subhasundardass/retui/retui/components/button.go:79.53,82.2 2 0
github.com/subhasundardass/retui/retui/components/button.go:84.57,87.2 2 0
github.com/subhasundardass/retui/retui/components/button.go:89.62,92.2 2 0
github.com/subhasundardass/retui/retui/components/button.go:94.63,97.2 2 0
github.com/subhasundardass/retui/retui/components/button.go:99.52,102.2 2 0
github.com/subhasundardass/retui/retui/components/button.go:104.51,107.2 2 0
github.com/subhasundardass/retui/retui/components/button.go:110.52,113.2 2 0
github.com/subhasundardass/retui/retui/components/button.go:115.51,118.2 2 0
github.com/subhasundardass/retui/retui/components/button.go:122.61,125.2 2 0
github.com/subhasundardass/retui/retui/components/button.go:127.80,130.2 2 0
github.com/subhasundardass/retui/retui/components/button.go:132.61,135.2 2 0
github.com/subhasundardass/retui/retui/components/button.go:137.60,140.2 2 0
github.com/subhasundardass/retui/retui/components/button.go:144.46,146.2 1 0
github.com/subhasundardass/retui/retui/components/button.go:150.82,153.19 1 0
github.com/subhasundardass/retui/retui/components/button.go:153.19,155.3 1 0
github.com/subhasundardass/retui/retui/components/button.go:157.2,160.24 2 0
github.com/subhasundardass/retui/retui/components/button.go:160.24,162.3 1 0
github.com/subhasundardass/retui/retui/components/button.go:165.2,165.77 1 0
github.com/subhasundardass/retui/retui/components/button.go:165.77,167.3 1 0
github.com/subhasundardass/retui/retui/components/button.go:169.2,169.77 1 0
github.com/subhasundardass/retui/retui/components/button.go:169.77,171.3 1 0
github.com/subhasundardass/retui/retui/components/button.go:174.2,174.33 1 0
github.com/subhasundardass/retui/retui/components/button.go:174.33,177.50 2 0
github.com/subhasundardass/retui/retui/components/button.go:177.50,178.41 1 0
github.com/subhasundardass/retui/retui/components/button.go:178.41,179.16 1 0
github.com/subhasundardass/retui/retui/components/button.go:183.3,183.19 1 0
github.com/subhasundardass/retui/retui/components/button.go:184.39,186.48 2 0
github.com/subhasundardass/retui/retui/components/button.go:186.48,188.5 1 0
github.com/subhasundardass/retui/retui/components/button.go:190.4,190.14 1 0
github.com/subhasundardass/retui/retui/components/button.go:190.14,192.5 1 0
github.com/subhasundardass/retui/retui/components/button.go:198.2,199.14 2 0
github.com/subhasundardass/retui/retui/components/button.go:199.14,201.3 1 0
github.com/subhasundardass/retui/retui/components/button.go:201.8,201.20 1 0
github.com/subhasundardass/retui/retui/components/button.go:201.20,203.3 1 0
github.com/subhasundardass/retui/retui/components/button.go:203.8,205.3 1 0
github.com/subhasundardass/retui/retui/components/button.go:208.2,209.19 2 0
github.com/subhasundardass/retui/retui/components/button.go:209.19,211.3 1 0
github.com/subhasundardass/retui/retui/components/button.go:214.2,217.22 2 0
github.com/subhasundardass/retui/retui/components/button.go:217.22,219.32 2 0
github.com/subhasundardass/retui/retui/components/button.go:219.32,222.4 2 0
github.com/subhasundardass/retui/retui/components/button.go:226.2,227.25 2 0
github.com/subhasundardass/retui/retui/components/button.go:227.25,229.3 1 0
github.com/subhasundardass/retui/retui/components/button.go:229.8,231.3 1 0
github.com/subhasundardass/retui/retui/components/button.go:233.2,234.25 2 0
github.com/subhasundardass/retui/retui/components/button.go:234.25,236.3 1 0
github.com/subhasundardass/retui/retui/components/button.go:236.8,238.3 1 0
github.com/subhasundardass/retui/retui/components/button.go:241.2,243.25 2 0
github.com/subhasundardass/retui/retui/components/button.go:243.25,245.3 1 0
github.com/subhasundardass/retui/retui/components/button.go:247.2,249.25 2 0
github.com/subhasundardass/retui/retui/components/button.go:249.25,251.3 1 0
github.com/subhasundardass/retui/retui/components/button.go:254.2,260.3 1 0
github.com/subhasundardass/retui/retui/components/checkbox.go:44.32,64.2 1 0
github.com/subhasundardass/retui/retui/components/checkbox.go:66.53,69.2 2 0
github.com/subhasundardass/retui/retui/components/checkbox.go:71.56,74.2 2 0
github.com/subhasundardass/retui/retui/components/checkbox.go:76.56,79.2 2 0
github.com/subhasundardass/retui/retui/components/checkbox.go:81.53,84.2 2 0
github.com/subhasundardass/retui/retui/components/checkbox.go:86.61,89.2 2 0
github.com/subhasundardass/retui/retui/components/checkbox.go:91.68,94.2 2 0
github.com/subhasundardass/retui/retui/components/checkbox.go:96.70,99.2 2 0
github.com/subhasundardass/retui/retui/components/checkbox.go:101.56,104.2 2 0
github.com/subhasundardass/retui/retui/components/checkbox.go:107.56,110.2 2 0
github.com/subhasundardass/retui/retui/components/checkbox.go:111.57,114.2 2 0
github.com/subhasundardass/retui/retui/components/checkbox.go:115.55,118.2 2 0
github.com/subhasundardass/retui/retui/components/checkbox.go:122.72,125.2 2 0
github.com/subhasundardass/retui/retui/components/checkbox.go:127.84,130.2 2 0
github.com/subhasundardass/retui/retui/components/checkbox.go:132.65,135.2 2 0
github.com/subhasundardass/retui/retui/components/checkbox.go:137.64,140.2 2 0
github.com/subhasundardass/retui/retui/components/checkbox.go:144.48,146.2 1 0
github.com/subhasundardass/retui/retui/components/checkbox.go:150.73,152.19 1 0
github.com/subhasundardass/retui/retui/components/checkbox.go:152.19,154.3 1 0
github.com/subhasundardass/retui/retui/components/checkbox.go:156.2,159.31 2 0
github.com/subhasundardass/retui/retui/components/checkbox.go:159.31,161.3 1 0
github.com/subhasundardass/retui/retui/components/checkbox.go:164.2,164.77 1 0
github.com/subhasundardass/retui/retui/components/checkbox.go:164.77,166.3 1 0
github.com/subhasundardass/retui/retui/components/checkbox.go:168.2,168.77 1 0
github.com/subhasundardass/retui/retui/components/checkbox.go:168.77,170.3 1 0
github.com/subhasundardass/retui/retui/components/checkbox.go:173.2,173.33 1 0
github.com/subhasundardass/retui/retui/components/checkbox.go:173.33,176.50 2 0
github.com/subhasundardass/retui/retui/components/checkbox.go:176.50,177.41 1 0
github.com/subhasundardass/retui/retui/components/checkbox.go:177.41,178.16 1 0
github.com/subhasundardass/retui/retui/components/checkbox.go:182.3,182.19 1 0
github.com/subhasundardass/retui/retui/components/checkbox.go:183.23,187.49 4 0
github.com/subhasundardass/retui/retui/components/checkbox.go:187.49,189.5 1 0
github.com/subhasundardass/retui/retui/components/checkbox.go:191.23,196.49 4 0
github.com/subhasundardass/retui/retui/components/checkbox.go:196.49,198.5 1 0
github.com/subhasundardass/retui/retui/components/checkbox.go:204.2,205.13 2 0
github.com/subhasundardass/retui/retui/components/checkbox.go:205.13,207.3 1 0
github.com/subhasundardass/retui/retui/components/checkbox.go:210.2,211.13 2 0
github.com/subhasundardass/retui/retui/components/checkbox.go:211.13,215.3 1 0
github.com/subhasundardass/retui/retui/components/checkbox.go:215.8,218.3 1 0
github.com/subhasundardass/retui/retui/components/checkbox.go:221.2,221.13 1 0
github.com/subhasundardass/retui/retui/components/checkbox.go:221.13,225.3 1 0
github.com/subhasundardass/retui/retui/components/checkbox.go:228.2,229.24 2 0
github.com/subhasundardass/retui/retui/components/checkbox.go:229.24,231.3 1 0
github.com/subhasundardass/retui/retui/components/checkbox.go:234.2,234.22 1 0
github.com/subhasundardass/retui/retui/components/checkbox.go:234.22,236.32 2 0
github.com/subhasundardass/retui/retui/components/checkbox.go:236.32,239.4 2 0
github.com/subhasundardass/retui/retui/components/checkbox.go:243.2,243.38 1 0
github.com/subhasundardass/retui/retui/components/date.go:64.34,88.2 1 0
github.com/subhasundardass/retui/retui/components/date.go:90.55,93.2 2 0
github.com/subhasundardass/retui/retui/components/date.go:95.58,98.2 2 0
github.com/subhasundardass/retui/retui/components/date.go:100.59,103.2 2 0
github.com/subhasundardass/retui/retui/components/date.go:105.64,108.2 2 0
github.com/subhasundardass/retui/retui/components/date.go:110.55,113.2 2 0
github.com/subhasundardass/retui/retui/components/date.go:115.59,118.2 2 0
github.com/subhasundardass/retui/retui/components/date.go:120.59,123.2 2 0
github.com/subhasundardass/retui/retui/components/date.go:125.63,128.2 2 0
github.com/subhasundardass/retui/retui/components/date.go:131.58,134.2 2 0
github.com/subhasundardass/retui/retui/components/date.go:135.59,138.2 2 0
github.com/subhasundardass/retui/retui/components/date.go:139.57,142.2 2 0
github.com/subhasundardass/retui/retui/components/date.go:147.56,150.2 2 0
github.com/subhasundardass/retui/retui/components/date.go:153.56,156.2 2 0
github.com/subhasundardass/retui/retui/components/date.go:158.58,161.2 2 0
github.com/subhasundardass/retui/retui/components/date.go:163.76,166.2 2 0
github.com/subhasundardass/retui/retui/components/date.go:168.86,171.2 2 0
github.com/subhasundardass/retui/retui/components/date.go:173.67,176.2 2 0
github.com/subhasundardass/retui/retui/components/date.go:178.66,181.2 2 0
github.com/subhasundardass/retui/retui/components/date.go:183.76,186.2 2 0
github.com/subhasundardass/retui/retui/components/date.go:190.49,192.2 1 0
github.com/subhasundardass/retui/retui/components/date.go:197.45,199.27 2 0
github.com/subhasundardass/retui/retui/components/date.go:199.27,200.29 1 0
github.com/subhasundardass/retui/retui/components/date.go:200.29,202.4 1 0
github.com/subhasundardass/retui/retui/components/date.go:204.2,204.24 1 0
github.com/subhasundardass/retui/retui/components/date.go:208.41,210.26 2 0
github.com/subhasundardass/retui/retui/components/date.go:210.26,211.42 1 0
github.com/subhasundardass/retui/retui/components/date.go:211.42,213.4 1 0
github.com/subhasundardass/retui/retui/components/date.go:215.2,215.14 1 0
github.com/subhasundardass/retui/retui/components/date.go:220.60,221.21 1 0
github.com/subhasundardass/retui/retui/components/date.go:221.21,223.3 1 0
github.com/subhasundardass/retui/retui/components/date.go:225.2,229.32 4 0
github.com/subhasundardass/retui/retui/components/date.go:229.32,230.60 1 0
github.com/subhasundardass/retui/retui/components/date.go:230.60,231.29 1 0
github.com/subhasundardass/retui/retui/components/date.go:231.29,234.5 2 0
github.com/subhasundardass/retui/retui/components/date.go:234.10,236.5 1 0
github.com/subhasundardass/retui/retui/components/date.go:237.9,239.4 1 0
github.com/subhasundardass/retui/retui/components/date.go:242.2,242.24 1 0
github.com/subhasundardass/retui/retui/components/date.go:247.69,251.32 3 0
github.com/subhasundardass/retui/retui/components/date.go:251.32,252.60 1 0
github.com/subhasundardass/retui/retui/components/date.go:252.60,253.36 1 0
github.com/subhasundardass/retui/retui/components/date.go:253.36,255.5 1 0
github.com/subhasundardass/retui/retui/components/date.go:256.4,256.16 1 0
github.com/subhasundardass/retui/retui/components/date.go:258.3,258.15 1 0
github.com/subhasundardass/retui/retui/components/date.go:261.2,261.19 1 0
github.com/subhasundardass/retui/retui/components/date.go:266.116,267.21 1 0
github.com/subhasundardass/retui/retui/components/date.go:267.21,269.20 2 0
github.com/subhasundardass/retui/retui/components/date.go:269.20,271.4 1 0
github.com/subhasundardass/retui/retui/components/date.go:272.3,272.14 1 0
github.com/subhasundardass/retui/retui/components/date.go:272.14,274.4 1 0
github.com/subhasundardass/retui/retui/components/date.go:275.3,275.17 1 0
github.com/subhasundardass/retui/retui/components/date.go:278.2,280.13 2 0
github.com/subhasundardass/retui/retui/components/date.go:280.13,284.36 3 0
github.com/subhasundardass/retui/retui/components/date.go:284.36,286.4 1 0
github.com/subhasundardass/retui/retui/components/date.go:287.3,287.31 1 0
github.com/subhasundardass/retui/retui/components/date.go:290.2,290.18 1 0
github.com/subhasundardass/retui/retui/components/date.go:302.58,308.44 5 0
github.com/subhasundardass/retui/retui/components/date.go:308.44,309.13 1 0
github.com/subhasundardass/retui/retui/components/date.go:310.12,311.36 1 0
github.com/subhasundardass/retui/retui/components/date.go:312.12,313.36 1 0
github.com/subhasundardass/retui/retui/components/date.go:314.12,315.36 1 0
github.com/subhasundardass/retui/retui/components/date.go:319.2,319.26 1 0
github.com/subhasundardass/retui/retui/components/date.go:319.26,320.42 1 0
github.com/subhasundardass/retui/retui/components/date.go:320.42,321.19 1 0
github.com/subhasundardass/retui/retui/components/date.go:321.19,324.5 2 0
github.com/subhasundardass/retui/retui/components/date.go:324.10,324.28 1 0
github.com/subhasundardass/retui/retui/components/date.go:324.28,329.5 4 0
github.com/subhasundardass/retui/retui/components/date.go:330.4,331.14 2 0
github.com/subhasundardass/retui/retui/components/date.go:332.9,332.24 1 0
github.com/subhasundardass/retui/retui/components/date.go:332.24,335.4 2 0
github.com/subhasundardass/retui/retui/components/date.go:337.2,337.16 1 0
github.com/subhasundardass/retui/retui/components/date.go:337.16,339.3 1 0
github.com/subhasundardass/retui/retui/components/date.go:340.2,340.8 1 0
github.com/subhasundardass/retui/retui/components/date.go:345.85,349.46 3 0
github.com/subhasundardass/retui/retui/components/date.go:349.46,350.62 1 0
github.com/subhasundardass/retui/retui/components/date.go:350.62,352.4 1 0
github.com/subhasundardass/retui/retui/components/date.go:353.3,354.17 2 0
github.com/subhasundardass/retui/retui/components/date.go:354.17,356.4 1 0
github.com/subhasundardass/retui/retui/components/date.go:357.3,357.17 1 0
github.com/subhasundardass/retui/retui/components/date.go:360.2,365.8 6 0
github.com/subhasundardass/retui/retui/components/date.go:372.53,373.52 1 0
github.com/subhasundardass/retui/retui/components/date.go:373.52,375.3 1 0
github.com/subhasundardass/retui/retui/components/date.go:376.2,377.70 2 0
github.com/subhasundardass/retui/retui/components/date.go:382.44,384.2 1 0
github.com/subhasundardass/retui/retui/components/date.go:388.77,391.48 3 0
github.com/subhasundardass/retui/retui/components/date.go:391.48,393.3 1 0
github.com/subhasundardass/retui/retui/components/date.go:394.2,394.22 1 0
github.com/subhasundardass/retui/retui/components/date.go:402.85,404.15 2 0
github.com/subhasundardass/retui/retui/components/date.go:404.15,406.3 1 0
github.com/subhasundardass/retui/retui/components/date.go:407.2,407.44 1 0
github.com/subhasundardass/retui/retui/components/date.go:407.44,409.3 1 0
github.com/subhasundardass/retui/retui/components/date.go:411.2,413.22 2 0
github.com/subhasundardass/retui/retui/components/date.go:413.22,414.102 1 0
github.com/subhasundardass/retui/retui/components/date.go:414.102,416.4 1 0
github.com/subhasundardass/retui/retui/components/date.go:418.2,418.22 1 0
github.com/subhasundardass/retui/retui/components/date.go:418.22,419.102 1 0
github.com/subhasundardass/retui/retui/components/date.go:419.102,421.4 1 0
github.com/subhasundardass/retui/retui/components/date.go:424.2,424.17 1 0
github.com/subhasundardass/retui/retui/components/date.go:429.70,432.19 1 0
github.com/subhasundardass/retui/retui/components/date.go:432.19,434.3 1 0
github.com/subhasundardass/retui/retui/components/date.go:436.2,437.16 2 0
github.com/subhasundardass/retui/retui/components/date.go:437.16,439.3 1 0
github.com/subhasundardass/retui/retui/components/date.go:443.2,457.33 5 0
github.com/subhasundardass/retui/retui/components/date.go:457.33,462.3 4 0
github.com/subhasundardass/retui/retui/components/date.go:466.2,466.58 1 0
github.com/subhasundardass/retui/retui/components/date.go:466.58,469.3 2 0
github.com/subhasundardass/retui/retui/components/date.go:470.2,470.19 1 0
github.com/subhasundardass/retui/retui/components/date.go:470.19,473.3 2 0
github.com/subhasundardass/retui/retui/components/date.go:476.2,476.77 1 0
github.com/subhasundardass/retui/retui/components/date.go:476.77,478.3 1 0
github.com/subhasundardass/retui/retui/components/date.go:479.2,479.77 1 0
github.com/subhasundardass/retui/retui/components/date.go:479.77,481.3 1 0
github.com/subhasundardass/retui/retui/components/date.go:484.2,484.33 1 0
github.com/subhasundardass/retui/retui/components/date.go:484.33,487.50 2 0
github.com/subhasundardass/retui/retui/components/date.go:487.50,488.41 1 0
github.com/subhasundardass/retui/retui/components/date.go:488.41,489.16 1 0
github.com/subhasundardass/retui/retui/components/date.go:493.3,493.19 1 0
github.com/subhasundardass/retui/retui/components/date.go:494.22,495.21 1 0
github.com/subhasundardass/retui/retui/components/date.go:495.21,497.5 1 0
github.com/subhasundardass/retui/retui/components/date.go:499.23,500.42 1 0
github.com/subhasundardass/retui/retui/components/date.go:500.42,502.5 1 0
github.com/subhasundardass/retui/retui/components/date.go:504.27,505.43 1 0
github.com/subhasundardass/retui/retui/components/date.go:505.43,511.50 6 0
github.com/subhasundardass/retui/retui/components/date.go:511.50,513.6 1 0
github.com/subhasundardass/retui/retui/components/date.go:516.22,517.19 1 0
github.com/subhasundardass/retui/retui/components/date.go:519.21,520.40 1 0
github.com/subhasundardass/retui/retui/components/date.go:522.24,524.30 2 0
github.com/subhasundardass/retui/retui/components/date.go:524.30,528.50 4 0
github.com/subhasundardass/retui/retui/components/date.go:528.50,530.6 1 0
github.com/subhasundardass/retui/retui/components/date.go:533.23,535.11 2 0
github.com/subhasundardass/retui/retui/components/date.go:535.11,536.18 1 0
github.com/subhasundardass/retui/retui/components/date.go:536.18,538.6 1 0
github.com/subhasundardass/retui/retui/components/date.go:540.5,540.10 1 0
github.com/subhasundardass/retui/retui/components/date.go:542.4,542.49 1 0
github.com/subhasundardass/retui/retui/components/date.go:542.49,544.5 1 0
github.com/subhasundardass/retui/retui/components/date.go:546.11,548.80 1 0
github.com/subhasundardass/retui/retui/components/date.go:548.80,559.50 9 0
github.com/subhasundardass/retui/retui/components/date.go:559.50,561.6 1 0
github.com/subhasundardass/retui/retui/components/date.go:569.2,570.68 2 0
github.com/subhasundardass/retui/retui/components/date.go:570.68,572.3 1 0
github.com/subhasundardass/retui/retui/components/date.go:575.2,580.31 4 0
github.com/subhasundardass/retui/retui/components/date.go:580.31,583.3 2 0
github.com/subhasundardass/retui/retui/components/date.go:586.2,587.13 2 0
github.com/subhasundardass/retui/retui/components/date.go:587.13,592.3 1 0
github.com/subhasundardass/retui/retui/components/date.go:592.8,595.3 1 0
github.com/subhasundardass/retui/retui/components/date.go:599.2,600.13 2 0
github.com/subhasundardass/retui/retui/components/date.go:600.13,601.14 1 0
github.com/subhasundardass/retui/retui/components/date.go:601.14,603.4 1 0
github.com/subhasundardass/retui/retui/components/date.go:603.9,605.4 1 0
github.com/subhasundardass/retui/retui/components/date.go:618.2,620.13 3 0
github.com/subhasundardass/retui/retui/components/date.go:620.13,623.3 2 0
github.com/subhasundardass/retui/retui/components/date.go:626.2,628.25 2 0
github.com/subhasundardass/retui/retui/components/date.go:628.25,630.3 1 0
github.com/subhasundardass/retui/retui/components/date.go:632.2,634.25 2 0
github.com/subhasundardass/retui/retui/components/date.go:634.25,636.3 1 0
github.com/subhasundardass/retui/retui/components/date.go:639.2,645.3 1 0
github.com/subhasundardass/retui/retui/components/date.go:650.68,656.2 1 0
github.com/subhasundardass/retui/retui/components/list.go:49.24,69.2 1 0
github.com/subhasundardass/retui/retui/components/list.go:71.45,74.2 2 0
github.com/subhasundardass/retui/retui/components/list.go:76.50,79.2 2 0
github.com/subhasundardass/retui/retui/components/list.go:81.48,84.2 2 0
github.com/subhasundardass/retui/retui/components/list.go:86.45,89.2 2 0
github.com/subhasundardass/retui/retui/components/list.go:91.49,94.2 2 0
github.com/subhasundardass/retui/retui/components/list.go:96.49,99.2 2 0
github.com/subhasundardass/retui/retui/components/list.go:101.53,104.2 2 0
github.com/subhasundardass/retui/retui/components/list.go:106.61,109.2 2 0
github.com/subhasundardass/retui/retui/components/list.go:111.63,114.2 2 0
github.com/subhasundardass/retui/retui/components/list.go:116.48,119.2 2 0
github.com/subhasundardass/retui/retui/components/list.go:121.71,124.2 2 0
github.com/subhasundardass/retui/retui/components/list.go:126.76,129.2 2 0
github.com/subhasundardass/retui/retui/components/list.go:131.57,134.2 2 0
github.com/subhasundardass/retui/retui/components/list.go:136.56,139.2 2 0
github.com/subhasundardass/retui/retui/components/list.go:141.71,144.2 2 0
github.com/subhasundardass/retui/retui/components/list.go:148.44,150.2 1 0
github.com/subhasundardass/retui/retui/components/list.go:154.65,159.33 2 0
github.com/subhasundardass/retui/retui/components/list.go:159.33,161.3 1 0
github.com/subhasundardass/retui/retui/components/list.go:164.2,164.18 1 0
github.com/subhasundardass/retui/retui/components/list.go:164.18,167.3 2 0
github.com/subhasundardass/retui/retui/components/list.go:168.2,168.35 1 0
github.com/subhasundardass/retui/retui/components/list.go:168.35,171.3 2 0
github.com/subhasundardass/retui/retui/components/list.go:174.2,174.57 1 0
github.com/subhasundardass/retui/retui/components/list.go:174.57,176.3 1 0
github.com/subhasundardass/retui/retui/components/list.go:178.2,178.57 1 0
github.com/subhasundardass/retui/retui/components/list.go:178.57,180.3 1 0
github.com/subhasundardass/retui/retui/components/list.go:183.2,183.13 1 0
github.com/subhasundardass/retui/retui/components/list.go:183.13,186.50 2 0
github.com/subhasundardass/retui/retui/components/list.go:186.50,187.41 1 0
github.com/subhasundardass/retui/retui/components/list.go:187.41,188.16 1 0
github.com/subhasundardass/retui/retui/components/list.go:192.3,192.19 1 0
github.com/subhasundardass/retui/retui/components/list.go:193.22,194.38 1 0
github.com/subhasundardass/retui/retui/components/list.go:194.38,197.50 3 0
github.com/subhasundardass/retui/retui/components/list.go:197.50,199.6 1 0
github.com/subhasundardass/retui/retui/components/list.go:202.20,203.20 1 0
github.com/subhasundardass/retui/retui/components/list.go:203.20,206.50 3 0
github.com/subhasundardass/retui/retui/components/list.go:206.50,208.6 1 0
github.com/subhasundardass/retui/retui/components/list.go:211.22,214.49 3 0
github.com/subhasundardass/retui/retui/components/list.go:214.49,216.5 1 0
github.com/subhasundardass/retui/retui/components/list.go:218.21,221.49 3 0
github.com/subhasundardass/retui/retui/components/list.go:221.49,223.5 1 0
github.com/subhasundardass/retui/retui/components/list.go:225.23,226.49 1 0
github.com/subhasundardass/retui/retui/components/list.go:226.49,228.5 1 0
github.com/subhasundardass/retui/retui/components/list.go:234.2,236.36 2 0
github.com/subhasundardass/retui/retui/components/list.go:236.36,242.17 3 0
github.com/subhasundardass/retui/retui/components/list.go:242.17,244.4 1 0
github.com/subhasundardass/retui/retui/components/list.go:247.3,248.17 2 0
github.com/subhasundardass/retui/retui/components/list.go:248.17,249.15 1 0
github.com/subhasundardass/retui/retui/components/list.go:249.15,254.5 1 0
github.com/subhasundardass/retui/retui/components/list.go:254.10,258.5 1 0
github.com/subhasundardass/retui/retui/components/list.go:259.9,261.4 1 0
github.com/subhasundardass/retui/retui/components/list.go:264.3,265.23 2 0
github.com/subhasundardass/retui/retui/components/list.go:265.23,267.33 2 0
github.com/subhasundardass/retui/retui/components/list.go:267.33,270.5 2 0
github.com/subhasundardass/retui/retui/components/list.go:273.3,273.47 1 0
github.com/subhasundardass/retui/retui/components/list.go:277.2,279.25 2 0
github.com/subhasundardass/retui/retui/components/list.go:279.25,281.14 2 0
github.com/subhasundardass/retui/retui/components/list.go:281.14,283.4 1 0
github.com/subhasundardass/retui/retui/components/list.go:283.9,285.4 1 0
github.com/subhasundardass/retui/retui/components/list.go:286.3,286.70 1 0
github.com/subhasundardass/retui/retui/components/list.go:290.2,295.25 2 0
github.com/subhasundardass/retui/retui/components/list.go:295.25,297.14 2 0
github.com/subhasundardass/retui/retui/components/list.go:297.14,299.4 1 0
github.com/subhasundardass/retui/retui/components/list.go:299.9,301.4 1 0
github.com/subhasundardass/retui/retui/components/list.go:302.3,302.70 1 0
github.com/subhasundardass/retui/retui/components/list.go:306.2,312.3 1 0
github.com/subhasundardass/retui/retui/components/number.go:89.38,119.2 1 0
github.com/subhasundardass/retui/retui/components/number.go:121.59,124.2 2 0
github.com/subhasundardass/retui/retui/components/number.go:128.63,132.2 3 0
github.com/subhasundardass/retui/retui/components/number.go:136.60,139.2 2 0
github.com/subhasundardass/retui/retui/components/number.go:141.68,144.2 2 0
github.com/subhasundardass/retui/retui/components/number.go:146.59,149.2 2 0
github.com/subhasundardass/retui/retui/components/number.go:151.63,154.2 2 0
github.com/subhasundardass/retui/retui/components/number.go:156.63,159.2 2 0
github.com/subhasundardass/retui/retui/components/number.go:161.67,164.2 2 0
github.com/subhasundardass/retui/retui/components/number.go:169.62,172.2 2 0
github.com/subhasundardass/retui/retui/components/number.go:178.63,181.2 2 0
github.com/subhasundardass/retui/retui/components/number.go:183.61,186.2 2 0
github.com/subhasundardass/retui/retui/components/number.go:190.61,194.2 3 0
github.com/subhasundardass/retui/retui/components/number.go:198.61,202.2 3 0
github.com/subhasundardass/retui/retui/components/number.go:206.62,207.12 1 0
github.com/subhasundardass/retui/retui/components/number.go:207.12,209.3 1 0
github.com/subhasundardass/retui/retui/components/number.go:210.2,211.10 2 0
github.com/subhasundardass/retui/retui/components/number.go:216.62,217.11 1 0
github.com/subhasundardass/retui/retui/components/number.go:217.11,219.3 1 0
github.com/subhasundardass/retui/retui/components/number.go:220.2,221.10 2 0
github.com/subhasundardass/retui/retui/components/number.go:228.64,231.2 2 0
github.com/subhasundardass/retui/retui/components/number.go:235.71,238.2 2 0
github.com/subhasundardass/retui/retui/components/number.go:240.62,243.2 2 0
github.com/subhasundardass/retui/retui/components/number.go:245.81,248.2 2 0
github.com/subhasundardass/retui/retui/components/number.go:250.90,253.2 2 0
github.com/subhasundardass/retui/retui/components/number.go:255.71,258.2 2 0
github.com/subhasundardass/retui/retui/components/number.go:260.70,263.2 2 0
github.com/subhasundardass/retui/retui/components/number.go:265.81,268.2 2 0
github.com/subhasundardass/retui/retui/components/number.go:272.51,274.2 1 0
github.com/subhasundardass/retui/retui/components/number.go:281.55,282.16 1 0
github.com/subhasundardass/retui/retui/components/number.go:282.16,284.3 1 0
github.com/subhasundardass/retui/retui/components/number.go:285.2,285.54 1 0
github.com/subhasundardass/retui/retui/components/number.go:290.59,291.19 1 0
github.com/subhasundardass/retui/retui/components/number.go:291.19,293.3 1 0
github.com/subhasundardass/retui/retui/components/number.go:294.2,295.40 2 0
github.com/subhasundardass/retui/retui/components/number.go:300.44,301.50 1 0
github.com/subhasundardass/retui/retui/components/number.go:301.50,303.3 1 0
github.com/subhasundardass/retui/retui/components/number.go:304.2,305.16 2 0
github.com/subhasundardass/retui/retui/components/number.go:305.16,307.3 1 0
github.com/subhasundardass/retui/retui/components/number.go:308.2,308.18 1 0
github.com/subhasundardass/retui/retui/components/number.go:313.92,314.27 1 0
github.com/subhasundardass/retui/retui/components/number.go:314.27,316.3 1 0
github.com/subhasundardass/retui/retui/components/number.go:317.2,317.27 1 0
github.com/subhasundardass/retui/retui/components/number.go:317.27,319.3 1 0
github.com/subhasundardass/retui/retui/components/number.go:320.2,320.14 1 0
github.com/subhasundardass/retui/retui/components/number.go:325.49,326.50 1 0
github.com/subhasundardass/retui/retui/components/number.go:326.50,328.3 1 0
github.com/subhasundardass/retui/retui/components/number.go:330.2,330.53 1 0
github.com/subhasundardass/retui/retui/components/number.go:330.53,332.3 1 0
github.com/subhasundardass/retui/retui/components/number.go:334.2,334.30 1 0
github.com/subhasundardass/retui/retui/components/number.go:334.30,336.50 2 0
github.com/subhasundardass/retui/retui/components/number.go:336.50,338.4 1 0
github.com/subhasundardass/retui/retui/components/number.go:341.2,341.13 1 0
github.com/subhasundardass/retui/retui/components/number.go:349.63,350.16 1 0
github.com/subhasundardass/retui/retui/components/number.go:350.16,351.41 1 0
github.com/subhasundardass/retui/retui/components/number.go:351.41,354.49 3 0
github.com/subhasundardass/retui/retui/components/number.go:354.49,356.5 1 0
github.com/subhasundardass/retui/retui/components/number.go:358.3,358.9 1 0
github.com/subhasundardass/retui/retui/components/number.go:361.2,362.9 2 0
github.com/subhasundardass/retui/retui/components/number.go:362.9,364.3 1 0
github.com/subhasundardass/retui/retui/components/number.go:366.2,367.45 2 0
github.com/subhasundardass/retui/retui/components/number.go:367.45,370.48 3 0
github.com/subhasundardass/retui/retui/components/number.go:370.48,372.4 1 0
github.com/subhasundardass/retui/retui/components/number.go:378.79,381.19 1 0
github.com/subhasundardass/retui/retui/components/number.go:381.19,383.3 1 0
github.com/subhasundardass/retui/retui/components/number.go:385.2,386.19 2 0
github.com/subhasundardass/retui/retui/components/number.go:386.19,387.24 1 0
github.com/subhasundardass/retui/retui/components/number.go:387.24,389.4 1 0
github.com/subhasundardass/retui/retui/components/number.go:393.2,406.14 5 0
github.com/subhasundardass/retui/retui/components/number.go:406.14,408.20 2 0
github.com/subhasundardass/retui/retui/components/number.go:408.20,410.4 1 0
github.com/subhasundardass/retui/retui/components/number.go:411.3,411.27 1 0
github.com/subhasundardass/retui/retui/components/number.go:411.27,414.4 2 0
github.com/subhasundardass/retui/retui/components/number.go:415.3,416.24 2 0
github.com/subhasundardass/retui/retui/components/number.go:416.24,419.4 2 0
github.com/subhasundardass/retui/retui/components/number.go:424.2,424.52 1 0
github.com/subhasundardass/retui/retui/components/number.go:424.52,426.3 1 0
github.com/subhasundardass/retui/retui/components/number.go:427.2,427.13 1 0
github.com/subhasundardass/retui/retui/components/number.go:427.13,429.3 1 0
github.com/subhasundardass/retui/retui/components/number.go:444.2,446.28 2 0
github.com/subhasundardass/retui/retui/components/number.go:446.28,448.50 2 0
github.com/subhasundardass/retui/retui/components/number.go:448.50,451.4 2 0
github.com/subhasundardass/retui/retui/components/number.go:452.8,452.35 1 0
github.com/subhasundardass/retui/retui/components/number.go:452.35,456.3 3 0
github.com/subhasundardass/retui/retui/components/number.go:459.2,459.77 1 0
github.com/subhasundardass/retui/retui/components/number.go:459.77,461.3 1 0
github.com/subhasundardass/retui/retui/components/number.go:462.2,462.77 1 0
github.com/subhasundardass/retui/retui/components/number.go:462.77,464.3 1 0
github.com/subhasundardass/retui/retui/components/number.go:469.2,469.53 1 0
github.com/subhasundardass/retui/retui/components/number.go:469.53,472.50 2 0
github.com/subhasundardass/retui/retui/components/number.go:472.50,473.41 1 0
github.com/subhasundardass/retui/retui/components/number.go:473.41,474.16 1 0
github.com/subhasundardass/retui/retui/components/number.go:492.3,492.63 1 0
github.com/subhasundardass/retui/retui/components/number.go:492.63,493.20 1 0
github.com/subhasundardass/retui/retui/components/number.go:494.38,498.23 4 0
github.com/subhasundardass/retui/retui/components/number.go:500.38,504.23 4 0
github.com/subhasundardass/retui/retui/components/number.go:506.45,507.24 1 0
github.com/subhasundardass/retui/retui/components/number.go:507.24,510.17 3 0
github.com/subhasundardass/retui/retui/components/number.go:512.5,519.16 8 0
github.com/subhasundardass/retui/retui/components/number.go:521.12,522.59 1 0
github.com/subhasundardass/retui/retui/components/number.go:522.59,530.6 2 0
github.com/subhasundardass/retui/retui/components/number.go:531.5,532.23 2 0
github.com/subhasundardass/retui/retui/components/number.go:536.3,538.19 2 0
github.com/subhasundardass/retui/retui/components/number.go:539.22,540.15 1 0
github.com/subhasundardass/retui/retui/components/number.go:540.15,542.5 1 0
github.com/subhasundardass/retui/retui/components/number.go:544.23,545.24 1 0
github.com/subhasundardass/retui/retui/components/number.go:545.24,547.5 1 0
github.com/subhasundardass/retui/retui/components/number.go:549.27,550.23 1 0
github.com/subhasundardass/retui/retui/components/number.go:550.23,551.10 1 0
github.com/subhasundardass/retui/retui/components/number.go:553.4,553.33 1 0
github.com/subhasundardass/retui/retui/components/number.go:553.33,560.5 6 0
github.com/subhasundardass/retui/retui/components/number.go:562.22,563.13 1 0
github.com/subhasundardass/retui/retui/components/number.go:565.21,566.22 1 0
github.com/subhasundardass/retui/retui/components/number.go:568.24,569.23 1 0
github.com/subhasundardass/retui/retui/components/number.go:569.23,570.10 1 0
github.com/subhasundardass/retui/retui/components/number.go:572.4,572.24 1 0
github.com/subhasundardass/retui/retui/components/number.go:572.24,578.5 5 0
github.com/subhasundardass/retui/retui/components/number.go:580.23,581.23 1 0
github.com/subhasundardass/retui/retui/components/number.go:581.23,582.50 1 0
github.com/subhasundardass/retui/retui/components/number.go:582.50,584.6 1 0
github.com/subhasundardass/retui/retui/components/number.go:585.5,585.10 1 0
github.com/subhasundardass/retui/retui/components/number.go:588.4,588.23 1 0
github.com/subhasundardass/retui/retui/components/number.go:588.23,591.50 3 0
github.com/subhasundardass/retui/retui/components/number.go:591.50,593.6 1 0
github.com/subhasundardass/retui/retui/components/number.go:594.5,594.10 1 0
github.com/subhasundardass/retui/retui/components/number.go:597.4,598.11 2 0
github.com/subhasundardass/retui/retui/components/number.go:598.11,600.5 1 0
github.com/subhasundardass/retui/retui/components/number.go:602.4,613.49 7 0
github.com/subhasundardass/retui/retui/components/number.go:613.49,615.5 1 0
github.com/subhasundardass/retui/retui/components/number.go:617.20,618.44 1 0
github.com/subhasundardass/retui/retui/components/number.go:618.44,619.10 1 0
github.com/subhasundardass/retui/retui/components/number.go:621.4,622.46 2 0
github.com/subhasundardass/retui/retui/components/number.go:622.46,628.50 6 0
github.com/subhasundardass/retui/retui/components/number.go:628.50,630.6 1 0
github.com/subhasundardass/retui/retui/components/number.go:633.22,634.44 1 0
github.com/subhasundardass/retui/retui/components/number.go:634.44,635.10 1 0
github.com/subhasundardass/retui/retui/components/number.go:637.4,638.46 2 0
github.com/subhasundardass/retui/retui/components/number.go:638.46,644.50 6 0
github.com/subhasundardass/retui/retui/components/number.go:644.50,646.6 1 0
github.com/subhasundardass/retui/retui/components/number.go:649.11,650.23 1 0
github.com/subhasundardass/retui/retui/components/number.go:650.23,651.10 1 0
github.com/subhasundardass/retui/retui/components/number.go:655.4,655.58 1 0
github.com/subhasundardass/retui/retui/components/number.go:655.58,659.17 3 0
github.com/subhasundardass/retui/retui/components/number.go:660.59,661.24 1 0
github.com/subhasundardass/retui/retui/components/number.go:662.14,663.66 1 0
github.com/subhasundardass/retui/retui/components/number.go:663.66,665.7 1 0
github.com/subhasundardass/retui/retui/components/number.go:666.14,667.55 1 0
github.com/subhasundardass/retui/retui/components/number.go:667.55,669.7 1 0
github.com/subhasundardass/retui/retui/components/number.go:672.5,672.21 1 0
github.com/subhasundardass/retui/retui/components/number.go:672.21,673.11 1 0
github.com/subhasundardass/retui/retui/components/number.go:676.5,682.49 6 0
github.com/subhasundardass/retui/retui/components/number.go:682.49,683.11 1 0
github.com/subhasundardass/retui/retui/components/number.go:686.5,689.38 4 0
github.com/subhasundardass/retui/retui/components/number.go:696.2,697.47 2 0
github.com/subhasundardass/retui/retui/components/number.go:697.47,699.3 1 0
github.com/subhasundardass/retui/retui/components/number.go:701.2,709.9 3 0
github.com/subhasundardass/retui/retui/components/number.go:710.23,711.54 1 0
github.com/subhasundardass/retui/retui/components/number.go:712.34,713.59 1 0
github.com/subhasundardass/retui/retui/components/number.go:714.15,718.14 1 0
github.com/subhasundardass/retui/retui/components/number.go:719.10,720.59 1 0
github.com/subhasundardass/retui/retui/components/number.go:724.2,725.13 2 0
github.com/subhasundardass/retui/retui/components/number.go:725.13,726.14 1 0
github.com/subhasundardass/retui/retui/components/number.go:726.14,728.4 1 0
github.com/subhasundardass/retui/retui/components/number.go:728.9,730.4 1 0
github.com/subhasundardass/retui/retui/components/number.go:733.2,734.13 2 0
github.com/subhasundardass/retui/retui/components/number.go:734.13,738.3 1 0
github.com/subhasundardass/retui/retui/components/number.go:738.8,741.3 1 0
github.com/subhasundardass/retui/retui/components/number.go:745.2,746.26 2 0
github.com/subhasundardass/retui/retui/components/number.go:746.26,751.22 3 0
github.com/subhasundardass/retui/retui/components/number.go:751.22,753.4 1 0
github.com/subhasundardass/retui/retui/components/number.go:755.3,755.36 1 0
github.com/subhasundardass/retui/retui/components/number.go:755.36,757.4 1 0
github.com/subhasundardass/retui/retui/components/number.go:757.9,759.4 1 0
github.com/subhasundardass/retui/retui/components/number.go:763.2,765.31 3 0
github.com/subhasundardass/retui/retui/components/number.go:765.31,769.3 2 0
github.com/subhasundardass/retui/retui/components/number.go:772.2,774.25 2 0
github.com/subhasundardass/retui/retui/components/number.go:774.25,776.3 1 0
github.com/subhasundardass/retui/retui/components/number.go:779.2,780.26 2 0
github.com/subhasundardass/retui/retui/components/number.go:780.26,782.3 1 0
github.com/subhasundardass/retui/retui/components/number.go:784.2,786.25 2 0
github.com/subhasundardass/retui/retui/components/number.go:786.25,788.3 1 0
github.com/subhasundardass/retui/retui/components/number.go:791.2,797.3 1 0
github.com/subhasundardass/retui/retui/components/number.go:802.77,808.2 1 0
github.com/subhasundardass/retui/retui/components/number.go:812.41,825.43 1 0
github.com/subhasundardass/retui/retui/components/number.go:825.43,827.4 1 0
github.com/subhasundardass/retui/retui/components/number.go:828.43,830.4 1 0
github.com/subhasundardass/retui/retui/components/number.go:834.2,844.43 1 0
github.com/subhasundardass/retui/retui/components/number.go:844.43,846.4 1 0
github.com/subhasundardass/retui/retui/components/number.go:847.43,849.4 1 0
github.com/subhasundardass/retui/retui/components/number.go:852.2,872.3 2 0
github.com/subhasundardass/retui/retui/components/panel.go:88.28,92.2 1 0
github.com/subhasundardass/retui/retui/components/panel.go:107.60,110.2 2 0
github.com/subhasundardass/retui/retui/components/panel.go:120.60,124.2 3 0
github.com/subhasundardass/retui/retui/components/panel.go:133.61,136.2 2 0
github.com/subhasundardass/retui/retui/components/panel.go:151.62,155.2 3 0
github.com/subhasundardass/retui/retui/components/panel.go:163.63,166.2 2 0
github.com/subhasundardass/retui/retui/components/panel.go:176.63,180.2 3 0
github.com/subhasundardass/retui/retui/components/panel.go:188.55,191.2 2 0
github.com/subhasundardass/retui/retui/components/panel.go:199.58,202.2 2 0
github.com/subhasundardass/retui/retui/components/panel.go:217.69,218.25 1 0
github.com/subhasundardass/retui/retui/components/panel.go:218.25,219.60 1 0
github.com/subhasundardass/retui/retui/components/panel.go:219.60,221.4 1 0
github.com/subhasundardass/retui/retui/components/panel.go:223.2,223.10 1 0
github.com/subhasundardass/retui/retui/components/panel.go:238.48,242.21 3 0
github.com/subhasundardass/retui/retui/components/panel.go:242.21,244.21 2 0
github.com/subhasundardass/retui/retui/components/panel.go:244.21,246.4 1 0
github.com/subhasundardass/retui/retui/components/panel.go:247.3,247.66 1 0
github.com/subhasundardass/retui/retui/components/panel.go:248.8,259.3 2 0
github.com/subhasundardass/retui/retui/components/panel.go:261.2,262.10 2 0
github.com/subhasundardass/retui/retui/components/panel.go:277.67,281.21 3 0
github.com/subhasundardass/retui/retui/components/panel.go:281.21,283.21 2 0
github.com/subhasundardass/retui/retui/components/panel.go:283.21,285.4 1 0
github.com/subhasundardass/retui/retui/components/panel.go:286.3,287.27 2 0
github.com/subhasundardass/retui/retui/components/panel.go:287.27,290.4 2 0
github.com/subhasundardass/retui/retui/components/panel.go:291.3,297.4 4 0
github.com/subhasundardass/retui/retui/components/panel.go:298.8,315.3 2 0
github.com/subhasundardass/retui/retui/components/panel.go:317.2,318.10 2 0
github.com/subhasundardass/retui/retui/components/panel.go:327.47,329.2 1 0
github.com/subhasundardass/retui/retui/components/panel.go:336.46,342.21 3 0
github.com/subhasundardass/retui/retui/components/panel.go:342.21,344.21 2 0
github.com/subhasundardass/retui/retui/components/panel.go:344.21,346.4 1 0
github.com/subhasundardass/retui/retui/components/panel.go:349.2,355.35 4 0
github.com/subhasundardass/retui/retui/components/panel.go:355.35,357.32 1 0
github.com/subhasundardass/retui/retui/components/panel.go:357.32,363.4 2 0
github.com/subhasundardass/retui/retui/components/panel.go:365.3,366.22 2 0
github.com/subhasundardass/retui/retui/components/panel.go:366.22,368.4 1 0
github.com/subhasundardass/retui/retui/components/panel.go:368.9,370.4 1 0
github.com/subhasundardass/retui/retui/components/panel.go:372.3,381.5 3 0
github.com/subhasundardass/retui/retui/components/panel.go:386.2,391.21 2 0
github.com/subhasundardass/retui/retui/components/panel.go:391.21,393.20 2 0
github.com/subhasundardass/retui/retui/components/panel.go:393.20,395.4 1 0
github.com/subhasundardass/retui/retui/components/panel.go:396.3,396.59 1 0
github.com/subhasundardass/retui/retui/components/panel.go:396.59,398.23 2 0
github.com/subhasundardass/retui/retui/components/panel.go:398.23,400.5 1 0
github.com/subhasundardass/retui/retui/components/panel.go:400.10,402.5 1 0
github.com/subhasundardass/retui/retui/components/panel.go:403.4,413.30 2 0
github.com/subhasundardass/retui/retui/components/panel.go:418.2,423.21 2 0
github.com/subhasundardass/retui/retui/components/panel.go:423.21,427.3 1 0
github.com/subhasundardass/retui/retui/components/panel.go:429.2,431.26 2 0
github.com/subhasundardass/retui/retui/components/panel.go:431.26,433.22 2 0
github.com/subhasundardass/retui/retui/components/panel.go:433.22,435.4 1 0
github.com/subhasundardass/retui/retui/components/panel.go:436.3,436.79 1 0
github.com/subhasundardass/retui/retui/components/panel.go:439.2,442.21 3 0
github.com/subhasundardass/retui/retui/components/panel.go:442.21,444.3 1 0
github.com/subhasundardass/retui/retui/components/panel.go:445.2,445.53 1 0
github.com/subhasundardass/retui/retui/components/panel.go:449.92,451.17 2 0
github.com/subhasundardass/retui/retui/components/panel.go:451.17,453.3 1 0
github.com/subhasundardass/retui/retui/components/panel.go:453.8,455.22 2 0
github.com/subhasundardass/retui/retui/components/panel.go:455.22,457.4 1 0
github.com/subhasundardass/retui/retui/components/panel.go:457.9,459.4 1 0
github.com/subhasundardass/retui/retui/components/panel.go:460.3,463.4 1 0
github.com/subhasundardass/retui/retui/components/panel.go:466.2,474.15 3 0
github.com/subhasundardass/retui/retui/components/panel.go:480.112,481.21 1 0
github.com/subhasundardass/retui/retui/components/panel.go:481.21,482.21 1 0
github.com/subhasundardass/retui/retui/components/panel.go:482.21,484.4 1 0
github.com/subhasundardass/retui/retui/components/panel.go:485.3,485.69 1 0
github.com/subhasundardass/retui/retui/components/panel.go:487.2,498.3 2 0
github.com/subhasundardass/retui/retui/components/panel.go:502.50,503.20 1 0
github.com/subhasundardass/retui/retui/components/panel.go:503.20,505.3 1 0
github.com/subhasundardass/retui/retui/components/panel.go:506.2,506.51 1 0
github.com/subhasundardass/retui/retui/components/panel.go:521.42,522.60 1 0
github.com/subhasundardass/retui/retui/components/panel.go:522.60,524.3 1 0
github.com/subhasundardass/retui/retui/components/panel.go:525.2,525.17 1 0
github.com/subhasundardass/retui/retui/components/panel.go:526.25,527.20 1 0
github.com/subhasundardass/retui/retui/components/panel.go:527.20,529.4 1 0
github.com/subhasundardass/retui/retui/components/panel.go:530.3,530.42 1 0
github.com/subhasundardass/retui/retui/components/panel.go:531.24,532.30 1 0
github.com/subhasundardass/retui/retui/components/panel.go:533.10,534.11 1 0
github.com/subhasundardass/retui/retui/components/panel.go:541.45,548.54 2 0
github.com/subhasundardass/retui/retui/components/panel.go:548.54,550.3 1 0
github.com/subhasundardass/retui/retui/components/panel.go:552.2,552.27 1 0
github.com/subhasundardass/retui/retui/components/panel.go:552.27,554.3 1 0
github.com/subhasundardass/retui/retui/components/panel.go:556.2,556.38 1 0
github.com/subhasundardass/retui/retui/components/panel.go:556.38,559.33 2 0
github.com/subhasundardass/retui/retui/components/panel.go:559.33,560.38 1 0
github.com/subhasundardass/retui/retui/components/panel.go:560.38,562.5 1 0
github.com/subhasundardass/retui/retui/components/panel.go:564.3,564.19 1 0
github.com/subhasundardass/retui/retui/components/panel.go:568.2,569.32 2 0
github.com/subhasundardass/retui/retui/components/panel.go:569.32,571.3 1 0
github.com/subhasundardass/retui/retui/components/panel.go:572.2,572.20 1 0
github.com/subhasundardass/retui/retui/components/panel.go:581.77,582.17 1 0
github.com/subhasundardass/retui/retui/components/panel.go:582.17,584.3 1 0
github.com/subhasundardass/retui/retui/components/panel.go:585.2,586.23 2 0
github.com/subhasundardass/retui/retui/components/panel.go:586.23,588.3 1 0
github.com/subhasundardass/retui/retui/components/panel.go:589.2,593.3 1 0
github.com/subhasundardass/retui/retui/components/password.go:56.32,81.2 1 0
github.com/subhasundardass/retui/retui/components/password.go:83.53,86.2 2 0
github.com/subhasundardass/retui/retui/components/password.go:88.56,91.2 2 0
github.com/subhasundardass/retui/retui/components/password.go:93.62,96.2 2 0
github.com/subhasundardass/retui/retui/components/password.go:98.53,101.2 2 0
github.com/subhasundardass/retui/retui/components/password.go:103.57,106.2 2 0
github.com/subhasundardass/retui/retui/components/password.go:108.57,111.2 2 0
github.com/subhasundardass/retui/retui/components/password.go:113.61,116.2 2 0
github.com/subhasundardass/retui/retui/components/password.go:118.57,121.2 2 0
github.com/subhasundardass/retui/retui/components/password.go:123.57,126.2 2 0
github.com/subhasundardass/retui/retui/components/password.go:129.56,132.2 2 0
github.com/subhasundardass/retui/retui/components/password.go:133.57,136.2 2 0
github.com/subhasundardass/retui/retui/components/password.go:137.55,140.2 2 0
github.com/subhasundardass/retui/retui/components/password.go:144.59,147.2 2 0
github.com/subhasundardass/retui/retui/components/password.go:149.61,152.2 2 0
github.com/subhasundardass/retui/retui/components/password.go:154.56,157.2 2 0
github.com/subhasundardass/retui/retui/components/password.go:159.74,162.2 2 0
github.com/subhasundardass/retui/retui/components/password.go:164.84,167.2 2 0
github.com/subhasundardass/retui/retui/components/password.go:169.65,172.2 2 0
github.com/subhasundardass/retui/retui/components/password.go:174.64,177.2 2 0
github.com/subhasundardass/retui/retui/components/password.go:179.74,182.2 2 0
github.com/subhasundardass/retui/retui/components/password.go:186.48,188.2 1 0
github.com/subhasundardass/retui/retui/components/password.go:193.57,194.17 1 0
github.com/subhasundardass/retui/retui/components/password.go:194.17,196.3 1 0
github.com/subhasundardass/retui/retui/components/password.go:198.2,200.45 2 0
github.com/subhasundardass/retui/retui/components/password.go:205.73,208.19 1 0
github.com/subhasundardass/retui/retui/components/password.go:208.19,210.3 1 0
github.com/subhasundardass/retui/retui/components/password.go:214.2,221.22 3 0
github.com/subhasundardass/retui/retui/components/password.go:221.22,224.3 2 0
github.com/subhasundardass/retui/retui/components/password.go:225.2,225.13 1 0
github.com/subhasundardass/retui/retui/components/password.go:225.13,228.3 2 0
github.com/subhasundardass/retui/retui/components/password.go:231.2,231.77 1 0
github.com/subhasundardass/retui/retui/components/password.go:231.77,233.3 1 0
github.com/subhasundardass/retui/retui/components/password.go:235.2,235.77 1 0
github.com/subhasundardass/retui/retui/components/password.go:235.77,237.3 1 0
github.com/subhasundardass/retui/retui/components/password.go:240.2,240.33 1 0
github.com/subhasundardass/retui/retui/components/password.go:240.33,243.50 2 0
github.com/subhasundardass/retui/retui/components/password.go:243.50,244.41 1 0
github.com/subhasundardass/retui/retui/components/password.go:244.41,245.16 1 0
github.com/subhasundardass/retui/retui/components/password.go:249.3,249.19 1 0
github.com/subhasundardass/retui/retui/components/password.go:250.22,251.15 1 0
github.com/subhasundardass/retui/retui/components/password.go:251.15,253.5 1 0
github.com/subhasundardass/retui/retui/components/password.go:255.23,256.24 1 0
github.com/subhasundardass/retui/retui/components/password.go:256.24,258.5 1 0
github.com/subhasundardass/retui/retui/components/password.go:260.27,261.33 1 0
github.com/subhasundardass/retui/retui/components/password.go:261.33,265.50 4 0
github.com/subhasundardass/retui/retui/components/password.go:265.50,267.6 1 0
github.com/subhasundardass/retui/retui/components/password.go:268.5,268.20 1 0
github.com/subhasundardass/retui/retui/components/password.go:271.22,272.13 1 0
github.com/subhasundardass/retui/retui/components/password.go:274.21,275.22 1 0
github.com/subhasundardass/retui/retui/components/password.go:277.24,278.24 1 0
github.com/subhasundardass/retui/retui/components/password.go:278.24,282.50 4 0
github.com/subhasundardass/retui/retui/components/password.go:282.50,284.6 1 0
github.com/subhasundardass/retui/retui/components/password.go:287.23,288.61 1 0
github.com/subhasundardass/retui/retui/components/password.go:288.61,291.5 1 0
github.com/subhasundardass/retui/retui/components/password.go:292.4,292.49 1 0
github.com/subhasundardass/retui/retui/components/password.go:292.49,294.5 1 0
github.com/subhasundardass/retui/retui/components/password.go:296.11,298.58 1 0
github.com/subhasundardass/retui/retui/components/password.go:298.58,299.63 1 0
github.com/subhasundardass/retui/retui/components/password.go:299.63,303.51 4 0
github.com/subhasundardass/retui/retui/components/password.go:303.51,305.7 1 0
github.com/subhasundardass/retui/retui/components/password.go:306.6,306.21 1 0
github.com/subhasundardass/retui/retui/components/password.go:314.2,315.22 2 0
github.com/subhasundardass/retui/retui/components/password.go:315.22,317.3 1 0
github.com/subhasundardass/retui/retui/components/password.go:320.2,324.24 3 0
github.com/subhasundardass/retui/retui/components/password.go:324.24,326.3 1 0
github.com/subhasundardass/retui/retui/components/password.go:326.8,326.49 1 0
github.com/subhasundardass/retui/retui/components/password.go:326.49,328.3 1 0
github.com/subhasundardass/retui/retui/components/password.go:331.2,332.13 2 0
github.com/subhasundardass/retui/retui/components/password.go:332.13,337.3 1 0
github.com/subhasundardass/retui/retui/components/password.go:337.8,341.3 1 0
github.com/subhasundardass/retui/retui/components/password.go:344.2,345.13 2 0
github.com/subhasundardass/retui/retui/components/password.go:345.13,346.14 1 0
github.com/subhasundardass/retui/retui/components/password.go:346.14,348.4 1 0
github.com/subhasundardass/retui/retui/components/password.go:348.9,350.4 1 0
github.com/subhasundardass/retui/retui/components/password.go:353.2,354.13 2 0
github.com/subhasundardass/retui/retui/components/password.go:354.13,358.3 1 0
github.com/subhasundardass/retui/retui/components/password.go:358.8,361.3 1 0
github.com/subhasundardass/retui/retui/components/password.go:364.2,365.35 2 0
github.com/subhasundardass/retui/retui/components/password.go:365.35,369.30 2 0
github.com/subhasundardass/retui/retui/components/password.go:369.30,371.4 1 0
github.com/subhasundardass/retui/retui/components/password.go:371.9,373.4 1 0
github.com/subhasundardass/retui/retui/components/password.go:374.8,374.42 1 0
github.com/subhasundardass/retui/retui/components/password.go:374.42,377.3 1 0
github.com/subhasundardass/retui/retui/components/password.go:380.2,382.31 3 0
github.com/subhasundardass/retui/retui/components/password.go:382.31,385.3 2 0
github.com/subhasundardass/retui/retui/components/password.go:388.2,390.25 2 0
github.com/subhasundardass/retui/retui/components/password.go:390.25,392.3 1 0
github.com/subhasundardass/retui/retui/components/password.go:395.2,396.26 2 0
github.com/subhasundardass/retui/retui/components/password.go:396.26,398.3 1 0
github.com/subhasundardass/retui/retui/components/password.go:400.2,402.25 2 0
github.com/subhasundardass/retui/retui/components/password.go:402.25,404.3 1 0
github.com/subhasundardass/retui/retui/components/password.go:407.2,413.3 1 0
github.com/subhasundardass/retui/retui/components/password.go:418.76,424.2 1 0
github.com/subhasundardass/retui/retui/components/progress_bar.go:11.77,12.15 1 0
github.com/subhasundardass/retui/retui/components/progress_bar.go:12.15,14.3 1 0
github.com/subhasundardass/retui/retui/components/progress_bar.go:15.2,15.15 1 0
github.com/subhasundardass/retui/retui/components/progress_bar.go:15.15,17.3 1 0
github.com/subhasundardass/retui/retui/components/progress_bar.go:18.2,22.57 5 0
github.com/subhasundardass/retui/retui/components/select_dropdown.go:61.36,72.2 1 0
github.com/subhasundardass/retui/retui/components/select_dropdown.go:74.62,74.91 2 0
github.com/subhasundardass/retui/retui/components/select_dropdown.go:75.62,75.94 2 0
github.com/subhasundardass/retui/retui/components/select_dropdown.go:76.62,76.96 2 0
github.com/subhasundardass/retui/retui/components/select_dropdown.go:77.62,77.94 2 0
github.com/subhasundardass/retui/retui/components/select_dropdown.go:78.62,78.100 2 0
github.com/subhasundardass/retui/retui/components/select_dropdown.go:79.62,79.94 2 0
github.com/subhasundardass/retui/retui/components/select_dropdown.go:80.62,80.95 2 0
github.com/subhasundardass/retui/retui/components/select_dropdown.go:81.62,81.95 2 0
github.com/subhasundardass/retui/retui/components/select_dropdown.go:82.62,82.97 2 0
github.com/subhasundardass/retui/retui/components/select_dropdown.go:83.62,83.89 2 0
github.com/subhasundardass/retui/retui/components/select_dropdown.go:84.62,84.95 2 0
github.com/subhasundardass/retui/retui/components/select_dropdown.go:85.62,85.95 2 0
github.com/subhasundardass/retui/retui/components/select_dropdown.go:87.70,90.2 2 0
github.com/subhasundardass/retui/retui/components/select_dropdown.go:92.80,95.2 2 0
github.com/subhasundardass/retui/retui/components/select_dropdown.go:97.61,100.2 2 0
github.com/subhasundardass/retui/retui/components/select_dropdown.go:102.60,105.2 2 0
github.com/subhasundardass/retui/retui/components/select_dropdown.go:107.72,110.2 2 0
github.com/subhasundardass/retui/retui/components/select_dropdown.go:116.85,119.2 2 0
github.com/subhasundardass/retui/retui/components/select_dropdown.go:121.60,125.2 3 0
github.com/subhasundardass/retui/retui/components/select_dropdown.go:129.46,131.2 1 0
github.com/subhasundardass/retui/retui/components/select_dropdown.go:157.69,164.21 6 0
github.com/subhasundardass/retui/retui/components/select_dropdown.go:164.21,166.3 1 0
github.com/subhasundardass/retui/retui/components/select_dropdown.go:168.2,168.57 1 0
github.com/subhasundardass/retui/retui/components/select_dropdown.go:168.57,170.3 1 0
github.com/subhasundardass/retui/retui/components/select_dropdown.go:171.2,171.57 1 0
github.com/subhasundardass/retui/retui/components/select_dropdown.go:171.57,173.3 1 0
github.com/subhasundardass/retui/retui/components/select_dropdown.go:184.2,186.44 2 0
github.com/subhasundardass/retui/retui/components/select_dropdown.go:186.44,189.10 3 0
github.com/subhasundardass/retui/retui/components/select_dropdown.go:189.10,191.4 1 0
github.com/subhasundardass/retui/retui/components/select_dropdown.go:193.3,206.52 12 0
github.com/subhasundardass/retui/retui/components/select_dropdown.go:206.52,208.4 1 0
github.com/subhasundardass/retui/retui/components/select_dropdown.go:211.2,211.25 1 0
github.com/subhasundardass/retui/retui/components/select_dropdown.go:211.25,212.14 1 0
github.com/subhasundardass/retui/retui/components/select_dropdown.go:212.14,217.4 1 0
github.com/subhasundardass/retui/retui/components/select_dropdown.go:218.3,227.52 8 0
github.com/subhasundardass/retui/retui/components/select_dropdown.go:227.52,229.4 1 0
github.com/subhasundardass/retui/retui/components/select_dropdown.go:232.2,232.22 1 0
github.com/subhasundardass/retui/retui/components/select_dropdown.go:232.22,238.13 3 0
github.com/subhasundardass/retui/retui/components/select_dropdown.go:238.13,241.4 2 0
github.com/subhasundardass/retui/retui/components/select_dropdown.go:243.3,244.9 2 0
github.com/subhasundardass/retui/retui/components/select_dropdown.go:244.9,247.32 2 0
github.com/subhasundardass/retui/retui/components/select_dropdown.go:247.32,249.5 1 0
github.com/subhasundardass/retui/retui/components/select_dropdown.go:251.4,251.64 1 0
github.com/subhasundardass/retui/retui/components/select_dropdown.go:251.64,252.16 1 0
github.com/subhasundardass/retui/retui/components/select_dropdown.go:252.16,253.22 1 0
github.com/subhasundardass/retui/retui/components/select_dropdown.go:254.57,255.18 1 0
github.com/subhasundardass/retui/retui/components/select_dropdown.go:255.18,257.8 1 0
github.com/subhasundardass/retui/retui/components/select_dropdown.go:259.14,260.72 1 0
github.com/subhasundardass/retui/retui/components/select_dropdown.go:260.72,264.8 1 0
github.com/subhasundardass/retui/retui/components/select_dropdown.go:266.11,267.22 1 0
github.com/subhasundardass/retui/retui/components/select_dropdown.go:269.27,270.21 1 0
github.com/subhasundardass/retui/retui/components/select_dropdown.go:272.26,273.65 1 0
github.com/subhasundardass/retui/retui/components/select_dropdown.go:273.65,275.25 2 0
github.com/subhasundardass/retui/retui/components/select_dropdown.go:275.25,277.54 2 0
github.com/subhasundardass/retui/retui/components/select_dropdown.go:277.54,279.10 1 0
github.com/subhasundardass/retui/retui/components/select_dropdown.go:282.7,282.21 1 0
github.com/subhasundardass/retui/retui/components/select_dropdown.go:284.23,286.34 2 0
github.com/subhasundardass/retui/retui/components/select_dropdown.go:288.25,290.34 2 0
github.com/subhasundardass/retui/retui/components/select_dropdown.go:292.25,294.34 2 0
github.com/subhasundardass/retui/retui/components/select_dropdown.go:296.24,298.34 2 0
github.com/subhasundardass/retui/retui/components/select_dropdown.go:300.30,301.30 1 0
github.com/subhasundardass/retui/retui/components/select_dropdown.go:301.30,309.8 6 0
github.com/subhasundardass/retui/retui/components/select_dropdown.go:311.24,312.21 1 0
github.com/subhasundardass/retui/retui/components/select_dropdown.go:314.14,315.61 1 0
github.com/subhasundardass/retui/retui/components/select_dropdown.go:315.61,323.8 6 0
github.com/subhasundardass/retui/retui/components/select_dropdown.go:334.2,334.24 1 0
github.com/subhasundardass/retui/retui/components/select_dropdown.go:334.24,336.3 1 0
github.com/subhasundardass/retui/retui/components/select_dropdown.go:338.2,338.94 1 0
github.com/subhasundardass/retui/retui/components/select_dropdown.go:350.17,352.33 1 0
github.com/subhasundardass/retui/retui/components/select_dropdown.go:352.33,354.3 1 0
github.com/subhasundardass/retui/retui/components/select_dropdown.go:355.2,355.21 1 0
github.com/subhasundardass/retui/retui/components/select_dropdown.go:355.21,357.3 1 0
github.com/subhasundardass/retui/retui/components/select_dropdown.go:363.2,365.18 3 0
github.com/subhasundardass/retui/retui/components/select_dropdown.go:365.18,366.38 1 0
github.com/subhasundardass/retui/retui/components/select_dropdown.go:366.38,367.46 1 0
github.com/subhasundardass/retui/retui/components/select_dropdown.go:367.46,369.10 2 0
github.com/subhasundardass/retui/retui/components/select_dropdown.go:372.3,372.42 1 0
github.com/subhasundardass/retui/retui/components/select_dropdown.go:372.42,373.32 1 0
github.com/subhasundardass/retui/retui/components/select_dropdown.go:373.32,374.47 1 0
github.com/subhasundardass/retui/retui/components/select_dropdown.go:374.47,376.11 2 0
github.com/subhasundardass/retui/retui/components/select_dropdown.go:382.2,383.12 2 0
github.com/subhasundardass/retui/retui/components/select_dropdown.go:383.12,384.23 1 0
github.com/subhasundardass/retui/retui/components/select_dropdown.go:384.23,386.4 1 0
github.com/subhasundardass/retui/retui/components/select_dropdown.go:386.9,388.4 1 0
github.com/subhasundardass/retui/retui/components/select_dropdown.go:395.2,396.12 2 0
github.com/subhasundardass/retui/retui/components/select_dropdown.go:396.12,398.3 1 0
github.com/subhasundardass/retui/retui/components/select_dropdown.go:403.2,406.22 3 0
github.com/subhasundardass/retui/retui/components/select_dropdown.go:406.22,411.3 1 0
github.com/subhasundardass/retui/retui/components/select_dropdown.go:411.8,414.3 1 0
github.com/subhasundardass/retui/retui/components/select_dropdown.go:416.2,417.22 2 0
github.com/subhasundardass/retui/retui/components/select_dropdown.go:417.22,419.3 1 0
github.com/subhasundardass/retui/retui/components/select_dropdown.go:422.2,428.24 6 0
github.com/subhasundardass/retui/retui/components/select_dropdown.go:428.24,430.3 1 0
github.com/subhasundardass/retui/retui/components/select_dropdown.go:432.2,434.33 3 0
github.com/subhasundardass/retui/retui/components/select_dropdown.go:434.33,436.3 1 0
github.com/subhasundardass/retui/retui/components/select_dropdown.go:439.2,442.25 2 0
github.com/subhasundardass/retui/retui/components/select_dropdown.go:442.25,444.23 2 0
github.com/subhasundardass/retui/retui/components/select_dropdown.go:444.23,446.4 1 0
github.com/subhasundardass/retui/retui/components/select_dropdown.go:447.3,447.80 1 0
github.com/subhasundardass/retui/retui/components/select_dropdown.go:451.2,454.25 2 0
github.com/subhasundardass/retui/retui/components/select_dropdown.go:454.25,456.23 2 0
github.com/subhasundardass/retui/retui/components/select_dropdown.go:456.23,458.4 1 0
github.com/subhasundardass/retui/retui/components/select_dropdown.go:459.3,459.80 1 0
github.com/subhasundardass/retui/retui/components/select_dropdown.go:463.2,475.24 5 0
github.com/subhasundardass/retui/retui/components/select_dropdown.go:475.24,485.3 4 0
github.com/subhasundardass/retui/retui/components/select_dropdown.go:487.2,487.13 1 0
github.com/subhasundardass/retui/retui/components/select_dropdown.go:487.13,489.3 1 0
github.com/subhasundardass/retui/retui/components/select_dropdown.go:491.2,530.3 6 0
github.com/subhasundardass/retui/retui/components/select_dropdown.go:533.100,534.23 1 0
github.com/subhasundardass/retui/retui/components/select_dropdown.go:534.23,544.3 1 0
github.com/subhasundardass/retui/retui/components/select_dropdown.go:546.2,547.34 2 0
github.com/subhasundardass/retui/retui/components/select_dropdown.go:547.34,549.16 2 0
github.com/subhasundardass/retui/retui/components/select_dropdown.go:549.16,551.4 1 0
github.com/subhasundardass/retui/retui/components/select_dropdown.go:552.3,553.25 2 0
github.com/subhasundardass/retui/retui/components/select_dropdown.go:553.25,556.4 2 0
github.com/subhasundardass/retui/retui/components/select_dropdown.go:559.2,560.31 2 0
github.com/subhasundardass/retui/retui/components/select_dropdown.go:560.31,565.10 4 0
github.com/subhasundardass/retui/retui/components/select_dropdown.go:566.21,568.24 2 0
github.com/subhasundardass/retui/retui/components/select_dropdown.go:568.24,571.5 1 0
github.com/subhasundardass/retui/retui/components/select_dropdown.go:572.25,573.86 1 0
github.com/subhasundardass/retui/retui/components/select_dropdown.go:574.34,575.19 1 0
github.com/subhasundardass/retui/retui/components/select_dropdown.go:578.3,579.55 2 0
github.com/subhasundardass/retui/retui/components/select_dropdown.go:582.2,590.3 1 0
github.com/subhasundardass/retui/retui/components/select_dropdown.go:595.71,597.30 2 0
github.com/subhasundardass/retui/retui/components/select_dropdown.go:597.30,598.44 1 0
github.com/subhasundardass/retui/retui/components/select_dropdown.go:598.44,600.4 1 0
github.com/subhasundardass/retui/retui/components/select_dropdown.go:602.2,602.18 1 0
github.com/subhasundardass/retui/retui/components/select_dropdown.go:605.52,606.30 1 0
github.com/subhasundardass/retui/retui/components/select_dropdown.go:606.30,607.20 1 0
github.com/subhasundardass/retui/retui/components/select_dropdown.go:607.20,609.4 1 0
github.com/subhasundardass/retui/retui/components/select_dropdown.go:611.2,611.10 1 0
github.com/subhasundardass/retui/retui/components/select_dropdown.go:614.51,615.41 1 0
github.com/subhasundardass/retui/retui/components/select_dropdown.go:615.41,616.27 1 0
github.com/subhasundardass/retui/retui/components/select_dropdown.go:616.27,618.4 1 0
github.com/subhasundardass/retui/retui/components/select_dropdown.go:620.2,620.10 1 0
github.com/subhasundardass/retui/retui/components/select_dropdown.go:623.79,624.23 1 0
github.com/subhasundardass/retui/retui/components/select_dropdown.go:624.23,626.3 1 0
github.com/subhasundardass/retui/retui/components/select_dropdown.go:627.2,628.33 2 0
github.com/subhasundardass/retui/retui/components/select_dropdown.go:628.33,629.27 1 0
github.com/subhasundardass/retui/retui/components/select_dropdown.go:629.27,631.4 1 0
github.com/subhasundardass/retui/retui/components/select_dropdown.go:632.3,632.17 1 0
github.com/subhasundardass/retui/retui/components/select_dropdown.go:634.2,634.16 1 0
github.com/subhasundardass/retui/retui/components/select_dropdown.go:650.71,651.28 1 0
github.com/subhasundardass/retui/retui/components/select_dropdown.go:651.28,653.3 1 0
github.com/subhasundardass/retui/retui/components/select_dropdown.go:654.2,654.17 1 0
github.com/subhasundardass/retui/retui/components/select_dropdown.go:654.17,656.3 1 0
github.com/subhasundardass/retui/retui/components/select_dropdown.go:657.2,658.37 2 0
github.com/subhasundardass/retui/retui/components/select_dropdown.go:658.37,659.75 1 0
github.com/subhasundardass/retui/retui/components/select_dropdown.go:659.75,661.4 1 0
github.com/subhasundardass/retui/retui/components/select_dropdown.go:663.2,663.12 1 0
github.com/subhasundardass/retui/retui/components/select_dropdown.go:666.53,668.28 2 0
github.com/subhasundardass/retui/retui/components/select_dropdown.go:668.28,670.3 1 0
github.com/subhasundardass/retui/retui/components/select_dropdown.go:671.2,671.19 1 0
github.com/subhasundardass/retui/retui/components/select_dropdown.go:671.19,673.3 1 0
github.com/subhasundardass/retui/retui/components/select_dropdown.go:674.2,674.43 1 0
github.com/subhasundardass/retui/retui/components/select_dropdown.go:681.51,682.15 1 0
github.com/subhasundardass/retui/retui/components/select_dropdown.go:682.15,684.3 1 0
github.com/subhasundardass/retui/retui/components/select_dropdown.go:685.2,688.21 4 0
github.com/subhasundardass/retui/retui/components/select_dropdown.go:688.21,690.3 1 0
github.com/subhasundardass/retui/retui/components/select_dropdown.go:691.2,691.18 1 0
github.com/subhasundardass/retui/retui/components/select_picker.go:46.40,64.2 1 0
github.com/subhasundardass/retui/retui/components/select_picker.go:66.61,69.2 2 0
github.com/subhasundardass/retui/retui/components/select_picker.go:71.68,74.2 2 0
github.com/subhasundardass/retui/retui/components/select_picker.go:76.64,79.2 2 0
github.com/subhasundardass/retui/retui/components/select_picker.go:81.61,84.2 2 0
github.com/subhasundardass/retui/retui/components/select_picker.go:86.65,89.2 2 0
github.com/subhasundardass/retui/retui/components/select_picker.go:91.65,94.2 2 0
github.com/subhasundardass/retui/retui/components/select_picker.go:96.73,99.2 2 0
github.com/subhasundardass/retui/retui/components/select_picker.go:101.64,104.2 2 0
github.com/subhasundardass/retui/retui/components/select_picker.go:106.87,109.2 2 0
github.com/subhasundardass/retui/retui/components/select_picker.go:111.92,114.2 2 0
github.com/subhasundardass/retui/retui/components/select_picker.go:116.73,119.2 2 0
github.com/subhasundardass/retui/retui/components/select_picker.go:121.72,124.2 2 0
github.com/subhasundardass/retui/retui/components/select_picker.go:126.87,129.2 2 0
github.com/subhasundardass/retui/retui/components/select_picker.go:133.52,135.2 1 0
github.com/subhasundardass/retui/retui/components/select_picker.go:139.81,144.33 2 0
github.com/subhasundardass/retui/retui/components/select_picker.go:144.33,146.3 1 0
github.com/subhasundardass/retui/retui/components/select_picker.go:149.2,149.18 1 0
github.com/subhasundardass/retui/retui/components/select_picker.go:149.18,152.3 2 0
github.com/subhasundardass/retui/retui/components/select_picker.go:153.2,153.37 1 0
github.com/subhasundardass/retui/retui/components/select_picker.go:153.37,156.3 2 0
github.com/subhasundardass/retui/retui/components/select_picker.go:159.2,159.57 1 0
github.com/subhasundardass/retui/retui/components/select_picker.go:159.57,161.3 1 0
github.com/subhasundardass/retui/retui/components/select_picker.go:163.2,163.57 1 0
github.com/subhasundardass/retui/retui/components/select_picker.go:163.57,165.3 1 0
github.com/subhasundardass/retui/retui/components/select_picker.go:168.2,168.13 1 0
github.com/subhasundardass/retui/retui/components/select_picker.go:168.13,171.50 2 0
github.com/subhasundardass/retui/retui/components/select_picker.go:171.50,172.41 1 0
github.com/subhasundardass/retui/retui/components/select_picker.go:172.41,173.16 1 0
github.com/subhasundardass/retui/retui/components/select_picker.go:177.3,177.19 1 0
github.com/subhasundardass/retui/retui/components/select_picker.go:178.22,179.20 1 0
github.com/subhasundardass/retui/retui/components/select_picker.go:179.20,182.50 3 0
github.com/subhasundardass/retui/retui/components/select_picker.go:182.50,184.6 1 0
github.com/subhasundardass/retui/retui/components/select_picker.go:187.23,188.40 1 0
github.com/subhasundardass/retui/retui/components/select_picker.go:188.40,191.50 3 0
github.com/subhasundardass/retui/retui/components/select_picker.go:191.50,193.6 1 0
github.com/subhasundardass/retui/retui/components/select_picker.go:196.23,197.49 1 0
github.com/subhasundardass/retui/retui/components/select_picker.go:197.49,199.5 1 0
github.com/subhasundardass/retui/retui/components/select_picker.go:205.2,209.13 3 0
github.com/subhasundardass/retui/retui/components/select_picker.go:209.13,213.3 1 0
github.com/subhasundardass/retui/retui/components/select_picker.go:213.8,216.3 1 0
github.com/subhasundardass/retui/retui/components/select_picker.go:219.2,222.22 2 0
github.com/subhasundardass/retui/retui/components/select_picker.go:222.22,224.32 2 0
github.com/subhasundardass/retui/retui/components/select_picker.go:224.32,227.4 2 0
github.com/subhasundardass/retui/retui/components/select_picker.go:231.2,232.13 2 0
github.com/subhasundardass/retui/retui/components/select_picker.go:232.13,234.3 1 0
github.com/subhasundardass/retui/retui/components/select_picker.go:234.8,236.3 1 0
github.com/subhasundardass/retui/retui/components/select_picker.go:238.2,239.13 2 0
github.com/subhasundardass/retui/retui/components/select_picker.go:239.13,241.3 1 0
github.com/subhasundardass/retui/retui/components/select_picker.go:241.8,243.3 1 0
github.com/subhasundardass/retui/retui/components/select_picker.go:246.2,248.25 2 0
github.com/subhasundardass/retui/retui/components/select_picker.go:248.25,250.3 1 0
github.com/subhasundardass/retui/retui/components/select_picker.go:252.2,254.25 2 0
github.com/subhasundardass/retui/retui/components/select_picker.go:254.25,256.3 1 0
github.com/subhasundardass/retui/retui/components/select_picker.go:259.2,265.3 1 0
github.com/subhasundardass/retui/retui/components/spinner.go:9.42,16.2 3 0
github.com/subhasundardass/retui/retui/components/table.go:69.26,87.2 1 0
github.com/subhasundardass/retui/retui/components/table.go:90.47,93.2 2 0
github.com/subhasundardass/retui/retui/components/table.go:96.60,99.2 2 0
github.com/subhasundardass/retui/retui/components/table.go:102.56,105.2 2 0
github.com/subhasundardass/retui/retui/components/table.go:108.56,111.2 2 0
github.com/subhasundardass/retui/retui/components/table.go:114.57,117.2 2 0
github.com/subhasundardass/retui/retui/components/table.go:120.59,123.2 2 0
github.com/subhasundardass/retui/retui/components/table.go:126.61,129.2 2 0
github.com/subhasundardass/retui/retui/components/table.go:132.60,135.2 2 0
github.com/subhasundardass/retui/retui/components/table.go:138.60,141.2 2 0
github.com/subhasundardass/retui/retui/components/table.go:144.59,147.2 2 0
github.com/subhasundardass/retui/retui/components/table.go:150.65,153.2 2 0
github.com/subhasundardass/retui/retui/components/table.go:156.70,159.2 2 0
github.com/subhasundardass/retui/retui/components/table.go:162.65,165.2 2 0
github.com/subhasundardass/retui/retui/components/table.go:168.72,171.2 2 0
github.com/subhasundardass/retui/retui/components/table.go:174.72,177.2 2 0
github.com/subhasundardass/retui/retui/components/table.go:180.67,183.2 2 0
github.com/subhasundardass/retui/retui/components/table.go:186.62,189.2 2 0
github.com/subhasundardass/retui/retui/components/table.go:192.67,195.2 2 0
github.com/subhasundardass/retui/retui/components/table.go:198.62,201.2 2 0
github.com/subhasundardass/retui/retui/components/table.go:204.65,207.2 2 0
github.com/subhasundardass/retui/retui/components/table.go:210.65,213.2 2 0
github.com/subhasundardass/retui/retui/components/table.go:216.66,219.2 2 0
github.com/subhasundardass/retui/retui/components/table.go:222.57,225.2 2 0
github.com/subhasundardass/retui/retui/components/table.go:228.57,231.2 2 0
github.com/subhasundardass/retui/retui/components/table.go:234.59,237.2 2 0
github.com/subhasundardass/retui/retui/components/table.go:240.62,243.2 2 0
github.com/subhasundardass/retui/retui/components/table.go:248.51,252.2 3 0
github.com/subhasundardass/retui/retui/components/table.go:257.53,261.2 3 0
github.com/subhasundardass/retui/retui/components/table.go:272.45,277.63 3 0
github.com/subhasundardass/retui/retui/components/table.go:277.63,278.32 1 0
github.com/subhasundardass/retui/retui/components/table.go:279.22,280.34 1 0
github.com/subhasundardass/retui/retui/components/table.go:280.34,283.28 3 0
github.com/subhasundardass/retui/retui/components/table.go:283.28,285.6 1 0
github.com/subhasundardass/retui/retui/components/table.go:287.20,288.20 1 0
github.com/subhasundardass/retui/retui/components/table.go:288.20,291.28 3 0
github.com/subhasundardass/retui/retui/components/table.go:291.28,293.6 1 0
github.com/subhasundardass/retui/retui/components/table.go:295.23,296.27 1 0
github.com/subhasundardass/retui/retui/components/table.go:296.27,298.5 1 0
github.com/subhasundardass/retui/retui/components/table.go:302.2,305.40 3 0
github.com/subhasundardass/retui/retui/components/table.go:305.40,307.3 1 0
github.com/subhasundardass/retui/retui/components/table.go:309.2,310.42 2 0
github.com/subhasundardass/retui/retui/components/table.go:310.42,312.3 1 0
github.com/subhasundardass/retui/retui/components/table.go:314.2,321.57 1 0
github.com/subhasundardass/retui/retui/components/table.go:321.57,324.26 1 0
github.com/subhasundardass/retui/retui/components/table.go:324.26,326.5 1 0
github.com/subhasundardass/retui/retui/components/table.go:327.4,327.27 1 0
github.com/subhasundardass/retui/retui/components/table.go:327.27,329.5 1 0
github.com/subhasundardass/retui/retui/components/table.go:330.4,330.20 1 0
github.com/subhasundardass/retui/retui/components/table.go:336.44,339.54 3 0
github.com/subhasundardass/retui/retui/components/table.go:339.54,341.3 1 0
github.com/subhasundardass/retui/retui/components/table.go:343.2,347.21 3 0
github.com/subhasundardass/retui/retui/components/table.go:347.21,349.3 1 0
github.com/subhasundardass/retui/retui/components/table.go:351.2,351.21 1 0
github.com/subhasundardass/retui/retui/components/table.go:351.21,353.22 2 0
github.com/subhasundardass/retui/retui/components/table.go:353.22,355.4 1 0
github.com/subhasundardass/retui/retui/components/table.go:358.2,359.52 2 0
github.com/subhasundardass/retui/retui/components/table.go:359.52,362.33 3 0
github.com/subhasundardass/retui/retui/components/table.go:362.33,363.20 1 0
github.com/subhasundardass/retui/retui/components/table.go:363.20,365.5 1 0
github.com/subhasundardass/retui/retui/components/table.go:367.3,368.70 2 0
github.com/subhasundardass/retui/retui/components/table.go:371.2,371.21 1 0
github.com/subhasundardass/retui/retui/components/table.go:371.21,373.3 1 0
github.com/subhasundardass/retui/retui/components/table.go:375.2,379.19 2 0
github.com/subhasundardass/retui/retui/components/table.go:379.19,381.3 1 0
github.com/subhasundardass/retui/retui/components/table.go:382.2,382.20 1 0
github.com/subhasundardass/retui/retui/components/table.go:382.20,384.3 1 0
github.com/subhasundardass/retui/retui/components/table.go:386.2,390.3 1 0
github.com/subhasundardass/retui/retui/components/table.go:395.51,398.35 3 0
github.com/subhasundardass/retui/retui/components/table.go:398.35,400.3 1 0
github.com/subhasundardass/retui/retui/components/table.go:402.2,403.21 2 0
github.com/subhasundardass/retui/retui/components/table.go:403.21,405.3 1 0
github.com/subhasundardass/retui/retui/components/table.go:406.2,406.21 1 0
github.com/subhasundardass/retui/retui/components/table.go:406.21,408.22 2 0
github.com/subhasundardass/retui/retui/components/table.go:408.22,410.4 1 0
github.com/subhasundardass/retui/retui/components/table.go:413.2,414.17 2 0
github.com/subhasundardass/retui/retui/components/table.go:414.17,416.3 1 0
github.com/subhasundardass/retui/retui/components/table.go:417.2,417.22 1 0
github.com/subhasundardass/retui/retui/components/table.go:417.22,419.3 1 0
github.com/subhasundardass/retui/retui/components/table.go:421.2,422.15 2 0
github.com/subhasundardass/retui/retui/components/table.go:422.15,424.3 1 0
github.com/subhasundardass/retui/retui/components/table.go:425.2,425.51 1 0
github.com/subhasundardass/retui/retui/components/table.go:425.51,427.3 1 0
github.com/subhasundardass/retui/retui/components/table.go:429.2,429.31 1 0
github.com/subhasundardass/retui/retui/components/table.go:432.64,435.19 3 0
github.com/subhasundardass/retui/retui/components/table.go:435.19,437.3 1 0
github.com/subhasundardass/retui/retui/components/table.go:445.2,446.25 2 0
github.com/subhasundardass/retui/retui/components/table.go:446.25,448.3 1 0
github.com/subhasundardass/retui/retui/components/table.go:450.2,450.21 1 0
github.com/subhasundardass/retui/retui/components/table.go:450.21,453.3 2 0
github.com/subhasundardass/retui/retui/components/table.go:454.2,454.25 1 0
github.com/subhasundardass/retui/retui/components/table.go:454.25,456.3 1 0
github.com/subhasundardass/retui/retui/components/table.go:458.2,459.32 2 0
github.com/subhasundardass/retui/retui/components/table.go:459.32,460.59 1 0
github.com/subhasundardass/retui/retui/components/table.go:460.59,463.12 3 0
github.com/subhasundardass/retui/retui/components/table.go:466.3,467.46 2 0
github.com/subhasundardass/retui/retui/components/table.go:467.46,468.57 1 0
github.com/subhasundardass/retui/retui/components/table.go:468.57,470.5 1 0
github.com/subhasundardass/retui/retui/components/table.go:472.3,472.32 1 0
github.com/subhasundardass/retui/retui/components/table.go:472.32,473.20 1 0
github.com/subhasundardass/retui/retui/components/table.go:473.20,474.50 1 0
github.com/subhasundardass/retui/retui/components/table.go:474.50,476.6 1 0
github.com/subhasundardass/retui/retui/components/table.go:479.3,480.36 2 0
github.com/subhasundardass/retui/retui/components/table.go:480.36,482.4 1 0
github.com/subhasundardass/retui/retui/components/table.go:483.3,483.62 1 0
github.com/subhasundardass/retui/retui/components/table.go:483.62,485.4 1 0
github.com/subhasundardass/retui/retui/components/table.go:486.3,487.32 2 0
github.com/subhasundardass/retui/retui/components/table.go:490.2,490.40 1 0
github.com/subhasundardass/retui/retui/components/table.go:490.40,494.33 4 0
github.com/subhasundardass/retui/retui/components/table.go:494.33,496.21 2 0
github.com/subhasundardass/retui/retui/components/table.go:496.21,498.5 1 0
github.com/subhasundardass/retui/retui/components/table.go:499.4,499.64 1 0
github.com/subhasundardass/retui/retui/components/table.go:499.64,501.5 1 0
github.com/subhasundardass/retui/retui/components/table.go:505.2,505.40 1 0
github.com/subhasundardass/retui/retui/components/table.go:505.40,508.3 2 0
github.com/subhasundardass/retui/retui/components/table.go:510.2,510.15 1 0
github.com/subhasundardass/retui/retui/components/table.go:513.69,516.18 3 0
github.com/subhasundardass/retui/retui/components/table.go:516.18,518.3 1 0
github.com/subhasundardass/retui/retui/components/table.go:520.2,520.32 1 0
github.com/subhasundardass/retui/retui/components/table.go:520.32,521.20 1 0
github.com/subhasundardass/retui/retui/components/table.go:521.20,523.26 2 0
github.com/subhasundardass/retui/retui/components/table.go:523.26,524.22 1 0
github.com/subhasundardass/retui/retui/components/table.go:524.22,525.11 1 0
github.com/subhasundardass/retui/retui/components/table.go:527.5,527.26 1 0
github.com/subhasundardass/retui/retui/components/table.go:527.26,531.6 3 0
github.com/subhasundardass/retui/retui/components/table.go:533.4,533.18 1 0
github.com/subhasundardass/retui/retui/components/table.go:533.18,534.10 1 0
github.com/subhasundardass/retui/retui/components/table.go:539.2,540.18 2 0
github.com/subhasundardass/retui/retui/components/table.go:540.18,542.3 1 0
github.com/subhasundardass/retui/retui/components/table.go:545.68,551.21 5 0
github.com/subhasundardass/retui/retui/components/table.go:551.21,553.3 1 0
github.com/subhasundardass/retui/retui/components/table.go:555.2,555.37 1 0
github.com/subhasundardass/retui/retui/components/table.go:555.37,564.38 7 0
github.com/subhasundardass/retui/retui/components/table.go:564.38,566.4 1 0
github.com/subhasundardass/retui/retui/components/table.go:568.3,570.22 2 0
github.com/subhasundardass/retui/retui/components/table.go:570.22,572.4 1 0
github.com/subhasundardass/retui/retui/components/table.go:575.2,579.3 1 0
github.com/subhasundardass/retui/retui/components/table.go:582.99,588.21 5 0
github.com/subhasundardass/retui/retui/components/table.go:588.21,590.3 1 0
github.com/subhasundardass/retui/retui/components/table.go:592.2,592.35 1 0
github.com/subhasundardass/retui/retui/components/table.go:592.35,600.36 6 0
github.com/subhasundardass/retui/retui/components/table.go:600.36,603.4 2 0
github.com/subhasundardass/retui/retui/components/table.go:603.9,606.36 3 0
github.com/subhasundardass/retui/retui/components/table.go:606.36,608.5 1 0
github.com/subhasundardass/retui/retui/components/table.go:611.3,613.22 2 0
github.com/subhasundardass/retui/retui/components/table.go:613.22,615.4 1 0
github.com/subhasundardass/retui/retui/components/table.go:618.2,622.3 1 0
github.com/subhasundardass/retui/retui/components/table.go:625.94,628.30 3 0
github.com/subhasundardass/retui/retui/components/table.go:628.30,630.3 1 0
github.com/subhasundardass/retui/retui/components/table.go:631.2,636.32 4 0
github.com/subhasundardass/retui/retui/components/table.go:639.56,641.36 2 0
github.com/subhasundardass/retui/retui/components/table.go:641.36,643.3 1 0
github.com/subhasundardass/retui/retui/components/table.go:644.2,644.15 1 0
github.com/subhasundardass/retui/retui/components/table.go:647.49,649.22 2 0
github.com/subhasundardass/retui/retui/components/table.go:649.22,651.3 1 0
github.com/subhasundardass/retui/retui/components/table.go:652.2,652.14 1 0
github.com/subhasundardass/retui/retui/components/table.go:655.78,657.23 2 0
github.com/subhasundardass/retui/retui/components/table.go:657.23,659.3 1 0
github.com/subhasundardass/retui/retui/components/table.go:660.2,660.42 1 0
github.com/subhasundardass/retui/retui/components/table.go:660.42,662.3 1 0
github.com/subhasundardass/retui/retui/components/table.go:664.2,665.22 2 0
github.com/subhasundardass/retui/retui/components/table.go:665.22,667.3 1 0
github.com/subhasundardass/retui/retui/components/table.go:669.2,671.26 3 0
github.com/subhasundardass/retui/retui/components/table.go:671.26,673.20 2 0
github.com/subhasundardass/retui/retui/components/table.go:673.20,674.9 1 0
github.com/subhasundardass/retui/retui/components/table.go:676.3,677.8 2 0
github.com/subhasundardass/retui/retui/components/table.go:679.2,681.22 2 0
github.com/subhasundardass/retui/retui/components/table.go:681.22,683.3 1 0
github.com/subhasundardass/retui/retui/components/table.go:684.2,684.18 1 0
github.com/subhasundardass/retui/retui/components/table.go:687.92,689.24 2 0
github.com/subhasundardass/retui/retui/components/table.go:689.24,691.3 1 0
github.com/subhasundardass/retui/retui/components/table.go:692.2,693.32 2 0
github.com/subhasundardass/retui/retui/components/table.go:693.32,696.3 2 0
github.com/subhasundardass/retui/retui/components/table.go:697.2,698.13 2 0
github.com/subhasundardass/retui/retui/components/table.go:698.13,700.3 1 0
github.com/subhasundardass/retui/retui/components/table.go:702.2,702.19 1 0
github.com/subhasundardass/retui/retui/components/table.go:703.16,706.85 3 0
github.com/subhasundardass/retui/retui/components/table.go:707.15,709.76 2 0
github.com/subhasundardass/retui/retui/components/table.go:710.10,711.93 1 0
github.com/subhasundardass/retui/retui/components/text.go:54.30,77.2 1 0
github.com/subhasundardass/retui/retui/components/text.go:79.47,82.2 2 0
github.com/subhasundardass/retui/retui/components/text.go:84.50,87.2 2 0
github.com/subhasundardass/retui/retui/components/text.go:89.56,92.2 2 0
github.com/subhasundardass/retui/retui/components/text.go:94.47,97.2 2 0
github.com/subhasundardass/retui/retui/components/text.go:99.51,102.2 2 0
github.com/subhasundardass/retui/retui/components/text.go:104.51,107.2 2 0
github.com/subhasundardass/retui/retui/components/text.go:109.55,112.2 2 0
github.com/subhasundardass/retui/retui/components/text.go:114.51,117.2 2 0
github.com/subhasundardass/retui/retui/components/text.go:119.51,122.2 2 0
github.com/subhasundardass/retui/retui/components/text.go:125.50,128.2 2 0
github.com/subhasundardass/retui/retui/components/text.go:129.51,132.2 2 0
github.com/subhasundardass/retui/retui/components/text.go:133.49,136.2 2 0
github.com/subhasundardass/retui/retui/components/text.go:138.50,141.2 2 0
github.com/subhasundardass/retui/retui/components/text.go:145.68,148.2 2 0
github.com/subhasundardass/retui/retui/components/text.go:150.78,153.2 2 0
github.com/subhasundardass/retui/retui/components/text.go:155.59,158.2 2 0
github.com/subhasundardass/retui/retui/components/text.go:160.58,163.2 2 0
github.com/subhasundardass/retui/retui/components/text.go:165.68,168.2 2 0
github.com/subhasundardass/retui/retui/components/text.go:172.45,174.2 1 0
github.com/subhasundardass/retui/retui/components/text.go:178.67,180.19 1 0
github.com/subhasundardass/retui/retui/components/text.go:180.19,182.3 1 0
github.com/subhasundardass/retui/retui/components/text.go:185.2,193.22 3 0
github.com/subhasundardass/retui/retui/components/text.go:193.22,196.3 2 0
github.com/subhasundardass/retui/retui/components/text.go:197.2,197.13 1 0
github.com/subhasundardass/retui/retui/components/text.go:197.13,200.3 2 0
github.com/subhasundardass/retui/retui/components/text.go:203.2,203.77 1 0
github.com/subhasundardass/retui/retui/components/text.go:203.77,205.3 1 0
github.com/subhasundardass/retui/retui/components/text.go:207.2,207.77 1 0
github.com/subhasundardass/retui/retui/components/text.go:207.77,209.3 1 0
github.com/subhasundardass/retui/retui/components/text.go:212.2,212.33 1 0
github.com/subhasundardass/retui/retui/components/text.go:212.33,215.50 2 0
github.com/subhasundardass/retui/retui/components/text.go:215.50,216.41 1 0
github.com/subhasundardass/retui/retui/components/text.go:216.41,217.16 1 0
github.com/subhasundardass/retui/retui/components/text.go:221.3,221.19 1 0
github.com/subhasundardass/retui/retui/components/text.go:222.22,223.15 1 0
github.com/subhasundardass/retui/retui/components/text.go:223.15,225.5 1 0
github.com/subhasundardass/retui/retui/components/text.go:227.23,228.24 1 0
github.com/subhasundardass/retui/retui/components/text.go:228.24,230.5 1 0
github.com/subhasundardass/retui/retui/components/text.go:232.23,233.62 1 0
github.com/subhasundardass/retui/retui/components/text.go:233.62,237.50 4 0
github.com/subhasundardass/retui/retui/components/text.go:237.50,239.6 1 0
github.com/subhasundardass/retui/retui/components/text.go:240.5,240.20 1 0
github.com/subhasundardass/retui/retui/components/text.go:243.27,244.33 1 0
github.com/subhasundardass/retui/retui/components/text.go:244.33,248.50 4 0
github.com/subhasundardass/retui/retui/components/text.go:248.50,250.6 1 0
github.com/subhasundardass/retui/retui/components/text.go:251.5,251.20 1 0
github.com/subhasundardass/retui/retui/components/text.go:254.22,255.13 1 0
github.com/subhasundardass/retui/retui/components/text.go:257.21,258.22 1 0
github.com/subhasundardass/retui/retui/components/text.go:260.24,261.24 1 0
github.com/subhasundardass/retui/retui/components/text.go:261.24,265.50 4 0
github.com/subhasundardass/retui/retui/components/text.go:265.50,267.6 1 0
github.com/subhasundardass/retui/retui/components/text.go:270.23,271.61 1 0
github.com/subhasundardass/retui/retui/components/text.go:271.61,274.5 1 0
github.com/subhasundardass/retui/retui/components/text.go:275.4,275.49 1 0
github.com/subhasundardass/retui/retui/components/text.go:275.49,277.5 1 0
github.com/subhasundardass/retui/retui/components/text.go:279.11,281.58 1 0
github.com/subhasundardass/retui/retui/components/text.go:281.58,282.63 1 0
github.com/subhasundardass/retui/retui/components/text.go:282.63,286.51 4 0
github.com/subhasundardass/retui/retui/components/text.go:286.51,288.7 1 0
github.com/subhasundardass/retui/retui/components/text.go:289.6,289.21 1 0
github.com/subhasundardass/retui/retui/components/text.go:297.2,298.22 2 0
github.com/subhasundardass/retui/retui/components/text.go:298.22,300.3 1 0
github.com/subhasundardass/retui/retui/components/text.go:303.2,307.59 3 0
github.com/subhasundardass/retui/retui/components/text.go:307.59,309.3 1 0
github.com/subhasundardass/retui/retui/components/text.go:312.2,313.13 2 0
github.com/subhasundardass/retui/retui/components/text.go:313.13,318.3 1 0
github.com/subhasundardass/retui/retui/components/text.go:318.8,321.3 1 0
github.com/subhasundardass/retui/retui/components/text.go:324.2,325.13 2 0
github.com/subhasundardass/retui/retui/components/text.go:325.13,326.14 1 0
github.com/subhasundardass/retui/retui/components/text.go:326.14,328.4 1 0
github.com/subhasundardass/retui/retui/components/text.go:328.9,330.4 1 0
github.com/subhasundardass/retui/retui/components/text.go:333.2,334.13 2 0
github.com/subhasundardass/retui/retui/components/text.go:334.13,338.3 1 0
github.com/subhasundardass/retui/retui/components/text.go:338.8,341.3 1 0
github.com/subhasundardass/retui/retui/components/text.go:344.2,345.13 2 0
github.com/subhasundardass/retui/retui/components/text.go:345.13,347.30 2 0
github.com/subhasundardass/retui/retui/components/text.go:347.30,349.4 1 0
github.com/subhasundardass/retui/retui/components/text.go:349.9,351.4 1 0
github.com/subhasundardass/retui/retui/components/text.go:355.2,357.31 3 0
github.com/subhasundardass/retui/retui/components/text.go:357.31,360.3 2 0
github.com/subhasundardass/retui/retui/components/text.go:363.2,365.25 2 0
github.com/subhasundardass/retui/retui/components/text.go:365.25,367.3 1 0
github.com/subhasundardass/retui/retui/components/text.go:370.2,371.26 2 0
github.com/subhasundardass/retui/retui/components/text.go:371.26,373.3 1 0
github.com/subhasundardass/retui/retui/components/text.go:375.2,377.25 2 0
github.com/subhasundardass/retui/retui/components/text.go:377.25,379.3 1 0
github.com/subhasundardass/retui/retui/components/text.go:382.2,388.3 1 0
github.com/subhasundardass/retui/retui/components/text.go:393.65,399.2 1 0
github.com/subhasundardass/retui/retui/components/textarea.go:38.32,62.2 1 0
github.com/subhasundardass/retui/retui/components/textarea.go:64.53,67.2 2 0
github.com/subhasundardass/retui/retui/components/textarea.go:69.56,72.2 2 0
github.com/subhasundardass/retui/retui/components/textarea.go:74.62,77.2 2 0
github.com/subhasundardass/retui/retui/components/textarea.go:79.53,82.2 2 0
github.com/subhasundardass/retui/retui/components/textarea.go:84.54,87.2 2 0
github.com/subhasundardass/retui/retui/components/textarea.go:89.57,92.2 2 0
github.com/subhasundardass/retui/retui/components/textarea.go:94.57,97.2 2 0
github.com/subhasundardass/retui/retui/components/textarea.go:99.61,102.2 2 0
github.com/subhasundardass/retui/retui/components/textarea.go:104.57,107.2 2 0
github.com/subhasundardass/retui/retui/components/textarea.go:109.57,112.2 2 0
github.com/subhasundardass/retui/retui/components/textarea.go:115.56,118.2 2 0
github.com/subhasundardass/retui/retui/components/textarea.go:119.57,122.2 2 0
github.com/subhasundardass/retui/retui/components/textarea.go:123.55,126.2 2 0
github.com/subhasundardass/retui/retui/components/textarea.go:130.56,133.2 2 0
github.com/subhasundardass/retui/retui/components/textarea.go:135.74,138.2 2 0
github.com/subhasundardass/retui/retui/components/textarea.go:140.84,143.2 2 0
github.com/subhasundardass/retui/retui/components/textarea.go:145.65,148.2 2 0
github.com/subhasundardass/retui/retui/components/textarea.go:150.64,153.2 2 0
github.com/subhasundardass/retui/retui/components/textarea.go:155.74,158.2 2 0
github.com/subhasundardass/retui/retui/components/textarea.go:162.48,164.2 1 0
github.com/subhasundardass/retui/retui/components/textarea.go:168.73,171.19 1 0
github.com/subhasundardass/retui/retui/components/textarea.go:171.19,173.3 1 0
github.com/subhasundardass/retui/retui/components/textarea.go:175.2,182.22 3 0
github.com/subhasundardass/retui/retui/components/textarea.go:182.22,185.3 2 0
github.com/subhasundardass/retui/retui/components/textarea.go:186.2,186.13 1 0
github.com/subhasundardass/retui/retui/components/textarea.go:186.13,189.3 2 0
github.com/subhasundardass/retui/retui/components/textarea.go:191.2,191.77 1 0
github.com/subhasundardass/retui/retui/components/textarea.go:191.77,193.3 1 0
github.com/subhasundardass/retui/retui/components/textarea.go:195.2,195.77 1 0
github.com/subhasundardass/retui/retui/components/textarea.go:195.77,197.3 1 0
github.com/subhasundardass/retui/retui/components/textarea.go:199.2,199.33 1 0
github.com/subhasundardass/retui/retui/components/textarea.go:199.33,202.50 2 0
github.com/subhasundardass/retui/retui/components/textarea.go:202.50,203.41 1 0
github.com/subhasundardass/retui/retui/components/textarea.go:203.41,204.16 1 0
github.com/subhasundardass/retui/retui/components/textarea.go:208.3,208.19 1 0
github.com/subhasundardass/retui/retui/components/textarea.go:209.22,210.15 1 0
github.com/subhasundardass/retui/retui/components/textarea.go:210.15,212.5 1 0
github.com/subhasundardass/retui/retui/components/textarea.go:214.23,215.24 1 0
github.com/subhasundardass/retui/retui/components/textarea.go:215.24,217.5 1 0
github.com/subhasundardass/retui/retui/components/textarea.go:219.20,220.59 1 0
github.com/subhasundardass/retui/retui/components/textarea.go:220.59,222.5 1 0
github.com/subhasundardass/retui/retui/components/textarea.go:224.22,225.58 1 0
github.com/subhasundardass/retui/retui/components/textarea.go:225.58,227.5 1 0
github.com/subhasundardass/retui/retui/components/textarea.go:229.23,230.62 1 0
github.com/subhasundardass/retui/retui/components/textarea.go:230.62,234.50 4 0
github.com/subhasundardass/retui/retui/components/textarea.go:234.50,236.6 1 0
github.com/subhasundardass/retui/retui/components/textarea.go:237.5,237.20 1 0
github.com/subhasundardass/retui/retui/components/textarea.go:240.27,241.33 1 0
github.com/subhasundardass/retui/retui/components/textarea.go:241.33,245.50 4 0
github.com/subhasundardass/retui/retui/components/textarea.go:245.50,247.6 1 0
github.com/subhasundardass/retui/retui/components/textarea.go:248.5,248.20 1 0
github.com/subhasundardass/retui/retui/components/textarea.go:251.22,252.33 1 0
github.com/subhasundardass/retui/retui/components/textarea.go:254.21,255.31 1 0
github.com/subhasundardass/retui/retui/components/textarea.go:257.24,258.24 1 0
github.com/subhasundardass/retui/retui/components/textarea.go:258.24,262.50 4 0
github.com/subhasundardass/retui/retui/components/textarea.go:262.50,264.6 1 0
github.com/subhasundardass/retui/retui/components/textarea.go:267.23,268.61 1 0
github.com/subhasundardass/retui/retui/components/textarea.go:268.61,270.5 1 0
github.com/subhasundardass/retui/retui/components/textarea.go:271.4,274.49 4 0
github.com/subhasundardass/retui/retui/components/textarea.go:274.49,276.5 1 0
github.com/subhasundardass/retui/retui/components/textarea.go:277.4,278.49 2 0
github.com/subhasundardass/retui/retui/components/textarea.go:278.49,280.5 1 0
github.com/subhasundardass/retui/retui/components/textarea.go:282.11,283.58 1 0
github.com/subhasundardass/retui/retui/components/textarea.go:283.58,284.63 1 0
github.com/subhasundardass/retui/retui/components/textarea.go:284.63,288.51 4 0
github.com/subhasundardass/retui/retui/components/textarea.go:288.51,290.7 1 0
github.com/subhasundardass/retui/retui/components/textarea.go:291.6,291.21 1 0
github.com/subhasundardass/retui/retui/components/textarea.go:298.2,299.22 2 0
github.com/subhasundardass/retui/retui/components/textarea.go:299.22,301.3 1 0
github.com/subhasundardass/retui/retui/components/textarea.go:303.2,306.59 3 0
github.com/subhasundardass/retui/retui/components/textarea.go:306.59,308.3 1 0
github.com/subhasundardass/retui/retui/components/textarea.go:311.2,312.13 2 0
github.com/subhasundardass/retui/retui/components/textarea.go:312.13,317.3 1 0
github.com/subhasundardass/retui/retui/components/textarea.go:317.8,320.3 1 0
github.com/subhasundardass/retui/retui/components/textarea.go:322.2,323.13 2 0
github.com/subhasundardass/retui/retui/components/textarea.go:323.13,325.15 2 0
github.com/subhasundardass/retui/retui/components/textarea.go:325.15,327.4 1 0
github.com/subhasundardass/retui/retui/components/textarea.go:328.3,328.65 1 0
github.com/subhasundardass/retui/retui/components/textarea.go:329.8,331.3 1 0
github.com/subhasundardass/retui/retui/components/textarea.go:334.2,335.33 2 0
github.com/subhasundardass/retui/retui/components/textarea.go:335.33,337.3 1 0
github.com/subhasundardass/retui/retui/components/textarea.go:339.2,340.13 2 0
github.com/subhasundardass/retui/retui/components/textarea.go:340.13,342.3 1 0
github.com/subhasundardass/retui/retui/components/textarea.go:344.2,345.26 2 0
github.com/subhasundardass/retui/retui/components/textarea.go:345.26,347.3 1 0
github.com/subhasundardass/retui/retui/components/textarea.go:349.2,350.42 2 0
github.com/subhasundardass/retui/retui/components/textarea.go:350.42,353.39 2 0
github.com/subhasundardass/retui/retui/components/textarea.go:353.39,355.27 2 0
github.com/subhasundardass/retui/retui/components/textarea.go:355.27,357.5 1 0
github.com/subhasundardass/retui/retui/components/textarea.go:357.10,359.5 1 0
github.com/subhasundardass/retui/retui/components/textarea.go:364.3,365.29 2 0
github.com/subhasundardass/retui/retui/components/textarea.go:365.29,367.4 1 0
github.com/subhasundardass/retui/retui/components/textarea.go:369.3,369.84 1 0
github.com/subhasundardass/retui/retui/components/textarea.go:372.2,374.25 2 0
github.com/subhasundardass/retui/retui/components/textarea.go:374.25,376.3 1 0
github.com/subhasundardass/retui/retui/components/textarea.go:378.2,388.25 2 0
github.com/subhasundardass/retui/retui/components/textarea.go:388.25,390.3 1 0
github.com/subhasundardass/retui/retui/components/textarea.go:392.2,398.3 1 0
github.com/subhasundardass/retui/retui/components/textarea.go:403.76,409.2 1 0
github.com/subhasundardass/retui/retui/components/textarea.go:412.43,413.32 1 0
github.com/subhasundardass/retui/retui/components/textarea.go:413.32,414.23 1 0
github.com/subhasundardass/retui/retui/components/textarea.go:414.23,416.4 1 0
github.com/subhasundardass/retui/retui/components/textarea.go:418.2,418.10 1 0
github.com/subhasundardass/retui/retui/components/textarea.go:422.41,423.36 1 0
github.com/subhasundardass/retui/retui/components/textarea.go:423.36,424.23 1 0
github.com/subhasundardass/retui/retui/components/textarea.go:424.23,426.4 1 0
github.com/subhasundardass/retui/retui/components/textarea.go:428.2,428.19 1 0
github.com/subhasundardass/retui/retui/components/textarea.go:433.68,437.13 3 0
github.com/subhasundardass/retui/retui/components/textarea.go:437.13,438.17 1 0
github.com/subhasundardass/retui/retui/components/textarea.go:438.17,440.4 1 0
github.com/subhasundardass/retui/retui/components/textarea.go:441.3,444.20 4 0
github.com/subhasundardass/retui/retui/components/textarea.go:444.20,446.4 1 0
github.com/subhasundardass/retui/retui/components/textarea.go:447.3,447.31 1 0
github.com/subhasundardass/retui/retui/components/textarea.go:450.2,451.23 2 0
github.com/subhasundardass/retui/retui/components/textarea.go:451.23,453.3 1 0
github.com/subhasundardass/retui/retui/components/textarea.go:454.2,457.19 4 0
github.com/subhasundardass/retui/retui/components/textarea.go:457.19,459.3 1 0
github.com/subhasundardass/retui/retui/components/textarea.go:460.2,460.30 1 0
github.com/subhasundardass/retui/retui/components/textarea.go:466.63,468.23 2 0
github.com/subhasundardass/retui/retui/components/textarea.go:468.23,470.3 1 0
github.com/subhasundardass/retui/retui/components/textarea.go:471.2,472.48 2 0
github.com/subhasundardass/retui/retui/components/textarea.go:475.24,476.11 1 0
github.com/subhasundardass/retui/retui/components/textarea.go:476.11,478.3 1 0
github.com/subhasundardass/retui/retui/components/textarea.go:479.2,479.10 1 0
github.com/subhasundardass/retui/retui/components/textarea.go:483.55,484.19 1 0
github.com/subhasundardass/retui/retui/components/textarea.go:484.19,486.3 1 0
github.com/subhasundardass/retui/retui/components/textarea.go:488.2,491.34 3 0
github.com/subhasundardass/retui/retui/components/textarea.go:491.34,492.17 1 0
github.com/subhasundardass/retui/retui/components/textarea.go:492.17,494.12 2 0
github.com/subhasundardass/retui/retui/components/textarea.go:497.3,498.22 2 0
github.com/subhasundardass/retui/retui/components/textarea.go:498.22,500.12 2 0
github.com/subhasundardass/retui/retui/components/textarea.go:503.3,506.30 3 0
github.com/subhasundardass/retui/retui/components/textarea.go:506.30,508.22 2 0
github.com/subhasundardass/retui/retui/components/textarea.go:508.22,511.5 2 0
github.com/subhasundardass/retui/retui/components/textarea.go:511.10,511.48 1 0
github.com/subhasundardass/retui/retui/components/textarea.go:511.48,515.5 3 0
github.com/subhasundardass/retui/retui/components/textarea.go:515.10,520.5 4 0
github.com/subhasundardass/retui/retui/components/textarea.go:523.3,523.21 1 0
github.com/subhasundardass/retui/retui/components/textarea.go:523.21,525.4 1 0
github.com/subhasundardass/retui/retui/components/textarea.go:528.2,528.17 1 0
github.com/subhasundardass/retui/retui/components/toast.go:41.45,43.2 1 0
github.com/subhasundardass/retui/retui/components/toast.go:46.32,47.16 1 0
github.com/subhasundardass/retui/retui/components/toast.go:48.20,49.19 1 0
github.com/subhasundardass/retui/retui/components/toast.go:50.20,51.19 1 0
github.com/subhasundardass/retui/retui/components/toast.go:52.18,53.17 1 0
github.com/subhasundardass/retui/retui/components/toast.go:54.10,55.16 1 0
github.com/subhasundardass/retui/retui/components/toast.go:60.37,63.16 2 0
github.com/subhasundardass/retui/retui/components/toast.go:64.20,65.40 1 0
github.com/subhasundardass/retui/retui/components/toast.go:66.20,67.65 1 0
github.com/subhasundardass/retui/retui/components/toast.go:68.18,69.38 1 0
github.com/subhasundardass/retui/retui/components/toast.go:70.10,71.39 1 0
github.com/subhasundardass/retui/retui/components/toast.go:73.2,73.14 1 0
github.com/subhasundardass/retui/retui/components/toast.go:77.29,80.26 3 0
github.com/subhasundardass/retui/retui/components/toast.go:80.26,82.3 1 0
github.com/subhasundardass/retui/retui/components/toast.go:83.2,83.14 1 0
github.com/subhasundardass/retui/retui/components/toast.go:87.30,89.2 1 0
github.com/subhasundardass/retui/retui/components/toast.go:97.48,97.73 1 0
github.com/subhasundardass/retui/retui/components/toast.go:97.73,97.88 1 0
github.com/subhasundardass/retui/retui/components/toast.go:98.48,98.73 1 0
github.com/subhasundardass/retui/retui/components/toast.go:98.73,98.92 1 0
github.com/subhasundardass/retui/retui/components/toast.go:99.48,99.73 1 0
github.com/subhasundardass/retui/retui/components/toast.go:99.73,99.92 1 0
github.com/subhasundardass/retui/retui/components/toast.go:108.57,109.31 1 0
github.com/subhasundardass/retui/retui/components/toast.go:109.31,109.58 1 0
github.com/subhasundardass/retui/retui/components/toast.go:114.57,115.31 1 0
github.com/subhasundardass/retui/retui/components/toast.go:115.31,115.58 1 0
github.com/subhasundardass/retui/retui/components/toast.go:130.38,138.2 1 0
github.com/subhasundardass/retui/retui/components/toast.go:143.57,146.27 3 0
github.com/subhasundardass/retui/retui/components/toast.go:146.27,148.3 1 0
github.com/subhasundardass/retui/retui/components/toast.go:155.44,159.2 3 0
github.com/subhasundardass/retui/retui/components/toast.go:161.68,166.27 5 0
github.com/subhasundardass/retui/retui/components/toast.go:166.27,168.3 1 0
github.com/subhasundardass/retui/retui/components/toast.go:169.2,178.20 7 0
github.com/subhasundardass/retui/retui/components/toast.go:178.20,180.3 1 0
github.com/subhasundardass/retui/retui/components/toast.go:181.2,181.17 1 0
github.com/subhasundardass/retui/retui/components/toast.go:184.42,187.29 3 0
github.com/subhasundardass/retui/retui/components/toast.go:187.29,188.17 1 0
github.com/subhasundardass/retui/retui/components/toast.go:188.17,190.4 1 0
github.com/subhasundardass/retui/retui/components/toast.go:192.2,194.12 3 0
github.com/subhasundardass/retui/retui/components/toast.go:197.32,202.2 4 0
github.com/subhasundardass/retui/retui/components/toast.go:204.42,211.2 6 0
github.com/subhasundardass/retui/retui/components/toast.go:213.40,218.2 4 0
github.com/subhasundardass/retui/retui/components/toast.go:220.41,224.13 4 0
github.com/subhasundardass/retui/retui/components/toast.go:224.13,226.3 1 0
github.com/subhasundardass/retui/retui/components/toast.go:230.43,234.29 4 0
github.com/subhasundardass/retui/retui/components/toast.go:234.29,235.21 1 0
github.com/subhasundardass/retui/retui/components/toast.go:235.21,237.12 2 0
github.com/subhasundardass/retui/retui/components/toast.go:239.3,239.23 1 0
github.com/subhasundardass/retui/retui/components/toast.go:241.2,242.16 2 0
github.com/subhasundardass/retui/retui/components/toast.go:245.33,249.15 4 0
github.com/subhasundardass/retui/retui/components/toast.go:249.15,251.3 1 0
github.com/subhasundardass/retui/retui/components/toast.go:271.45,273.2 1 0
github.com/subhasundardass/retui/retui/components/toast.go:275.55,277.2 1 0
github.com/subhasundardass/retui/retui/components/toast.go:278.57,280.2 1 0
github.com/subhasundardass/retui/retui/components/toast.go:281.57,283.2 1 0
github.com/subhasundardass/retui/retui/components/toast.go:284.55,286.2 1 0
github.com/subhasundardass/retui/retui/components/toast.go:287.29,287.58 1 0
github.com/subhasundardass/retui/retui/components/toast.go:288.29,288.54 1 0
github.com/subhasundardass/retui/retui/components/toast.go:299.52,300.16 1 0
github.com/subhasundardass/retui/retui/components/toast.go:300.16,302.3 1 0
github.com/subhasundardass/retui/retui/components/toast.go:304.2,305.22 2 0
github.com/subhasundardass/retui/retui/components/toast.go:305.22,307.3 1 0
github.com/subhasundardass/retui/retui/components/toast.go:309.2,313.27 4 0
github.com/subhasundardass/retui/retui/components/toast.go:313.27,315.3 1 0
github.com/subhasundardass/retui/retui/components/toast.go:317.2,318.31 2 0
github.com/subhasundardass/retui/retui/components/toast.go:318.31,320.26 2 0
github.com/subhasundardass/retui/retui/components/toast.go:320.26,324.4 3 0
github.com/subhasundardass/retui/retui/components/toast.go:326.2,326.17 1 0
github.com/subhasundardass/retui/retui/components/toast.go:329.83,330.13 1 0
github.com/subhasundardass/retui/retui/components/toast.go:331.24,332.51 1 0
github.com/subhasundardass/retui/retui/components/toast.go:333.23,334.37 1 0
github.com/subhasundardass/retui/retui/components/toast.go:335.21,336.37 1 0
github.com/subhasundardass/retui/retui/components/toast.go:337.10,338.23 1 0
github.com/subhasundardass/retui/retui/components/toast.go:344.43,355.2 1 0
github.com/subhasundardass/retui/retui/components/tree.go:26.17,34.23 4 0
github.com/subhasundardass/retui/retui/components/tree.go:34.23,36.3 1 0
github.com/subhasundardass/retui/retui/components/tree.go:38.2,38.32 1 0
github.com/subhasundardass/retui/retui/components/tree.go:38.32,41.3 2 0
github.com/subhasundardass/retui/retui/components/tree.go:43.2,46.13 2 0
github.com/subhasundardass/retui/retui/components/tree.go:46.13,47.32 1 0
github.com/subhasundardass/retui/retui/components/tree.go:48.20,49.22 1 0
github.com/subhasundardass/retui/retui/components/tree.go:49.22,51.5 1 0
github.com/subhasundardass/retui/retui/components/tree.go:52.22,53.35 1 0
github.com/subhasundardass/retui/retui/components/tree.go:53.35,55.5 1 0
github.com/subhasundardass/retui/retui/components/tree.go:56.23,57.19 1 0
github.com/subhasundardass/retui/retui/components/tree.go:57.19,58.24 1 0
github.com/subhasundardass/retui/retui/components/tree.go:58.24,60.6 1 0
github.com/subhasundardass/retui/retui/components/tree.go:61.10,63.32 2 0
github.com/subhasundardass/retui/retui/components/tree.go:63.32,65.6 1 0
github.com/subhasundardass/retui/retui/components/tree.go:66.5,69.24 3 0
github.com/subhasundardass/retui/retui/components/tree.go:69.24,71.6 1 0
github.com/subhasundardass/retui/retui/components/tree.go:77.2,79.31 2 0
github.com/subhasundardass/retui/retui/components/tree.go:79.31,84.21 3 0
github.com/subhasundardass/retui/retui/components/tree.go:84.21,85.38 1 0
github.com/subhasundardass/retui/retui/components/tree.go:85.38,87.5 1 0
github.com/subhasundardass/retui/retui/components/tree.go:88.4,88.19 1 0
github.com/subhasundardass/retui/retui/components/tree.go:88.19,90.5 1 0
github.com/subhasundardass/retui/retui/components/tree.go:90.10,92.5 1 0
github.com/subhasundardass/retui/retui/components/tree.go:96.3,99.19 2 0
github.com/subhasundardass/retui/retui/components/tree.go:99.19,102.4 2 0
github.com/subhasundardass/retui/retui/components/tree.go:105.3,106.16 2 0
github.com/subhasundardass/retui/retui/components/tree.go:106.16,108.4 1 0
github.com/subhasundardass/retui/retui/components/tree.go:110.3,117.5 2 0
github.com/subhasundardass/retui/retui/components/tree.go:120.2,124.3 1 0
github.com/subhasundardass/retui/retui/components/tree.go:128.76,132.2 3 0
github.com/subhasundardass/retui/retui/components/tree.go:134.90,135.26 1 0
github.com/subhasundardass/retui/retui/components/tree.go:135.26,137.15 2 0
github.com/subhasundardass/retui/retui/components/tree.go:137.15,139.4 1 0
github.com/subhasundardass/retui/retui/components/tree.go:141.3,149.42 2 0
github.com/subhasundardass/retui/retui/components/tree.go:149.42,151.4 1 0
github.com/subhasundardass/retui/retui/window/manager.go:28.40,36.2 1 0
github.com/subhasundardass/retui/retui/window/manager.go:38.13,39.39 1 0
github.com/subhasundardass/retui/retui/window/manager.go:39.39,41.3 1 0
github.com/subhasundardass/retui/retui/window/manager.go:42.2,42.64 1 0
github.com/subhasundardass/retui/retui/window/manager.go:42.64,44.3 1 0
github.com/subhasundardass/retui/retui/window/manager.go:45.2,45.53 1 0
github.com/subhasundardass/retui/retui/window/manager.go:45.53,47.65 1 0
github.com/subhasundardass/retui/retui/window/manager.go:47.65,48.82 1 0
github.com/subhasundardass/retui/retui/window/manager.go:48.82,49.83 1 0
github.com/subhasundardass/retui/retui/window/manager.go:49.83,51.6 1 0
github.com/subhasundardass/retui/retui/window/manager.go:52.5,52.16 1 0
github.com/subhasundardass/retui/retui/window/manager.go:54.4,55.15 2 0
github.com/subhasundardass/retui/retui/window/manager.go:59.3,59.68 1 0
github.com/subhasundardass/retui/retui/window/manager.go:59.68,65.32 2 0
github.com/subhasundardass/retui/retui/window/manager.go:65.32,67.5 1 0
github.com/subhasundardass/retui/retui/window/manager.go:69.4,70.22 2 0
github.com/subhasundardass/retui/retui/window/manager.go:70.22,71.61 1 0
github.com/subhasundardass/retui/retui/window/manager.go:71.61,74.28 1 0
github.com/subhasundardass/retui/retui/window/manager.go:74.28,76.7 1 0
github.com/subhasundardass/retui/retui/window/manager.go:79.6,80.17 2 0
github.com/subhasundardass/retui/retui/window/manager.go:84.4,84.15 1 0
github.com/subhasundardass/retui/retui/window/manager.go:87.3,88.15 2 0
github.com/subhasundardass/retui/retui/window/manager.go:88.15,90.4 1 0
github.com/subhasundardass/retui/retui/window/manager.go:91.3,91.53 1 0
github.com/subhasundardass/retui/retui/window/manager.go:91.53,93.4 1 0
github.com/subhasundardass/retui/retui/window/manager.go:95.3,95.15 1 0
github.com/subhasundardass/retui/retui/window/manager.go:103.59,108.2 4 0
github.com/subhasundardass/retui/retui/window/manager.go:116.53,121.22 4 0
github.com/subhasundardass/retui/retui/window/manager.go:121.22,123.3 1 0
github.com/subhasundardass/retui/retui/window/manager.go:125.2,125.67 1 0
github.com/subhasundardass/retui/retui/window/manager.go:125.67,127.3 1 0
github.com/subhasundardass/retui/retui/window/manager.go:129.2,129.48 1 0
github.com/subhasundardass/retui/retui/window/manager.go:135.59,139.2 3 0
github.com/subhasundardass/retui/retui/window/manager.go:143.42,146.29 3 0
github.com/subhasundardass/retui/retui/window/manager.go:146.29,148.3 1 0
github.com/subhasundardass/retui/retui/window/manager.go:157.47,161.43 3 0
github.com/subhasundardass/retui/retui/window/manager.go:161.43,163.3 1 0
github.com/subhasundardass/retui/retui/window/manager.go:164.2,167.17 3 0
github.com/subhasundardass/retui/retui/window/manager.go:167.17,171.3 3 0
github.com/subhasundardass/retui/retui/window/manager.go:171.8,173.30 2 0
github.com/subhasundardass/retui/retui/window/manager.go:173.30,175.4 1 0
github.com/subhasundardass/retui/retui/window/manager.go:177.2,177.23 1 0
github.com/subhasundardass/retui/retui/window/manager.go:182.50,186.42 3 0
github.com/subhasundardass/retui/retui/window/manager.go:186.42,188.3 1 0
github.com/subhasundardass/retui/retui/window/manager.go:189.2,192.31 2 0
github.com/subhasundardass/retui/retui/window/manager.go:192.31,193.16 1 0
github.com/subhasundardass/retui/retui/window/manager.go:193.16,195.9 2 0
github.com/subhasundardass/retui/retui/window/manager.go:200.2,200.36 1 0
github.com/subhasundardass/retui/retui/window/manager.go:200.36,201.16 1 0
github.com/subhasundardass/retui/retui/window/manager.go:201.16,203.9 2 0
github.com/subhasundardass/retui/retui/window/manager.go:208.2,208.22 1 0
github.com/subhasundardass/retui/retui/window/manager.go:208.22,209.53 1 0
github.com/subhasundardass/retui/retui/window/manager.go:209.53,211.4 1 0
github.com/subhasundardass/retui/retui/window/manager.go:211.9,211.31 1 0
github.com/subhasundardass/retui/retui/window/manager.go:211.31,214.4 2 0
github.com/subhasundardass/retui/retui/window/manager.go:214.9,216.4 1 0
github.com/subhasundardass/retui/retui/window/manager.go:218.2,218.23 1 0
github.com/subhasundardass/retui/retui/window/manager.go:222.55,226.2 3 0
github.com/subhasundardass/retui/retui/window/manager.go:234.50,239.68 3 0
github.com/subhasundardass/retui/retui/window/manager.go:239.68,241.3 1 0
github.com/subhasundardass/retui/retui/window/manager.go:244.2,245.31 2 0
github.com/subhasundardass/retui/retui/window/manager.go:245.31,246.16 1 0
github.com/subhasundardass/retui/retui/window/manager.go:246.16,248.9 2 0
github.com/subhasundardass/retui/retui/window/manager.go:251.2,251.15 1 0
github.com/subhasundardass/retui/retui/window/manager.go:251.15,253.3 1 0
github.com/subhasundardass/retui/retui/window/manager.go:254.2,258.48 3 0
github.com/subhasundardass/retui/retui/window/manager.go:258.48,260.3 1 0
github.com/subhasundardass/retui/retui/window/manager.go:262.2,263.23 2 0
github.com/subhasundardass/retui/retui/window/manager.go:268.47,274.2 5 0
github.com/subhasundardass/retui/retui/window/manager.go:281.46,284.52 3 0
github.com/subhasundardass/retui/retui/window/manager.go:284.52,286.3 1 0
github.com/subhasundardass/retui/retui/window/manager.go:287.2,287.19 1 0
github.com/subhasundardass/retui/retui/window/manager.go:291.46,295.68 3 0
github.com/subhasundardass/retui/retui/window/manager.go:295.68,297.3 1 0
github.com/subhasundardass/retui/retui/window/manager.go:298.2,298.42 1 0
github.com/subhasundardass/retui/retui/window/manager.go:298.42,300.3 1 0
github.com/subhasundardass/retui/retui/window/manager.go:301.2,302.23 2 0
github.com/subhasundardass/retui/retui/window/manager.go:306.52,309.52 3 0
github.com/subhasundardass/retui/retui/window/manager.go:309.52,311.3 1 0
github.com/subhasundardass/retui/retui/window/manager.go:312.2,312.25 1 0
github.com/subhasundardass/retui/retui/window/manager.go:317.38,320.52 3 0
github.com/subhasundardass/retui/retui/window/manager.go:320.52,321.29 1 0
github.com/subhasundardass/retui/retui/window/manager.go:321.29,323.38 2 0
github.com/subhasundardass/retui/retui/window/manager.go:323.38,324.22 1 0
github.com/subhasundardass/retui/retui/window/manager.go:324.22,326.11 2 0
github.com/subhasundardass/retui/retui/window/manager.go:329.4,329.16 1 0
github.com/subhasundardass/retui/retui/window/manager.go:329.16,333.5 3 0
github.com/subhasundardass/retui/retui/window/manager.go:335.3,335.9 1 0
github.com/subhasundardass/retui/retui/window/manager.go:338.2,338.24 1 0
github.com/subhasundardass/retui/retui/window/manager.go:338.24,340.3 1 0
github.com/subhasundardass/retui/retui/window/manager.go:341.2,342.30 2 0
github.com/subhasundardass/retui/retui/window/manager.go:342.30,343.23 1 0
github.com/subhasundardass/retui/retui/window/manager.go:343.23,345.9 2 0
github.com/subhasundardass/retui/retui/window/manager.go:348.2,349.30 2 0
github.com/subhasundardass/retui/retui/window/manager.go:349.30,351.3 1 0
github.com/subhasundardass/retui/retui/window/manager.go:352.2,353.23 2 0
github.com/subhasundardass/retui/retui/window/manager.go:360.39,364.2 2 0
github.com/subhasundardass/retui/retui/window/manager.go:367.33,369.2 1 0
github.com/subhasundardass/retui/retui/window/manager.go:372.45,376.31 4 0
github.com/subhasundardass/retui/retui/window/manager.go:376.31,378.3 1 0
github.com/subhasundardass/retui/retui/window/manager.go:379.2,379.16 1 0
github.com/subhasundardass/retui/retui/window/manager.go:383.49,387.30 4 0
github.com/subhasundardass/retui/retui/window/manager.go:387.30,388.51 1 0
github.com/subhasundardass/retui/retui/window/manager.go:388.51,390.4 1 0
github.com/subhasundardass/retui/retui/window/manager.go:392.2,392.16 1 0
github.com/subhasundardass/retui/retui/window/manager.go:396.38,400.2 3 0
github.com/subhasundardass/retui/retui/window/manager.go:403.45,408.31 4 0
github.com/subhasundardass/retui/retui/window/manager.go:408.31,409.16 1 0
github.com/subhasundardass/retui/retui/window/manager.go:409.16,411.4 1 0
github.com/subhasundardass/retui/retui/window/manager.go:413.2,413.14 1 0
github.com/subhasundardass/retui/retui/window/manager.go:417.48,420.31 3 0
github.com/subhasundardass/retui/retui/window/manager.go:420.31,421.35 1 0
github.com/subhasundardass/retui/retui/window/manager.go:421.35,423.4 1 0
github.com/subhasundardass/retui/retui/window/manager.go:425.2,425.14 1 0
github.com/subhasundardass/retui/retui/window/manager.go:429.55,432.42 3 0
github.com/subhasundardass/retui/retui/window/manager.go:432.42,433.75 1 0
github.com/subhasundardass/retui/retui/window/manager.go:433.75,435.4 1 0
github.com/subhasundardass/retui/retui/window/manager.go:437.2,437.12 1 0
github.com/subhasundardass/retui/retui/window/manager.go:441.52,446.2 4 0
github.com/subhasundardass/retui/retui/window/manager.go:449.58,453.18 4 0
github.com/subhasundardass/retui/retui/window/manager.go:453.18,455.3 1 0
github.com/subhasundardass/retui/retui/window/manager.go:456.2,456.21 1 0
github.com/subhasundardass/retui/retui/window/manager.go:460.50,464.2 3 0
github.com/subhasundardass/retui/retui/window/manager.go:471.53,472.29 1 0
github.com/subhasundardass/retui/retui/window/manager.go:472.29,474.3 1 0
github.com/subhasundardass/retui/retui/window/manager.go:475.2,475.44 1 0
github.com/subhasundardass/retui/retui/window/manager.go:479.56,480.31 1 0
github.com/subhasundardass/retui/retui/window/manager.go:480.31,481.16 1 0
github.com/subhasundardass/retui/retui/window/manager.go:481.16,483.9 2 0
github.com/subhasundardass/retui/retui/window/manager.go:486.2,486.33 1 0
github.com/subhasundardass/retui/retui/window/manager.go:490.47,492.30 2 0
github.com/subhasundardass/retui/retui/window/manager.go:492.30,493.49 1 0
github.com/subhasundardass/retui/retui/window/manager.go:493.49,495.4 1 0
github.com/subhasundardass/retui/retui/window/manager.go:495.9,497.4 1 0
github.com/subhasundardass/retui/retui/window/manager.go:499.2,499.41 1 0
github.com/subhasundardass/retui/retui/window/manager.go:503.58,505.36 1 0
github.com/subhasundardass/retui/retui/window/manager.go:505.36,506.16 1 0
github.com/subhasundardass/retui/retui/window/manager.go:506.16,508.9 2 0
github.com/subhasundardass/retui/retui/window/manager.go:511.2,513.27 2 0
github.com/subhasundardass/retui/retui/window/manager.go:517.54,519.33 2 0
github.com/subhasundardass/retui/retui/window/manager.go:519.33,523.3 3 0
github.com/subhasundardass/retui/retui/window/manager.go:534.39,536.2 1 0
github.com/subhasundardass/retui/retui/window/manager.go:539.34,541.2 1 0
github.com/subhasundardass/retui/retui/window/manager.go:544.17,546.41 2 0
github.com/subhasundardass/retui/retui/window/manager.go:546.41,547.45 1 0
github.com/subhasundardass/retui/retui/window/manager.go:547.45,551.4 3 0
github.com/subhasundardass/retui/retui/window/manager.go:552.3,552.36 1 0
github.com/subhasundardass/retui/retui/window/manager.go:554.2,558.34 5 0
github.com/subhasundardass/retui/retui/window/manager.go:562.27,564.2 1 0
github.com/subhasundardass/retui/retui/window/manager.go:567.18,569.2 1 0
github.com/subhasundardass/retui/retui/window/manager.go:572.25,574.2 1 0
github.com/subhasundardass/retui/retui/window/manager.go:577.26,579.2 1 0
github.com/subhasundardass/retui/retui/window/manager.go:582.28,584.2 1 0
github.com/subhasundardass/retui/retui/window/manager.go:587.29,589.2 1 0
github.com/subhasundardass/retui/retui/window/manager.go:592.38,594.2 1 0
github.com/subhasundardass/retui/retui/window/manager.go:597.30,599.2 1 0
github.com/subhasundardass/retui/retui/window/renderer.go:12.44,14.2 1 0
github.com/subhasundardass/retui/retui/window/renderer.go:25.76,29.22 2 0
github.com/subhasundardass/retui/retui/window/renderer.go:29.22,31.3 1 0
github.com/subhasundardass/retui/retui/window/renderer.go:34.2,37.40 2 0
github.com/subhasundardass/retui/retui/window/renderer.go:37.40,39.33 2 0
github.com/subhasundardass/retui/retui/window/renderer.go:39.33,40.12 1 0
github.com/subhasundardass/retui/retui/window/renderer.go:42.3,42.61 1 0
github.com/subhasundardass/retui/retui/window/renderer.go:47.2,54.3 1 0
github.com/subhasundardass/retui/retui/window/renderer.go:59.75,65.2 2 0
github.com/subhasundardass/retui/retui/window/renderer.go:68.72,70.23 2 0
github.com/subhasundardass/retui/retui/window/renderer.go:70.23,72.3 1 0
github.com/subhasundardass/retui/retui/window/renderer.go:74.2,75.31 2 0
github.com/subhasundardass/retui/retui/window/renderer.go:75.31,77.3 1 0
github.com/subhasundardass/retui/retui/window/renderer.go:79.2,80.22 2 0
github.com/subhasundardass/retui/retui/window/renderer.go:80.22,82.3 1 0
github.com/subhasundardass/retui/retui/window/renderer.go:84.2,85.20 2 0
github.com/subhasundardass/retui/retui/window/renderer.go:85.20,87.3 1 0
github.com/subhasundardass/retui/retui/window/renderer.go:89.2,98.23 2 0
github.com/subhasundardass/retui/retui/window/renderer.go:98.23,104.3 1 0
github.com/subhasundardass/retui/retui/window/renderer.go:106.2,111.3 1 0
github.com/subhasundardass/retui/retui/window/renderer.go:115.67,119.35 3 0
github.com/subhasundardass/retui/retui/window/renderer.go:119.35,121.3 1 0
github.com/subhasundardass/retui/retui/window/renderer.go:124.2,142.3 1 0
github.com/subhasundardass/retui/retui/window/renderer.go:154.68,158.2 2 0
github.com/subhasundardass/retui/retui/window/window.go:16.46,19.2 2 0
github.com/subhasundardass/retui/retui/window/window.go:44.31,47.2 2 0
github.com/subhasundardass/retui/retui/window/window.go:51.32,54.2 2 0
github.com/subhasundardass/retui/retui/window/window.go:58.26,74.2 3 0
github.com/subhasundardass/retui/retui/window/window.go:81.49,86.2 4 0
github.com/subhasundardass/retui/retui/window/window.go:89.53,95.2 5 0
github.com/subhasundardass/retui/retui/window/window.go:98.48,104.2 5 0
github.com/subhasundardass/retui/retui/window/window.go:107.47,112.2 4 0
github.com/subhasundardass/retui/retui/window/window.go:114.63,119.2 4 0
github.com/subhasundardass/retui/retui/window/window.go:122.64,127.2 4 0
github.com/subhasundardass/retui/retui/window/window.go:130.60,135.2 4 0
github.com/subhasundardass/retui/retui/window/window.go:143.33,151.2 5 0
github.com/subhasundardass/retui/retui/window/window.go:155.33,163.2 5 0
github.com/subhasundardass/retui/retui/window/window.go:167.26,174.2 5 0
github.com/subhasundardass/retui/retui/window/window.go:178.42,184.14 5 0
github.com/subhasundardass/retui/retui/window/window.go:184.14,186.3 1 0
github.com/subhasundardass/retui/retui/window/window.go:186.8,188.3 1 0
github.com/subhasundardass/retui/retui/window/window.go:189.2,189.17 1 0
github.com/subhasundardass/retui/retui/window/window.go:194.66,199.2 4 0
github.com/subhasundardass/retui/retui/window/window.go:202.48,208.15 4 0
github.com/subhasundardass/retui/retui/window/window.go:208.15,210.3 1 0
github.com/subhasundardass/retui/retui/window/window.go:212.2,212.14 1 0
github.com/subhasundardass/retui/retui/window/window.go:215.28,217.2 1 0
github.com/subhasundardass/retui/retui/window/window.go:219.39,221.2 1 0
github.com/subhasundardass/retui/retui/window/window.go:228.26,230.2 1 0
github.com/subhasundardass/retui/retui/window/window.go:233.35,237.2 3 0
github.com/subhasundardass/retui/retui/window/window.go:244.35,248.2 3 0
github.com/subhasundardass/retui/retui/window/window.go:251.33,255.2 3 0
github.com/subhasundardass/retui/retui/window/window.go:258.34,260.2 1 0
github.com/subhasundardass/retui/retui/window/window.go:263.36,267.2 3 0
github.com/subhasundardass/retui/retui/window/window.go:270.35,274.2 3 0
github.com/subhasundardass/retui/retui/window/window.go:277.39,281.2 3 0
github.com/subhasundardass/retui/retui/window/window.go:284.37,288.2 3 0
github.com/subhasundardass/retui/retui/window/window.go:291.51,295.2 3 0
github.com/subhasundardass/retui/retui/window/window.go:298.47,302.2 3 0
github.com/subhasundardass/retui/retui/window/window.go:306.38,310.2 3 0
github.com/subhasundardass/retui/retui/window/window.go:319.35,326.18 5 0
github.com/subhasundardass/retui/retui/window/window.go:326.18,328.3 1 0
github.com/subhasundardass/retui/retui/window/window.go:329.2,329.19 1 0
github.com/subhasundardass/retui/retui/window/window.go:329.19,331.3 1 0
github.com/subhasundardass/retui/retui/window/window.go:336.2,336.27 1 0
github.com/subhasundardass/retui/retui/window/window.go:336.27,338.3 1 0
github.com/subhasundardass/retui/retui/window/window.go:339.2,339.29 1 0
github.com/subhasundardass/retui/retui/window/window.go:339.29,341.3 1 0
github.com/subhasundardass/retui/retui/window/window.go:343.2,346.13 3 0
github.com/subhasundardass/retui/retui/window/window.go:346.13,348.3 1 0
github.com/subhasundardass/retui/retui/window/window.go:349.2,349.13 1 0
github.com/subhasundardass/retui/retui/window/window.go:349.13,351.3 1 0
github.com/subhasundardass/retui/retui/window/window.go:353.2,353.10 1 0
github.com/subhasundardass/retui/retui/window/window.go:357.62,362.13 4 0
github.com/subhasundardass/retui/retui/window/window.go:362.13,364.3 1 0
github.com/subhasundardass/retui/retui/window/window.go:365.2,365.31 1 0
github.com/subhasundardass/retui/retui/window/window.go:365.31,367.3 1 0
github.com/subhasundardass/retui/retui/window/window.go:368.2,368.10 1 0
github.com/subhasundardass/retui/retui/window/window.go:372.61,377.13 4 0
github.com/subhasundardass/retui/retui/window/window.go:377.13,379.3 1 0
github.com/subhasundardass/retui/retui/window/window.go:380.2,380.33 1 0
github.com/subhasundardass/retui/retui/window/window.go:380.33,382.3 1 0
github.com/subhasundardass/retui/retui/window/window.go:383.2,383.10 1 0
github.com/subhasundardass/retui/retui/window/window.go:387.43,393.2 5 0
github.com/subhasundardass/retui/retui/window/window.go:396.45,402.2 5 0
github.com/subhasundardass/retui/retui/window/window.go:405.54,411.2 5 0
github.com/subhasundardass/retui/retui/window/window.go:419.60,426.2 5 0
github.com/subhasundardass/retui/retui/window/window.go:429.45,433.2 3 0
github.com/subhasundardass/retui/retui/window/window.go:437.41,443.15 5 0
github.com/subhasundardass/retui/retui/window/window.go:443.15,445.3 1 0
github.com/subhasundardass/retui/retui/window/window.go:447.2,447.16 1 0
github.com/subhasundardass/retui/retui/window/window.go:455.34,460.2 3 0
github.com/subhasundardass/retui/retui/window/window.go:464.34,482.2 3 0
github.com/subhasundardass/retui/retui/window/window.go:493.26,499.2 4 0
github.com/subhasundardass/retui/retui/window/window.go:502.27,505.21 2 0
github.com/subhasundardass/retui/retui/window/window.go:505.21,507.17 2 0
github.com/subhasundardass/retui/retui/window/window.go:507.17,511.4 3 0
github.com/subhasundardass/retui/retui/window/window.go:515.2,516.21 2 0
github.com/subhasundardass/retui/retui/window/window.go:516.21,519.17 3 0
github.com/subhasundardass/retui/retui/window/window.go:519.17,522.4 2 0
github.com/subhasundardass/retui/retui/window/window.go:531.62,542.40 2 0
github.com/subhasundardass/retui/retui/window/window.go:542.40,543.64 1 0
github.com/subhasundardass/retui/retui/window/window.go:543.64,546.4 2 0
github.com/subhasundardass/retui/retui/window/window.go:547.3,547.15 1 0
github.com/subhasundardass/retui/retui/window/window.go:550.2,550.10 1 0
